### Initial Prob Right
0.41099982200935264	0.1618129156486141	0.1974110451287196	0.12297859257940809	0.10679762463390559
### Initial Prob Left
0.0711994951538001	0.0970890438666041	0.0841442695102021	0.0873804630993026	0.6601867283700911
### Transition Prob Right
0.03715064397163072	0.33546463105260427	0.18691410762990524	0.13486164380606436	0.3056089735397954
0.4295730640839327	0.01886040884214866	0.2563237711542812	0.14815390652415167	0.14708884939548578
0.31252171275325746	0.3346853437992027	0.01970103434624024	0.16189593784101025	0.17119597126028924
0.3123193996148877	0.267937386047876	0.22423755532954348	0.011155736124451017	0.18434992288324178
0.48150368812912064	0.18097682424078954	0.1613202706434423	0.12541975955939835	0.05077945742724926
### Transition Prob Left
0.03715064397163072	0.33546463105260427	0.18691410762990524	0.13486164380606436	0.3056089735397954
0.4295730640839327	0.01886040884214866	0.2563237711542812	0.14815390652415167	0.14708884939548578
0.31252171275325746	0.3346853437992027	0.01970103434624024	0.16189593784101025	0.17119597126028924
0.3123193996148877	0.267937386047876	0.22423755532954348	0.011155736124451017	0.18434992288324178
0.48150368812912064	0.18097682424078954	0.1613202706434423	0.12541975955939835	0.05077945742724926
### Transition Prob 2nd Right
0.10838852877349488	0.34307223592781355	0.16305380995803495	0.09990598514141107	0.2855794401992455
0.2580511180700311	0.01369086405360575	0.349375058503589	0.18767826902497822	0.19120469034779589
0.32716100904391504	0.3162742550133735	0.0160976011456215	0.10365687928869484	0.23681025550839513
0.37590287931960825	0.3285602885963051	0.16473170489441116	0.009933043128842151	0.12087208406083327
0.4604208818288487	0.193777169475758	0.1765042391603068	0.12113934993727124	0.04815835959781525
0.03792065894346834	0.3365975266700889	0.1883008677203699	0.13131577994692678	0.3058651667191461
0.3142850340176547	0.1000005952345522	0.32142784864375806	0.12976232284331643	0.1345241992607187
0.29564229988592683	0.22405843956752214	0.015569359150491801	0.27563708983339574	0.1890928115626635
0.3835841991082838	0.1990963862226007	0.17740965556501836	0.009488095264988504	0.2304216638391085
0.5161484490033142	0.18068252537894164	0.13330291491246576	0.09323591313534951	0.07663019756992871
0.032264158772771924	0.3370943038538307	0.22305108958826483	0.1557254962115366	0.25186495157359584
0.5855713230893859	0.023468134085991268	0.20304215426242753	0.11064758337784293	0.07727080518435236
0.25898159444914337	0.26796356314698244	0.17964087095156475	0.14520999094318157	0.14820398050912795
0.22959364473782384	0.2117943079878569	0.23876300003326137	0.011686613010955582	0.30816243423010226
0.5312443353035502	0.1506283778375126	0.17249098597780513	0.10759174764008636	0.03804455324104558
0.02735495009358058	0.3252902417482311	0.21548386097815417	0.16077421885534265	0.2710967283246914
0.5441284437464713	0.016388651038452082	0.1913997959706841	0.10073680594135771	0.14734630330303464
0.20061228109825216	0.5706821801889247	0.017468199650459523	0.11273193523146474	0.09850540383089874
0.2799985454809913	0.2290903801749059	0.23636297521863242	0.07272958673478663	0.1818185123906838
0.4651874970486524	0.13441694002093119	0.1372721971533086	0.2249066276008921	0.03821673817621548
0.034573301411084716	0.3350068076772	0.15409631615235161	0.11986538114291957	0.3564581936164441
0.558044227301175	0.01710321091023845	0.13455431016020117	0.14832757051039008	0.14197068111799518
0.43260221604435145	0.3695392065789507	0.016828304582437035	0.09297986318216624	0.08805040961209448
0.20454048838628203	0.33398806593749625	0.37415392473922204	0.010914853836658113	0.0764026671003415
0.45960627836714424	0.2745631152753404	0.12063340438481338	0.09497845256972552	0.05021874940297653
### Transition Prob 2nd Left
0.10838852877349488	0.34307223592781355	0.16305380995803495	0.09990598514141107	0.2855794401992455
0.2580511180700311	0.01369086405360575	0.349375058503589	0.18767826902497822	0.19120469034779589
0.32716100904391504	0.3162742550133735	0.0160976011456215	0.10365687928869484	0.23681025550839513
0.37590287931960825	0.3285602885963051	0.16473170489441116	0.009933043128842151	0.12087208406083327
0.4604208818288487	0.193777169475758	0.1765042391603068	0.12113934993727124	0.04815835959781525
0.03792065894346834	0.3365975266700889	0.1883008677203699	0.13131577994692678	0.3058651667191461
0.3142850340176547	0.1000005952345522	0.32142784864375806	0.12976232284331643	0.1345241992607187
0.29564229988592683	0.22405843956752214	0.015569359150491801	0.27563708983339574	0.1890928115626635
0.3835841991082838	0.1990963862226007	0.17740965556501836	0.009488095264988504	0.2304216638391085
0.5161484490033142	0.18068252537894164	0.13330291491246576	0.09323591313534951	0.07663019756992871
0.032264158772771924	0.3370943038538307	0.22305108958826483	0.1557254962115366	0.25186495157359584
0.5855713230893859	0.023468134085991268	0.20304215426242753	0.11064758337784293	0.07727080518435236
0.25898159444914337	0.26796356314698244	0.17964087095156475	0.14520999094318157	0.14820398050912795
0.22959364473782384	0.2117943079878569	0.23876300003326137	0.011686613010955582	0.30816243423010226
0.5312443353035502	0.1506283778375126	0.17249098597780513	0.10759174764008636	0.03804455324104558
0.02735495009358058	0.3252902417482311	0.21548386097815417	0.16077421885534265	0.2710967283246914
0.5441284437464713	0.016388651038452082	0.1913997959706841	0.10073680594135771	0.14734630330303464
0.20061228109825216	0.5706821801889247	0.017468199650459523	0.11273193523146474	0.09850540383089874
0.2799985454809913	0.2290903801749059	0.23636297521863242	0.07272958673478663	0.1818185123906838
0.4651874970486524	0.13441694002093119	0.1372721971533086	0.2249066276008921	0.03821673817621548
0.034573301411084716	0.3350068076772	0.15409631615235161	0.11986538114291957	0.3564581936164441
0.558044227301175	0.01710321091023845	0.13455431016020117	0.14832757051039008	0.14197068111799518
0.43260221604435145	0.3695392065789507	0.016828304582437035	0.09297986318216624	0.08805040961209448
0.20454048838628203	0.33398806593749625	0.37415392473922204	0.010914853836658113	0.0764026671003415
0.45960627836714424	0.2745631152753404	0.12063340438481338	0.09497845256972552	0.05021874940297653
### Output Prob Right
1 1	4.663976795782644e-07	0.0018660571159926356	0.0013996594364143714	4.663976795782644e-07	0.0018660571159926356	4.663976795782644e-07	4.663976795782644e-07	0.0004668640772578426	0.0004668640772578426	0.0018660571159926356	4.663976795782644e-07	4.663976795782644e-07	0.0004668640772578426	0.0018660571159926356	4.663976795782644e-07	4.663976795782644e-07	0.0004668640772578426	4.663976795782644e-07	0.0004668640772578426	0.0004668640772578426	4.663976795782644e-07	4.663976795782644e-07	0.0013996594364143714	0.0004668640772578426	4.663976795782644e-07	0.015857987503340568	4.663976795782644e-07	0.0004668640772578426	0.006063636232197015	4.663976795782644e-07	0.0027988524751491645	0.00979481766882313	0.0037316478343056934	0.0051308408730404865	0.019122771260388416	0.0023324547955709	0.0018660571159926356	0.022853952697014533	0.0013996594364143714	0.00653003391177528	0.012126806066714452	0.008395624630088337	0.01958916893996668	0.10400714894363254	0.021921157337858002	0.01725718054207536	0.41043042442655225	0.01725718054207536	0.021921157337858002	0.10400714894363254	0.01958916893996668	0.008395624630088337	0.012126806066714452	0.00653003391177528	0.0013996594364143714	0.022853952697014533	0.0018660571159926356	0.0023324547955709	0.019122771260388416	0.0051308408730404865	0.0037316478343056934	0.00979481766882313	0.0027988524751491645	4.663976795782644e-07	0.006063636232197015	0.0004668640772578426	4.663976795782644e-07	0.015857987503340568	4.663976795782644e-07	0.0004668640772578426	0.0013996594364143714	4.663976795782644e-07	4.663976795782644e-07	0.0004668640772578426	0.0004668640772578426	4.663976795782644e-07	0.0004668640772578426	4.663976795782644e-07	4.663976795782644e-07	0.0018660571159926356	0.0004668640772578426	4.663976795782644e-07	4.663976795782644e-07	0.0018660571159926356	0.0004668640772578426	0.0004668640772578426	4.663976795782644e-07	4.663976795782644e-07	0.0018660571159926356	4.663976795782644e-07	0.0013996594364143714	0.0018660571159926356	4.663976795782644e-07
1 2	5.165264443719355e-08	0.00015500958595601784	5.170429708163074e-05	5.165264443719355e-08	5.165264443719355e-08	5.170429708163074e-05	5.165264443719355e-08	5.165264443719355e-08	5.165264443719355e-08	0.00010335694151882428	5.165264443719355e-08	5.165264443719355e-08	5.165264443719355e-08	0.00010335694151882428	5.165264443719355e-08	5.170429708163074e-05	0.00010335694151882428	5.165264443719355e-08	5.165264443719355e-08	0.00010335694151882428	5.165264443719355e-08	5.170429708163074e-05	5.165264443719355e-08	0.00010335694151882428	5.165264443719355e-08	0.0005165780970163727	5.170429708163074e-05	0.00030996751926759845	0.00020666223039321135	0.0007231886747651469	0.0004132728081419856	0.0004132728081419856	0.0009814518969511144	0.0005682307414535662	0.00149797834132305	0.000361620163704792	0.0005682307414535662	0.002892599741127276	0.0015496309857602436	0.0007748413192023404	0.004958705518615018	0.00862604327365576	0.0017045889190718242	0.02133259380520537	0.030423459226151438	0.01255164425088247	0.023140436360507145	0.05593986557812505	0.03987589315815786	0.20800525080122287	0.06874972139854905	0.04545437875737476	0.1315593370341764	0.08093974548572673	0.03135320682602092	0.1084706049707509	0.0491217165124155	0.010278927895645953	0.030733375092774597	0.010278927895645953	0.003202515607750437	0.00382234734099676	0.002634336518941308	0.0005682307414535662	0.0007231886747651469	0.000361620163704792	0.00010335694151882428	0.001136409830262695	0.00020666223039321135	5.170429708163074e-05	0.00020666223039321135	0.00015500958595601784	5.170429708163074e-05	0.00010335694151882428	5.165264443719355e-08	5.165264443719355e-08	0.00010335694151882428	5.165264443719355e-08	5.165264443719355e-08	5.165264443719355e-08	5.170429708163074e-05	5.165264443719355e-08	5.165264443719355e-08	5.165264443719355e-08	5.165264443719355e-08	5.165264443719355e-08	0.00020666223039321135	5.165264443719355e-08	0.00010335694151882428	5.165264443719355e-08	5.165264443719355e-08	5.165264443719355e-08	5.165264443719355e-08
1 3	9.270338171739132e-08	9.270338171739132e-08	9.270338171739132e-08	9.270338171739132e-08	9.270338171739132e-08	9.270338171739132e-08	9.270338171739132e-08	9.270338171739132e-08	9.270338171739132e-08	9.270338171739132e-08	9.270338171739132e-08	9.270338171739132e-08	9.270338171739132e-08	9.270338171739132e-08	9.270338171739132e-08	9.270338171739132e-08	0.00018549946681650003	9.270338171739132e-08	0.00018549946681650003	0.00018549946681650003	9.27960850991087e-05	9.270338171739132e-08	9.27960850991087e-05	9.270338171739132e-08	9.27960850991087e-05	0.0005563129936860653	9.270338171739132e-08	9.270338171739132e-08	0.00018549946681650003	0.00018549946681650003	0.0014833468108599783	0.00018549946681650003	9.27960850991087e-05	9.270338171739132e-08	0.0010198299022730218	9.270338171739132e-08	0.00018549946681650003	0.0039863381172295445	0.0014833468108599783	0.00046360961196867395	0.006674736187033893	0.012793159380381721	0.0013906434291425871	0.04412690240085999	0.02484459900364259	0.002781194154903457	0.016872108175946938	0.027903810600316502	0.01344208305240346	0.03253897968618607	0.04282905505681651	0.025308115912229548	0.19588233827222962	0.06832248502909911	0.03263168306790346	0.14081652953209914	0.04885477486844694	0.021785387406968677	0.09743134688836	0.028460030890620852	0.020765650208077375	0.025864336202533894	0.021414573880099114	0.008899617348251286	0.006396626041881719	0.006860142950468676	0.00046360961196867395	0.005469592224707805	0.0005563129936860653	0.00018549946681650003	0.00018549946681650003	0.0014833468108599783	9.270338171739132e-08	0.000741719757120848	9.27960850991087e-05	9.270338171739132e-08	0.001668753574294761	0.0003709062302512826	9.270338171739132e-08	0.0003709062302512826	9.270338171739132e-08	9.270338171739132e-08	0.00027820284853389133	9.270338171739132e-08	9.27960850991087e-05	9.27960850991087e-05	0.000741719757120848	9.270338171739132e-08	0.0003709062302512826	9.270338171739132e-08	9.27960850991087e-05	9.27960850991087e-05	9.27960850991087e-05
1 4	1.2848362469779044e-07	1.2848362469779044e-07	1.2848362469779044e-07	1.2848362469779044e-07	1.2848362469779044e-07	1.2848362469779044e-07	1.2848362469779044e-07	1.2848362469779044e-07	1.2848362469779044e-07	1.2848362469779044e-07	1.2848362469779044e-07	1.2848362469779044e-07	1.2848362469779044e-07	1.2848362469779044e-07	1.2848362469779044e-07	0.00012861210832248822	1.2848362469779044e-07	1.2848362469779044e-07	1.2848362469779044e-07	0.0005140629824158595	1.2848362469779044e-07	0.00012861210832248822	0.0005140629824158595	1.2848362469779044e-07	1.2848362469779044e-07	0.00064254660711365	0.00012861210832248822	1.2848362469779044e-07	0.00012861210832248822	0.00012861210832248822	0.0017988992293937638	1.2848362469779044e-07	0.00025709573302027864	0.00012861210832248822	0.0025698009775805063	0.00012861210832248822	0.0007710302318114404	0.001541931979998183	0.0029552518516738776	0.0007710302318114404	0.004111604473953992	0.007580662340794334	1.2848362469779044e-07	0.016189065195546293	0.008608531338376657	0.0010279974812070212	0.008351564088981077	0.010921236582936885	0.0019273828540915543	0.033020420030956836	0.007709145965492124	0.006809760592607591	0.02376959905271593	0.014390294449777227	0.006809760592607591	0.12128867019833887	0.031093165660489985	0.02980832941351208	0.13863395953254057	0.0429136591326867	0.04496939712785135	0.09289378914012718	0.06077288296567957	0.024026566302111512	0.05409173448139447	0.04458394625375798	0.008223080464283286	0.0994464539997145	0.006809760592607591	0.0005140629824158595	0.00642430971851422	0.007323695091398753	0.001541931979998183	0.0023128337281849254	0.0037261535998606202	0.00025709573302027864	0.002441317352882716	0.0016704156046959734	1.2848362469779044e-07	0.0020558664787893445	0.0007710302318114404	0.00012861210832248822	0.0003855793577180691	0.0003855793577180691	1.2848362469779044e-07	0.00025709573302027864	0.0003855793577180691	1.2848362469779044e-07	0.0005140629824158595	1.2848362469779044e-07	1.2848362469779044e-07	0.004111604473953992	0.0007710302318114404
1 5	5.669868611567676e-08	5.675538480179243e-05	5.669868611567676e-08	5.669868611567676e-08	5.669868611567676e-08	5.669868611567676e-08	5.669868611567676e-08	5.669868611567676e-08	5.669868611567676e-08	5.669868611567676e-08	5.669868611567676e-08	5.669868611567676e-08	5.669868611567676e-08	5.669868611567676e-08	5.669868611567676e-08	0.0005670435598428832	5.669868611567676e-08	5.669868611567676e-08	0.00022685144314882268	0.00011345407091746919	5.675538480179243e-05	5.669868611567676e-08	5.675538480179243e-05	5.669868611567676e-08	5.669868611567676e-08	0.0011907291071153274	5.669868611567676e-08	0.0002835501292644994	5.669868611567676e-08	5.669868611567676e-08	0.00022685144314882268	0.00011345407091746919	0.00039694750149585296	5.669868611567676e-08	0.0014742225376937112	5.675538480179243e-05	0.0010206330487682973	0.0007371396181899135	0.0003402488153801762	0.0006804409320742367	0.0009072356765369437	0.00039694750149585296	0.00022685144314882268	0.0006804409320742367	0.0002835501292644994	0.0015876199099250647	0.007540981952071125	0.0006804409320742367	0.0007371396181899135	0.0038555673545521353	0.0009639343626526204	0.0025514975738915695	0.005726623996369469	0.0020412093988504787	0.0013608251654623578	0.018030238883471324	0.0038555673545521353	0.008164667499343569	0.09570743886194848	0.016952963847273465	0.027725714209252048	0.08425430426658177	0.026761836545285543	0.034926447345942996	0.07523921317418918	0.024267094356195767	0.014004632169258275	0.3482433868211728	0.012303671585787972	0.0107728070606647	0.029710168223300738	0.009071846477194397	0.005783322682485145	0.016442675672232374	0.010035724141160902	0.0027215936322386	0.02489077990346821	0.007540981952071125	0.001757715968272095	0.01236037027190365	0.002438100201660216	0.0023814015155445394	0.005216335821328378	0.0021546067710818324	0.0005103448737272065	0.004082362099014842	0.004422554215708903	5.675538480179243e-05	0.004932842390749994	0.0002835501292644994	0.002438100201660216	0.010149121513392256	0.002268004143313186
2 1	5.165264443719355e-08	5.165264443719355e-08	5.165264443719355e-08	5.165264443719355e-08	0.00010335694151882428	5.165264443719355e-08	0.00020666223039321135	5.165264443719355e-08	5.165264443719355e-08	5.165264443719355e-08	5.165264443719355e-08	5.165264443719355e-08	5.170429708163074e-05	5.165264443719355e-08	5.165264443719355e-08	5.165264443719355e-08	0.00010335694151882428	5.165264443719355e-08	5.165264443719355e-08	0.00010335694151882428	5.170429708163074e-05	0.00015500958595601784	0.00020666223039321135	5.170429708163074e-05	0.00020666223039321135	0.001136409830262695	0.00010335694151882428	0.000361620163704792	0.0007231886747651469	0.0005682307414535662	0.002634336518941308	0.00382234734099676	0.003202515607750437	0.010278927895645953	0.030733375092774597	0.010278927895645953	0.0491217165124155	0.1084706049707509	0.03135320682602092	0.08093974548572673	0.1315593370341764	0.04545437875737476	0.06874972139854905	0.20800525080122287	0.03987589315815786	0.05593986557812505	0.023140436360507145	0.01255164425088247	0.030423459226151438	0.02133259380520537	0.0017045889190718242	0.00862604327365576	0.004958705518615018	0.0007748413192023404	0.0015496309857602436	0.002892599741127276	0.0005682307414535662	0.000361620163704792	0.00149797834132305	0.0005682307414535662	0.0009814518969511144	0.0004132728081419856	0.0004132728081419856	0.0007231886747651469	0.00020666223039321135	0.00030996751926759845	5.170429708163074e-05	0.0005165780970163727	5.165264443719355e-08	0.00010335694151882428	5.165264443719355e-08	5.170429708163074e-05	5.165264443719355e-08	0.00010335694151882428	5.165264443719355e-08	5.165264443719355e-08	0.00010335694151882428	5.170429708163074e-05	5.165264443719355e-08	0.00010335694151882428	5.165264443719355e-08	5.165264443719355e-08	5.165264443719355e-08	0.00010335694151882428	5.165264443719355e-08	5.165264443719355e-08	5.165264443719355e-08	5.170429708163074e-05	5.165264443719355e-08	5.165264443719355e-08	5.170429708163074e-05	0.00015500958595601784	5.165264443719355e-08
2 2	1.1763418825940227e-06	1.1763418825940227e-06	0.0011775182244766166	1.1763418825940227e-06	1.1763418825940227e-06	1.1763418825940227e-06	1.1763418825940227e-06	1.1763418825940227e-06	1.1763418825940227e-06	1.1763418825940227e-06	1.1763418825940227e-06	1.1763418825940227e-06	1.1763418825940227e-06	0.002353860107070639	1.1763418825940227e-06	1.1763418825940227e-06	1.1763418825940227e-06	1.1763418825940227e-06	1.1763418825940227e-06	1.1763418825940227e-06	1.1763418825940227e-06	1.1763418825940227e-06	0.0011775182244766166	0.0011775182244766166	0.0011775182244766166	0.010588253285228796	1.1763418825940227e-06	1.1763418825940227e-06	0.0035302019896646616	0.0011775182244766166	0.002353860107070639	0.0011775182244766166	0.0011775182244766166	0.0011775182244766166	0.0035302019896646616	0.0011775182244766166	0.011764595167822819	0.019998988345980975	0.005882885754852706	0.009411911402634775	0.01646996269819891	0.007059227637446729	0.014117278933010865	0.03058606528932718	0.014117278933010865	0.009411911402634775	0.6563999468293472	0.009411911402634775	0.014117278933010865	0.03058606528932718	0.014117278933010865	0.007059227637446729	0.01646996269819891	0.009411911402634775	0.005882885754852706	0.019998988345980975	0.011764595167822819	0.0011775182244766166	0.0035302019896646616	0.0011775182244766166	0.0011775182244766166	0.0011775182244766166	0.002353860107070639	0.0011775182244766166	0.0035302019896646616	1.1763418825940227e-06	1.1763418825940227e-06	0.010588253285228796	0.0011775182244766166	0.0011775182244766166	0.0011775182244766166	1.1763418825940227e-06	1.1763418825940227e-06	1.1763418825940227e-06	1.1763418825940227e-06	1.1763418825940227e-06	1.1763418825940227e-06	1.1763418825940227e-06	1.1763418825940227e-06	0.002353860107070639	1.1763418825940227e-06	1.1763418825940227e-06	1.1763418825940227e-06	1.1763418825940227e-06	1.1763418825940227e-06	1.1763418825940227e-06	1.1763418825940227e-06	1.1763418825940227e-06	1.1763418825940227e-06	1.1763418825940227e-06	0.0011775182244766166	1.1763418825940227e-06	1.1763418825940227e-06
2 3	8.656440006152997e-08	8.656440006152997e-08	8.656440006152997e-08	8.656440006152997e-08	0.00017321536452312146	8.656440006152997e-08	8.656440006152997e-08	8.656440006152997e-08	8.656440006152997e-08	8.656440006152997e-08	8.656440006152997e-08	8.656440006152997e-08	8.656440006152997e-08	8.656440006152997e-08	8.665096446159149e-05	8.656440006152997e-08	8.656440006152997e-08	8.656440006152997e-08	8.665096446159149e-05	8.656440006152997e-08	8.656440006152997e-08	8.656440006152997e-08	8.656440006152997e-08	8.656440006152997e-08	8.656440006152997e-08	8.665096446159149e-05	8.656440006152997e-08	8.656440006152997e-08	8.656440006152997e-08	8.656440006152997e-08	8.656440006152997e-08	8.665096446159149e-05	8.665096446159149e-05	8.665096446159149e-05	0.0002597797645846514	0.0002597797645846514	8.665096446159149e-05	0.0005194729647692413	0.0002597797645846514	0.00017321536452312146	0.0008657305650153612	0.00043290856470771133	0.0009522949650768911	0.0017313745656306607	0.0005194729647692413	0.03930032419233467	0.02873946738482801	0.08422724782426871	0.10508926823909745	0.3531828388154424	0.09227773702999101	0.09028675582857582	0.08786295262685298	0.05955639380673268	0.013590697374060268	0.019477076578244306	0.009608734971229889	0.0020776321658767805	0.0023373253660613704	0.0009522949650768911	0.00043290856470771133	0.0017313745656306607	0.00043290856470771133	0.00017321536452312146	8.665096446159149e-05	0.00017321536452312146	8.656440006152997e-08	0.00034634416464618135	8.656440006152997e-08	0.00017321536452312146	8.656440006152997e-08	8.656440006152997e-08	8.656440006152997e-08	8.656440006152997e-08	8.656440006152997e-08	8.665096446159149e-05	8.656440006152997e-08	8.656440006152997e-08	8.656440006152997e-08	8.656440006152997e-08	8.656440006152997e-08	8.656440006152997e-08	0.00043290856470771133	8.656440006152997e-08	8.656440006152997e-08	8.656440006152997e-08	8.656440006152997e-08	8.656440006152997e-08	0.0002597797645846514	8.656440006152997e-08	0.00034634416464618135	8.656440006152997e-08	8.656440006152997e-08
2 4	1.4976577381803728e-07	1.4976577381803728e-07	1.4976577381803728e-07	1.4976577381803728e-07	1.4976577381803728e-07	1.4976577381803728e-07	1.4976577381803728e-07	1.4976577381803728e-07	1.4976577381803728e-07	1.4976577381803728e-07	1.4976577381803728e-07	1.4976577381803728e-07	1.4976577381803728e-07	1.4976577381803728e-07	0.00014991553959185528	1.4976577381803728e-07	0.00029968131340989254	1.4976577381803728e-07	1.4976577381803728e-07	1.4976577381803728e-07	0.00014991553959185528	1.4976577381803728e-07	1.4976577381803728e-07	1.4976577381803728e-07	1.4976577381803728e-07	1.4976577381803728e-07	1.4976577381803728e-07	1.4976577381803728e-07	1.4976577381803728e-07	0.00014991553959185528	0.00014991553959185528	0.000599212861045967	1.4976577381803728e-07	0.00029968131340989254	0.00029968131340989254	1.4976577381803728e-07	1.4976577381803728e-07	0.000599212861045967	0.00014991553959185528	0.00014991553959185528	0.0004494470872279298	0.00029968131340989254	0.0010485101825000787	0.0010485101825000787	0.0007489786348640042	0.0043433572064968985	0.00644007803994942	0.002246636373044377	0.03055236762465342	0.01752274530248418	0.044181053042094805	0.1048361914383999	0.2974349765683958	0.07563186554388263	0.06035575661444283	0.21386567477793103	0.05526372030462957	0.012880006314125024	0.03414674619628631	0.012280943218852874	0.0038940598850427865	0.0032949967897706375	0.002845699468316526	0.0013480417301361533	0.0014978075039541905	0.000599212861045967	0.0004494470872279298	0.0025461679206804514	0.000599212861045967	0.0007489786348640042	1.4976577381803728e-07	0.00014991553959185528	0.000599212861045967	0.00014991553959185528	1.4976577381803728e-07	0.00014991553959185528	0.00029968131340989254	0.000599212861045967	1.4976577381803728e-07	0.00029968131340989254	0.00014991553959185528	1.4976577381803728e-07	0.00014991553959185528	1.4976577381803728e-07	1.4976577381803728e-07	0.00014991553959185528	1.4976577381803728e-07	1.4976577381803728e-07	0.0007489786348640042	1.4976577381803728e-07	1.4976577381803728e-07	0.00014991553959185528	1.4976577381803728e-07
2 5	1.508501992655707e-07	1.508501992655707e-07	1.508501992655707e-07	1.508501992655707e-07	1.508501992655707e-07	1.508501992655707e-07	1.508501992655707e-07	1.508501992655707e-07	1.508501992655707e-07	1.508501992655707e-07	1.508501992655707e-07	1.508501992655707e-07	1.508501992655707e-07	1.508501992655707e-07	1.508501992655707e-07	1.508501992655707e-07	1.508501992655707e-07	1.508501992655707e-07	1.508501992655707e-07	0.00015100104946483625	1.508501992655707e-07	1.508501992655707e-07	1.508501992655707e-07	1.508501992655707e-07	1.508501992655707e-07	1.508501992655707e-07	1.508501992655707e-07	1.508501992655707e-07	1.508501992655707e-07	1.508501992655707e-07	1.508501992655707e-07	0.00015100104946483625	1.508501992655707e-07	1.508501992655707e-07	0.0004527014479959777	0.00015100104946483625	0.00015100104946483625	0.001206952444323831	1.508501992655707e-07	0.00030185124873040694	0.00030185124873040694	1.508501992655707e-07	1.508501992655707e-07	0.0010561022450582603	1.508501992655707e-07	0.0010561022450582603	0.003620555632572962	0.0009052520457926897	0.003620555632572962	0.006486709418618806	0.0015086528428549725	0.023834482334159437	0.012219016990710494	0.009956264001726932	0.038466951662919795	0.22295674536471277	0.017498773965005467	0.054909623382867	0.2550878378082793	0.03182954289523469	0.06335723454173896	0.07768800347196818	0.04178565604676235	0.036656749271732944	0.021119178747379164	0.0075426608134778	0.0022629038391828262	0.018705575559130033	0.001810353241386114	0.0019612034406516848	0.004223956429635245	0.000754401846527119	0.0022629038391828262	0.0028663046362451088	0.0019612034406516848	0.0004527014479959777	0.005581608223025381	0.0039222560311041035	0.0006035516472615483	0.0045256568281663865	0.0006035516472615483	0.0016595030421205433	0.0022629038391828262	1.508501992655707e-07	0.00015100104946483625	0.0009052520457926897	0.000754401846527119	0.0004527014479959777	0.0009052520457926897	1.508501992655707e-07	0.000754401846527119	0.0025646042377139673	0.0010561022450582603
3 1	9.27960850991087e-05	9.27960850991087e-05	9.27960850991087e-05	9.270338171739132e-08	0.0003709062302512826	9.270338171739132e-08	0.000741719757120848	9.27960850991087e-05	9.27960850991087e-05	9.270338171739132e-08	0.00027820284853389133	9.270338171739132e-08	9.270338171739132e-08	0.0003709062302512826	9.270338171739132e-08	0.0003709062302512826	0.001668753574294761	9.270338171739132e-08	9.27960850991087e-05	0.000741719757120848	9.270338171739132e-08	0.0014833468108599783	0.00018549946681650003	0.00018549946681650003	0.0005563129936860653	0.005469592224707805	0.00046360961196867395	0.006860142950468676	0.006396626041881719	0.008899617348251286	0.021414573880099114	0.025864336202533894	0.020765650208077375	0.028460030890620852	0.09743134688836	0.021785387406968677	0.04885477486844694	0.14081652953209914	0.03263168306790346	0.06832248502909911	0.19588233827222962	0.025308115912229548	0.04282905505681651	0.03253897968618607	0.01344208305240346	0.027903810600316502	0.016872108175946938	0.002781194154903457	0.02484459900364259	0.04412690240085999	0.0013906434291425871	0.012793159380381721	0.006674736187033893	0.00046360961196867395	0.0014833468108599783	0.0039863381172295445	0.00018549946681650003	9.270338171739132e-08	0.0010198299022730218	9.270338171739132e-08	9.27960850991087e-05	0.00018549946681650003	0.0014833468108599783	0.00018549946681650003	0.00018549946681650003	9.270338171739132e-08	9.270338171739132e-08	0.0005563129936860653	9.27960850991087e-05	9.270338171739132e-08	9.27960850991087e-05	9.270338171739132e-08	9.27960850991087e-05	0.00018549946681650003	0.00018549946681650003	9.270338171739132e-08	0.00018549946681650003	9.270338171739132e-08	9.270338171739132e-08	9.270338171739132e-08	9.270338171739132e-08	9.270338171739132e-08	9.270338171739132e-08	9.270338171739132e-08	9.270338171739132e-08	9.270338171739132e-08	9.270338171739132e-08	9.270338171739132e-08	9.270338171739132e-08	9.270338171739132e-08	9.270338171739132e-08	9.270338171739132e-08	9.270338171739132e-08
3 2	8.656440006152997e-08	8.656440006152997e-08	0.00034634416464618135	8.656440006152997e-08	0.0002597797645846514	8.656440006152997e-08	8.656440006152997e-08	8.656440006152997e-08	8.656440006152997e-08	8.656440006152997e-08	0.00043290856470771133	8.656440006152997e-08	8.656440006152997e-08	8.656440006152997e-08	8.656440006152997e-08	8.656440006152997e-08	8.656440006152997e-08	8.665096446159149e-05	8.656440006152997e-08	8.656440006152997e-08	8.656440006152997e-08	8.656440006152997e-08	8.656440006152997e-08	0.00017321536452312146	8.656440006152997e-08	0.00034634416464618135	8.656440006152997e-08	0.00017321536452312146	8.665096446159149e-05	0.00017321536452312146	0.00043290856470771133	0.0017313745656306607	0.00043290856470771133	0.0009522949650768911	0.0023373253660613704	0.0020776321658767805	0.009608734971229889	0.019477076578244306	0.013590697374060268	0.05955639380673268	0.08786295262685298	0.09028675582857582	0.09227773702999101	0.3531828388154424	0.10508926823909745	0.08422724782426871	0.02873946738482801	0.03930032419233467	0.0005194729647692413	0.0017313745656306607	0.0009522949650768911	0.00043290856470771133	0.0008657305650153612	0.00017321536452312146	0.0002597797645846514	0.0005194729647692413	8.665096446159149e-05	0.0002597797645846514	0.0002597797645846514	8.665096446159149e-05	8.665096446159149e-05	8.665096446159149e-05	8.656440006152997e-08	8.656440006152997e-08	8.656440006152997e-08	8.656440006152997e-08	8.656440006152997e-08	8.665096446159149e-05	8.656440006152997e-08	8.656440006152997e-08	8.656440006152997e-08	8.656440006152997e-08	8.656440006152997e-08	8.656440006152997e-08	8.665096446159149e-05	8.656440006152997e-08	8.656440006152997e-08	8.656440006152997e-08	8.665096446159149e-05	8.656440006152997e-08	8.656440006152997e-08	8.656440006152997e-08	8.656440006152997e-08	8.656440006152997e-08	8.656440006152997e-08	8.656440006152997e-08	8.656440006152997e-08	8.656440006152997e-08	0.00017321536452312146	8.656440006152997e-08	8.656440006152997e-08	8.656440006152997e-08	8.656440006152997e-08
3 3	1.470387138229625e-06	1.470387138229625e-06	1.470387138229625e-06	1.470387138229625e-06	1.470387138229625e-06	1.470387138229625e-06	1.470387138229625e-06	1.470387138229625e-06	1.470387138229625e-06	1.470387138229625e-06	1.470387138229625e-06	1.470387138229625e-06	1.470387138229625e-06	1.470387138229625e-06	1.470387138229625e-06	1.470387138229625e-06	1.470387138229625e-06	1.470387138229625e-06	1.470387138229625e-06	1.470387138229625e-06	1.470387138229625e-06	1.470387138229625e-06	1.470387138229625e-06	1.470387138229625e-06	1.470387138229625e-06	0.013234954631204854	1.470387138229625e-06	0.0014718575253678545	1.470387138229625e-06	1.470387138229625e-06	1.470387138229625e-06	0.0029422446635974796	0.0014718575253678545	1.470387138229625e-06	0.022057277460582603	0.004412631801827105	0.011764567492975228	0.02499805173704185	1.470387138229625e-06	0.005883018940056729	0.010294180354745604	0.0029422446635974796	0.01470534176943448	0.023527664598812226	0.005883018940056729	0.013234954631204854	0.6822611025256842	0.013234954631204854	0.005883018940056729	0.023527664598812226	0.01470534176943448	0.0029422446635974796	0.010294180354745604	0.005883018940056729	1.470387138229625e-06	0.02499805173704185	0.011764567492975228	0.004412631801827105	0.022057277460582603	1.470387138229625e-06	0.0014718575253678545	0.0029422446635974796	1.470387138229625e-06	1.470387138229625e-06	1.470387138229625e-06	0.0014718575253678545	1.470387138229625e-06	0.013234954631204854	1.470387138229625e-06	1.470387138229625e-06	1.470387138229625e-06	1.470387138229625e-06	1.470387138229625e-06	1.470387138229625e-06	1.470387138229625e-06	1.470387138229625e-06	1.470387138229625e-06	1.470387138229625e-06	1.470387138229625e-06	1.470387138229625e-06	1.470387138229625e-06	1.470387138229625e-06	1.470387138229625e-06	1.470387138229625e-06	1.470387138229625e-06	1.470387138229625e-06	1.470387138229625e-06	1.470387138229625e-06	1.470387138229625e-06	1.470387138229625e-06	1.470387138229625e-06	1.470387138229625e-06	1.470387138229625e-06
3 4	1.7895192510217702e-07	1.7895192510217702e-07	1.7895192510217702e-07	1.7895192510217702e-07	1.7895192510217702e-07	1.7895192510217702e-07	1.7895192510217702e-07	1.7895192510217702e-07	1.7895192510217702e-07	1.7895192510217702e-07	0.00017913087702727917	1.7895192510217702e-07	1.7895192510217702e-07	1.7895192510217702e-07	1.7895192510217702e-07	1.7895192510217702e-07	1.7895192510217702e-07	1.7895192510217702e-07	1.7895192510217702e-07	1.7895192510217702e-07	0.00017913087702727917	1.7895192510217702e-07	1.7895192510217702e-07	1.7895192510217702e-07	1.7895192510217702e-07	0.0005370347272316332	1.7895192510217702e-07	1.7895192510217702e-07	1.7895192510217702e-07	1.7895192510217702e-07	1.7895192510217702e-07	0.00017913087702727917	1.7895192510217702e-07	1.7895192510217702e-07	0.0007159866523338102	1.7895192510217702e-07	0.00017913087702727917	0.00017913087702727917	1.7895192510217702e-07	1.7895192510217702e-07	0.0012528424276403412	0.0007159866523338102	0.0007159866523338102	0.0023265539782534035	0.0005370347272316332	0.04921195835502378	0.018969083012755867	0.06513867968911753	0.12508757459834682	0.48746522293025535	0.07354942016891985	0.09054985305362667	0.03990645824971058	0.02236916958969723	0.004116073229275173	0.006442448255603475	0.0017896982029468724	0.00017913087702727917	0.0030423616786621113	1.7895192510217702e-07	0.00017913087702727917	0.0008949385774359872	0.0003580828021294562	0.00017913087702727917	0.00017913087702727917	0.0003580828021294562	1.7895192510217702e-07	0.0010738905025381642	0.00017913087702727917	1.7895192510217702e-07	1.7895192510217702e-07	1.7895192510217702e-07	1.7895192510217702e-07	1.7895192510217702e-07	1.7895192510217702e-07	1.7895192510217702e-07	0.00017913087702727917	0.00017913087702727917	1.7895192510217702e-07	1.7895192510217702e-07	1.7895192510217702e-07	1.7895192510217702e-07	1.7895192510217702e-07	1.7895192510217702e-07	1.7895192510217702e-07	1.7895192510217702e-07	1.7895192510217702e-07	1.7895192510217702e-07	0.00017913087702727917	1.7895192510217702e-07	1.7895192510217702e-07	0.0005370347272316332	1.7895192510217702e-07
3 5	1.692307093491336e-07	1.692307093491336e-07	1.692307093491336e-07	1.692307093491336e-07	0.0001693999400584827	1.692307093491336e-07	0.0001693999400584827	1.692307093491336e-07	1.692307093491336e-07	1.692307093491336e-07	1.692307093491336e-07	1.692307093491336e-07	1.692307093491336e-07	1.692307093491336e-07	1.692307093491336e-07	1.692307093491336e-07	1.692307093491336e-07	1.692307093491336e-07	1.692307093491336e-07	1.692307093491336e-07	1.692307093491336e-07	1.692307093491336e-07	1.692307093491336e-07	1.692307093491336e-07	1.692307093491336e-07	0.0001693999400584827	1.692307093491336e-07	1.692307093491336e-07	1.692307093491336e-07	1.692307093491336e-07	0.0003386306494076163	1.692307093491336e-07	1.692307093491336e-07	1.692307093491336e-07	0.0005078613587567499	1.692307093491336e-07	1.692307093491336e-07	0.0005078613587567499	0.0003386306494076163	1.692307093491336e-07	0.0011847841961532843	0.0005078613587567499	0.0011847841961532843	0.004230936964437689	0.0001693999400584827	0.00287709128964462	0.006092474767278158	0.0013540149055024178	0.04112323160254881	0.019461700805859714	0.04044630876515228	0.11558474371616759	0.3157846728761926	0.06972322148255239	0.06261553168988877	0.1509539619701365	0.03503092606598	0.00947708895426083	0.06363091594598358	0.005584782639230758	0.004569398383135956	0.006092474767278158	0.0033847834176920204	0.0035540141270411544	0.006261705476627292	0.0027078605802954864	0.0001693999400584827	0.009138627535562563	0.0010155534868041506	0.000846322777455017	0.0015232456148515513	1.692307093491336e-07	0.0011847841961532843	0.0013540149055024178	1.692307093491336e-07	1.692307093491336e-07	0.0030463219989937534	0.000846322777455017	0.0006770920681058834	0.000846322777455017	0.0001693999400584827	0.0001693999400584827	0.0005078613587567499	0.0005078613587567499	0.0001693999400584827	0.0003386306494076163	0.0005078613587567499	1.692307093491336e-07	1.692307093491336e-07	1.692307093491336e-07	1.692307093491336e-07	0.0010155534868041506	0.0001693999400584827
4 1	0.0007710302318114404	0.004111604473953992	1.2848362469779044e-07	1.2848362469779044e-07	0.0005140629824158595	1.2848362469779044e-07	0.0003855793577180691	0.00025709573302027864	1.2848362469779044e-07	0.0003855793577180691	0.0003855793577180691	0.00012861210832248822	0.0007710302318114404	0.0020558664787893445	1.2848362469779044e-07	0.0016704156046959734	0.002441317352882716	0.00025709573302027864	0.0037261535998606202	0.0023128337281849254	0.001541931979998183	0.007323695091398753	0.00642430971851422	0.0005140629824158595	0.006809760592607591	0.0994464539997145	0.008223080464283286	0.04458394625375798	0.05409173448139447	0.024026566302111512	0.06077288296567957	0.09289378914012718	0.04496939712785135	0.0429136591326867	0.13863395953254057	0.02980832941351208	0.031093165660489985	0.12128867019833887	0.006809760592607591	0.014390294449777227	0.02376959905271593	0.006809760592607591	0.007709145965492124	0.033020420030956836	0.0019273828540915543	0.010921236582936885	0.008351564088981077	0.0010279974812070212	0.008608531338376657	0.016189065195546293	1.2848362469779044e-07	0.007580662340794334	0.004111604473953992	0.0007710302318114404	0.0029552518516738776	0.001541931979998183	0.0007710302318114404	0.00012861210832248822	0.0025698009775805063	0.00012861210832248822	0.00025709573302027864	1.2848362469779044e-07	0.0017988992293937638	0.00012861210832248822	0.00012861210832248822	1.2848362469779044e-07	0.00012861210832248822	0.00064254660711365	1.2848362469779044e-07	1.2848362469779044e-07	0.0005140629824158595	0.00012861210832248822	1.2848362469779044e-07	0.0005140629824158595	1.2848362469779044e-07	1.2848362469779044e-07	1.2848362469779044e-07	0.00012861210832248822	1.2848362469779044e-07	1.2848362469779044e-07	1.2848362469779044e-07	1.2848362469779044e-07	1.2848362469779044e-07	1.2848362469779044e-07	1.2848362469779044e-07	1.2848362469779044e-07	1.2848362469779044e-07	1.2848362469779044e-07	1.2848362469779044e-07	1.2848362469779044e-07	1.2848362469779044e-07	1.2848362469779044e-07	1.2848362469779044e-07
4 2	1.497657738180373e-07	0.00014991553959185533	1.497657738180373e-07	1.497657738180373e-07	0.0007489786348640044	1.497657738180373e-07	1.497657738180373e-07	0.00014991553959185533	1.497657738180373e-07	1.497657738180373e-07	0.00014991553959185533	1.497657738180373e-07	0.00014991553959185533	0.00029968131340989265	1.497657738180373e-07	0.0005992128610459672	0.00029968131340989265	0.00014991553959185533	1.497657738180373e-07	0.00014991553959185533	0.0005992128610459672	0.00014991553959185533	1.497657738180373e-07	0.0007489786348640044	0.0005992128610459672	0.002546167920680452	0.0004494470872279299	0.0005992128610459672	0.001497807503954191	0.0013480417301361537	0.0028456994683165263	0.0032949967897706383	0.003894059885042788	0.012280943218852878	0.034146746196286326	0.012880006314125027	0.05526372030462958	0.2138656747779311	0.06035575661444285	0.07563186554388265	0.2974349765683959	0.10483619143839992	0.04418105304209482	0.017522745302484183	0.03055236762465343	0.0022466363730443777	0.0064400780399494215	0.004343357206496899	0.0007489786348640044	0.0010485101825000792	0.0010485101825000792	0.00029968131340989265	0.0004494470872279299	0.00014991553959185533	0.00014991553959185533	0.0005992128610459672	1.497657738180373e-07	1.497657738180373e-07	0.00029968131340989265	0.00029968131340989265	1.497657738180373e-07	0.0005992128610459672	0.00014991553959185533	0.00014991553959185533	1.497657738180373e-07	1.497657738180373e-07	1.497657738180373e-07	1.497657738180373e-07	1.497657738180373e-07	1.497657738180373e-07	1.497657738180373e-07	1.497657738180373e-07	0.00014991553959185533	1.497657738180373e-07	1.497657738180373e-07	1.497657738180373e-07	0.00029968131340989265	1.497657738180373e-07	0.00014991553959185533	1.497657738180373e-07	1.497657738180373e-07	1.497657738180373e-07	1.497657738180373e-07	1.497657738180373e-07	1.497657738180373e-07	1.497657738180373e-07	1.497657738180373e-07	1.497657738180373e-07	1.497657738180373e-07	1.497657738180373e-07	1.497657738180373e-07	1.497657738180373e-07	1.497657738180373e-07
4 3	1.7895192510217702e-07	0.0005370347272316332	1.7895192510217702e-07	1.7895192510217702e-07	0.00017913087702727917	1.7895192510217702e-07	1.7895192510217702e-07	1.7895192510217702e-07	1.7895192510217702e-07	1.7895192510217702e-07	1.7895192510217702e-07	1.7895192510217702e-07	1.7895192510217702e-07	1.7895192510217702e-07	1.7895192510217702e-07	0.00017913087702727917	0.00017913087702727917	1.7895192510217702e-07	1.7895192510217702e-07	1.7895192510217702e-07	1.7895192510217702e-07	1.7895192510217702e-07	1.7895192510217702e-07	1.7895192510217702e-07	0.00017913087702727917	0.0010738905025381642	1.7895192510217702e-07	0.0003580828021294562	0.00017913087702727917	0.00017913087702727917	0.0003580828021294562	0.0008949385774359872	0.00017913087702727917	1.7895192510217702e-07	0.0030423616786621113	0.00017913087702727917	0.0017896982029468724	0.006442448255603475	0.004116073229275173	0.02236916958969723	0.03990645824971058	0.09054985305362667	0.07354942016891985	0.48746522293025535	0.12508757459834682	0.06513867968911753	0.018969083012755867	0.04921195835502378	0.0005370347272316332	0.0023265539782534035	0.0007159866523338102	0.0007159866523338102	0.0012528424276403412	1.7895192510217702e-07	1.7895192510217702e-07	0.00017913087702727917	0.00017913087702727917	1.7895192510217702e-07	0.0007159866523338102	1.7895192510217702e-07	1.7895192510217702e-07	0.00017913087702727917	1.7895192510217702e-07	1.7895192510217702e-07	1.7895192510217702e-07	1.7895192510217702e-07	1.7895192510217702e-07	0.0005370347272316332	1.7895192510217702e-07	1.7895192510217702e-07	1.7895192510217702e-07	1.7895192510217702e-07	0.00017913087702727917	1.7895192510217702e-07	1.7895192510217702e-07	1.7895192510217702e-07	1.7895192510217702e-07	1.7895192510217702e-07	1.7895192510217702e-07	1.7895192510217702e-07	1.7895192510217702e-07	1.7895192510217702e-07	0.00017913087702727917	1.7895192510217702e-07	1.7895192510217702e-07	1.7895192510217702e-07	1.7895192510217702e-07	1.7895192510217702e-07	1.7895192510217702e-07	1.7895192510217702e-07	1.7895192510217702e-07	1.7895192510217702e-07	1.7895192510217702e-07
4 4	3.5959193507208033e-06	3.5959193507208033e-06	3.5959193507208033e-06	3.5959193507208033e-06	3.5959193507208033e-06	3.5959193507208033e-06	3.5959193507208033e-06	3.5959193507208033e-06	3.5959193507208033e-06	3.5959193507208033e-06	3.5959193507208033e-06	3.5959193507208033e-06	3.5959193507208033e-06	3.5959193507208033e-06	3.5959193507208033e-06	3.5959193507208033e-06	3.5959193507208033e-06	3.5959193507208033e-06	3.5959193507208033e-06	3.5959193507208033e-06	3.5959193507208033e-06	3.5959193507208033e-06	3.5959193507208033e-06	3.5959193507208033e-06	0.0035995152700715235	0.007195434620792327	3.5959193507208033e-06	0.0035995152700715235	3.5959193507208033e-06	3.5959193507208033e-06	0.0035995152700715235	3.5959193507208033e-06	0.0035995152700715235	3.5959193507208033e-06	0.017983192672954736	3.5959193507208033e-06	0.007195434620792327	0.02517503137439634	0.007195434620792327	0.01079135397151313	0.014387273322233931	0.014387273322233931	0.0035995152700715235	0.014387273322233931	0.04315462812800036	0.03955870877727956	0.5609670146317961	0.03955870877727956	0.04315462812800036	0.014387273322233931	0.0035995152700715235	0.014387273322233931	0.014387273322233931	0.01079135397151313	0.007195434620792327	0.02517503137439634	0.007195434620792327	3.5959193507208033e-06	0.017983192672954736	3.5959193507208033e-06	0.0035995152700715235	3.5959193507208033e-06	0.0035995152700715235	3.5959193507208033e-06	3.5959193507208033e-06	0.0035995152700715235	3.5959193507208033e-06	0.007195434620792327	0.0035995152700715235	3.5959193507208033e-06	3.5959193507208033e-06	3.5959193507208033e-06	3.5959193507208033e-06	3.5959193507208033e-06	3.5959193507208033e-06	3.5959193507208033e-06	3.5959193507208033e-06	3.5959193507208033e-06	3.5959193507208033e-06	3.5959193507208033e-06	3.5959193507208033e-06	3.5959193507208033e-06	3.5959193507208033e-06	3.5959193507208033e-06	3.5959193507208033e-06	3.5959193507208033e-06	3.5959193507208033e-06	3.5959193507208033e-06	3.5959193507208033e-06	3.5959193507208033e-06	3.5959193507208033e-06	3.5959193507208033e-06	3.5959193507208033e-06
4 5	2.1767082207521698e-07	2.1767082207521698e-07	2.1767082207521698e-07	2.1767082207521698e-07	2.1767082207521698e-07	2.1767082207521698e-07	2.1767082207521698e-07	2.1767082207521698e-07	2.1767082207521698e-07	2.1767082207521698e-07	2.1767082207521698e-07	2.1767082207521698e-07	2.1767082207521698e-07	0.00043555931497250914	2.1767082207521698e-07	2.1767082207521698e-07	2.1767082207521698e-07	2.1767082207521698e-07	0.0002178884928972922	2.1767082207521698e-07	2.1767082207521698e-07	2.1767082207521698e-07	2.1767082207521698e-07	2.1767082207521698e-07	2.1767082207521698e-07	0.00108857178119816	2.1767082207521698e-07	2.1767082207521698e-07	2.1767082207521698e-07	0.0002178884928972922	2.1767082207521698e-07	0.00043555931497250914	2.1767082207521698e-07	2.1767082207521698e-07	0.00108857178119816	0.0002178884928972922	0.0002178884928972922	0.001306242603273377	2.1767082207521698e-07	0.0006532301370477261	0.001306242603273377	0.001306242603273377	0.002176925891574245	0.005224317400627282	0.0026122675357246787	0.019372920835516387	0.01784922508098987	0.04157534468718852	0.11362438679408533	0.3926783806945135	0.05768298552075457	0.081191434304878	0.0914219629424132	0.03199782851587897	0.009577733842131623	0.022420312344569426	0.0074010256213794525	0.004788975756476848	0.03373919509248071	0.001523913425348594	0.000870900959122943	0.001959255069499028	0.012407454529109444	0.0002178884928972922	0.004788975756476848	0.0028299383577998958	0.00043555931497250914	0.01414882110571118	0.0002178884928972922	0.00043555931497250914	0.00108857178119816	0.00108857178119816	0.0002178884928972922	0.001741584247423811	2.1767082207521698e-07	2.1767082207521698e-07	0.000870900959122943	0.0006532301370477261	0.0006532301370477261	0.006748013155153801	2.1767082207521698e-07	2.1767082207521698e-07	0.0006532301370477261	0.00043555931497250914	2.1767082207521698e-07	0.0002178884928972922	0.0002178884928972922	2.1767082207521698e-07	0.00108857178119816	2.1767082207521698e-07	0.00043555931497250914	0.0002178884928972922	2.1767082207521698e-07
5 1	0.002268004143313186	0.010149121513392256	0.002438100201660216	0.0002835501292644994	0.004932842390749994	5.675538480179243e-05	0.004422554215708903	0.004082362099014842	0.0005103448737272065	0.0021546067710818324	0.005216335821328378	0.0023814015155445394	0.002438100201660216	0.01236037027190365	0.001757715968272095	0.007540981952071125	0.02489077990346821	0.0027215936322386	0.010035724141160902	0.016442675672232374	0.005783322682485145	0.009071846477194397	0.029710168223300738	0.0107728070606647	0.012303671585787972	0.3482433868211728	0.014004632169258275	0.024267094356195767	0.07523921317418918	0.034926447345942996	0.026761836545285543	0.08425430426658177	0.027725714209252048	0.016952963847273465	0.09570743886194848	0.008164667499343569	0.0038555673545521353	0.018030238883471324	0.0013608251654623578	0.0020412093988504787	0.005726623996369469	0.0025514975738915695	0.0009639343626526204	0.0038555673545521353	0.0007371396181899135	0.0006804409320742367	0.007540981952071125	0.0015876199099250647	0.0002835501292644994	0.0006804409320742367	0.00022685144314882268	0.00039694750149585296	0.0009072356765369437	0.0006804409320742367	0.0003402488153801762	0.0007371396181899135	0.0010206330487682973	5.675538480179243e-05	0.0014742225376937112	5.669868611567676e-08	0.00039694750149585296	0.00011345407091746919	0.00022685144314882268	5.669868611567676e-08	5.669868611567676e-08	0.0002835501292644994	5.669868611567676e-08	0.0011907291071153274	5.669868611567676e-08	5.669868611567676e-08	5.675538480179243e-05	5.669868611567676e-08	5.675538480179243e-05	0.00011345407091746919	0.00022685144314882268	5.669868611567676e-08	5.669868611567676e-08	0.0005670435598428832	5.669868611567676e-08	5.669868611567676e-08	5.669868611567676e-08	5.669868611567676e-08	5.669868611567676e-08	5.669868611567676e-08	5.669868611567676e-08	5.669868611567676e-08	5.669868611567676e-08	5.669868611567676e-08	5.669868611567676e-08	5.669868611567676e-08	5.669868611567676e-08	5.675538480179243e-05	5.669868611567676e-08
5 2	0.0010561022450582605	0.0025646042377139677	0.0007544018465271192	1.5085019926557073e-07	0.0009052520457926898	0.00045270144799597773	0.0007544018465271192	0.0009052520457926898	0.00015100104946483628	1.5085019926557073e-07	0.0022629038391828262	0.0016595030421205435	0.0006035516472615484	0.004525656828166387	0.0006035516472615484	0.003922256031104104	0.005581608223025382	0.00045270144799597773	0.0019612034406516848	0.0028663046362451088	0.0022629038391828262	0.0007544018465271192	0.004223956429635246	0.0019612034406516848	0.0018103532413861142	0.018705575559130036	0.0022629038391828262	0.007542660813477801	0.021119178747379168	0.03665674927173295	0.041785656046762355	0.07768800347196818	0.06335723454173897	0.03182954289523469	0.25508783780827937	0.05490962338286701	0.01749877396500547	0.2229567453647128	0.0384669516629198	0.009956264001726934	0.012219016990710495	0.02383448233415944	0.0015086528428549727	0.0064867094186188065	0.0036205556325729625	0.0009052520457926898	0.0036205556325729625	0.0010561022450582605	1.5085019926557073e-07	0.0010561022450582605	1.5085019926557073e-07	1.5085019926557073e-07	0.000301851248730407	0.000301851248730407	1.5085019926557073e-07	0.0012069524443238313	0.00015100104946483628	0.00015100104946483628	0.00045270144799597773	1.5085019926557073e-07	1.5085019926557073e-07	0.00015100104946483628	1.5085019926557073e-07	1.5085019926557073e-07	1.5085019926557073e-07	1.5085019926557073e-07	1.5085019926557073e-07	1.5085019926557073e-07	1.5085019926557073e-07	1.5085019926557073e-07	1.5085019926557073e-07	1.5085019926557073e-07	1.5085019926557073e-07	0.00015100104946483628	1.5085019926557073e-07	1.5085019926557073e-07	1.5085019926557073e-07	1.5085019926557073e-07	1.5085019926557073e-07	1.5085019926557073e-07	1.5085019926557073e-07	1.5085019926557073e-07	1.5085019926557073e-07	1.5085019926557073e-07	1.5085019926557073e-07	1.5085019926557073e-07	1.5085019926557073e-07	1.5085019926557073e-07	1.5085019926557073e-07	1.5085019926557073e-07	1.5085019926557073e-07	1.5085019926557073e-07	1.5085019926557073e-07
5 3	0.00016939994005848273	0.0010155534868041508	1.6923070934913363e-07	1.6923070934913363e-07	1.6923070934913363e-07	1.6923070934913363e-07	0.00050786135875675	0.00033863064940761636	0.00016939994005848273	0.00050786135875675	0.00050786135875675	0.00016939994005848273	0.00016939994005848273	0.0008463227774550172	0.0006770920681058835	0.0008463227774550172	0.003046321998993754	1.6923070934913363e-07	1.6923070934913363e-07	0.001354014905502418	0.0011847841961532843	1.6923070934913363e-07	0.0015232456148515515	0.0008463227774550172	0.0010155534868041508	0.009138627535562565	0.00016939994005848273	0.0027078605802954864	0.0062617054766272925	0.003554014127041155	0.0033847834176920213	0.006092474767278159	0.004569398383135957	0.0055847826392307585	0.06363091594598358	0.009477088954260832	0.03503092606598001	0.15095396197013652	0.06261553168988879	0.0697232214825524	0.31578467287619266	0.1155847437161676	0.04044630876515228	0.019461700805859718	0.04112323160254882	0.001354014905502418	0.006092474767278159	0.0028770912896446204	0.00016939994005848273	0.004230936964437689	0.0011847841961532843	0.00050786135875675	0.0011847841961532843	1.6923070934913363e-07	0.00033863064940761636	0.00050786135875675	1.6923070934913363e-07	1.6923070934913363e-07	0.00050786135875675	1.6923070934913363e-07	1.6923070934913363e-07	1.6923070934913363e-07	0.00033863064940761636	1.6923070934913363e-07	1.6923070934913363e-07	1.6923070934913363e-07	1.6923070934913363e-07	0.00016939994005848273	1.6923070934913363e-07	1.6923070934913363e-07	1.6923070934913363e-07	1.6923070934913363e-07	1.6923070934913363e-07	1.6923070934913363e-07	1.6923070934913363e-07	1.6923070934913363e-07	1.6923070934913363e-07	1.6923070934913363e-07	1.6923070934913363e-07	1.6923070934913363e-07	1.6923070934913363e-07	1.6923070934913363e-07	1.6923070934913363e-07	1.6923070934913363e-07	1.6923070934913363e-07	1.6923070934913363e-07	0.00016939994005848273	1.6923070934913363e-07	0.00016939994005848273	1.6923070934913363e-07	1.6923070934913363e-07	1.6923070934913363e-07	1.6923070934913363e-07
5 4	2.1767082207521704e-07	0.00021788849289729222	0.00043555931497250925	2.1767082207521704e-07	0.0010885717811981602	2.1767082207521704e-07	0.00021788849289729222	0.00021788849289729222	2.1767082207521704e-07	0.00043555931497250925	0.0006532301370477263	2.1767082207521704e-07	2.1767082207521704e-07	0.006748013155153803	0.0006532301370477263	0.0006532301370477263	0.0008709009591229433	2.1767082207521704e-07	2.1767082207521704e-07	0.0017415842474238113	0.00021788849289729222	0.0010885717811981602	0.0010885717811981602	0.00043555931497250925	0.00021788849289729222	0.014148821105711184	0.00043555931497250925	0.0028299383577998966	0.004788975756476849	0.00021788849289729222	0.012407454529109446	0.0019592550694990285	0.0008709009591229433	0.0015239134253485942	0.03373919509248072	0.004788975756476849	0.007401025621379453	0.02242031234456943	0.009577733842131625	0.03199782851587898	0.09142196294241323	0.08119143430487802	0.057682985520754584	0.3926783806945136	0.11362438679408536	0.04157534468718853	0.017849225080989874	0.01937292083551639	0.0026122675357246796	0.005224317400627283	0.0021769258915742455	0.0013062426032733772	0.0013062426032733772	0.0006532301370477263	2.1767082207521704e-07	0.0013062426032733772	0.00021788849289729222	0.00021788849289729222	0.0010885717811981602	2.1767082207521704e-07	2.1767082207521704e-07	0.00043555931497250925	2.1767082207521704e-07	0.00021788849289729222	2.1767082207521704e-07	2.1767082207521704e-07	2.1767082207521704e-07	0.0010885717811981602	2.1767082207521704e-07	2.1767082207521704e-07	2.1767082207521704e-07	2.1767082207521704e-07	2.1767082207521704e-07	2.1767082207521704e-07	0.00021788849289729222	2.1767082207521704e-07	2.1767082207521704e-07	2.1767082207521704e-07	2.1767082207521704e-07	0.00043555931497250925	2.1767082207521704e-07	2.1767082207521704e-07	2.1767082207521704e-07	2.1767082207521704e-07	2.1767082207521704e-07	2.1767082207521704e-07	2.1767082207521704e-07	2.1767082207521704e-07	2.1767082207521704e-07	2.1767082207521704e-07	2.1767082207521704e-07	2.1767082207521704e-07	2.1767082207521704e-07
5 5	0.000538145135753965	0.000538145135753965	5.376075282257394e-07	5.376075282257394e-07	0.0016133601922054437	5.376075282257394e-07	5.376075282257394e-07	0.0021509677204311827	5.376075282257394e-07	0.005376612889785619	5.376075282257394e-07	5.376075282257394e-07	0.000538145135753965	0.017741586038977623	0.000538145135753965	0.016666370982526144	0.002688575248656922	5.376075282257394e-07	5.376075282257394e-07	5.376075282257394e-07	0.000538145135753965	5.376075282257394e-07	0.0016133601922054437	5.376075282257394e-07	0.0016133601922054437	0.08870577976477523	5.376075282257394e-07	0.00483900536155988	0.0021509677204311827	5.376075282257394e-07	0.046234785034941814	0.017741586038977623	0.005914220418011359	0.004301397833334141	0.06558865605106844	0.0075270430026885765	0.013978333341397448	0.04247153233736164	0.0032261827768826617	0.0032261827768826617	0.0032261827768826617	0.005376612889785619	0.01236551075672023	0.026343306490589455	0.006451827946237098	0.0069894354744628375	0.1623580111317015	0.0069894354744628375	0.006451827946237098	0.026343306490589455	0.01236551075672023	0.005376612889785619	0.0032261827768826617	0.0032261827768826617	0.0032261827768826617	0.04247153233736164	0.013978333341397448	0.0075270430026885765	0.06558865605106844	0.004301397833334141	0.005914220418011359	0.017741586038977623	0.046234785034941814	5.376075282257394e-07	0.0021509677204311827	0.00483900536155988	5.376075282257394e-07	0.08870577976477523	0.0016133601922054437	5.376075282257394e-07	0.0016133601922054437	5.376075282257394e-07	0.000538145135753965	5.376075282257394e-07	5.376075282257394e-07	5.376075282257394e-07	0.002688575248656922	0.016666370982526144	0.000538145135753965	0.017741586038977623	0.000538145135753965	5.376075282257394e-07	5.376075282257394e-07	0.005376612889785619	5.376075282257394e-07	0.0021509677204311827	5.376075282257394e-07	5.376075282257394e-07	0.0016133601922054437	5.376075282257394e-07	5.376075282257394e-07	0.000538145135753965	0.000538145135753965
### Output Prob Left
1 1	0.0013996594364143714	0.0018660571159926356	4.663976795782644e-07	4.663976795782644e-07	0.0018660571159926356	4.663976795782644e-07	0.0004668640772578426	0.0004668640772578426	4.663976795782644e-07	4.663976795782644e-07	4.663976795782644e-07	0.0018660571159926356	4.663976795782644e-07	0.0018660571159926356	0.0004668640772578426	4.663976795782644e-07	0.0004668640772578426	4.663976795782644e-07	4.663976795782644e-07	0.0004668640772578426	0.0004668640772578426	0.0004668640772578426	0.0013996594364143714	4.663976795782644e-07	4.663976795782644e-07	0.015857987503340568	4.663976795782644e-07	4.663976795782644e-07	0.006063636232197015	0.0004668640772578426	0.0037316478343056934	0.00979481766882313	0.0027988524751491645	0.0023324547955709	0.019122771260388416	0.0051308408730404865	0.0013996594364143714	0.022853952697014533	0.0018660571159926356	0.008395624630088337	0.012126806066714452	0.00653003391177528	0.021921157337858002	0.10400714894363254	0.01958916893996668	0.01725718054207536	0.41043042442655225	0.01725718054207536	0.01958916893996668	0.10400714894363254	0.021921157337858002	0.00653003391177528	0.012126806066714452	0.008395624630088337	0.0018660571159926356	0.022853952697014533	0.0013996594364143714	0.0051308408730404865	0.019122771260388416	0.0023324547955709	0.0027988524751491645	0.00979481766882313	0.0037316478343056934	0.0004668640772578426	0.006063636232197015	4.663976795782644e-07	4.663976795782644e-07	0.015857987503340568	4.663976795782644e-07	4.663976795782644e-07	0.0013996594364143714	0.0004668640772578426	0.0004668640772578426	0.0004668640772578426	4.663976795782644e-07	4.663976795782644e-07	0.0004668640772578426	4.663976795782644e-07	0.0004668640772578426	0.0018660571159926356	4.663976795782644e-07	0.0018660571159926356	4.663976795782644e-07	4.663976795782644e-07	4.663976795782644e-07	0.0004668640772578426	0.0004668640772578426	4.663976795782644e-07	0.0018660571159926356	4.663976795782644e-07	4.663976795782644e-07	0.0018660571159926356	0.0013996594364143714
1 2	5.165264443719355e-08	5.165264443719355e-08	5.165264443719355e-08	5.165264443719355e-08	0.00010335694151882428	5.165264443719355e-08	5.165264443719355e-08	5.165264443719355e-08	0.00020666223039321135	5.165264443719355e-08	5.165264443719355e-08	5.165264443719355e-08	5.165264443719355e-08	5.165264443719355e-08	5.170429708163074e-05	5.165264443719355e-08	0.00010335694151882428	5.165264443719355e-08	5.170429708163074e-05	0.00010335694151882428	5.165264443719355e-08	5.170429708163074e-05	0.00020666223039321135	0.00015500958595601784	0.00010335694151882428	0.001136409830262695	0.00020666223039321135	0.0005682307414535662	0.0007231886747651469	0.000361620163704792	0.003202515607750437	0.00382234734099676	0.002634336518941308	0.010278927895645953	0.030733375092774597	0.010278927895645953	0.03135320682602092	0.1084706049707509	0.0491217165124155	0.04545437875737476	0.1315593370341764	0.08093974548572673	0.03987589315815786	0.20800525080122287	0.06874972139854905	0.01255164425088247	0.023140436360507145	0.05593986557812505	0.0017045889190718242	0.02133259380520537	0.030423459226151438	0.0007748413192023404	0.004958705518615018	0.00862604327365576	0.0005682307414535662	0.002892599741127276	0.0015496309857602436	0.0005682307414535662	0.00149797834132305	0.000361620163704792	0.0004132728081419856	0.0004132728081419856	0.0009814518969511144	0.00030996751926759845	0.00020666223039321135	0.0007231886747651469	5.165264443719355e-08	0.0005165780970163727	5.170429708163074e-05	5.170429708163074e-05	5.165264443719355e-08	0.00010335694151882428	5.165264443719355e-08	0.00010335694151882428	5.165264443719355e-08	5.170429708163074e-05	0.00010335694151882428	5.165264443719355e-08	5.165264443719355e-08	0.00010335694151882428	5.165264443719355e-08	0.00010335694151882428	5.165264443719355e-08	5.165264443719355e-08	5.165264443719355e-08	5.165264443719355e-08	5.165264443719355e-08	5.165264443719355e-08	5.165264443719355e-08	5.170429708163074e-05	5.165264443719355e-08	0.00015500958595601784	5.170429708163074e-05
1 3	9.27960850991087e-05	9.27960850991087e-05	9.27960850991087e-05	9.270338171739132e-08	0.0003709062302512826	9.270338171739132e-08	9.27960850991087e-05	9.27960850991087e-05	0.000741719757120848	9.270338171739132e-08	0.00027820284853389133	9.270338171739132e-08	9.270338171739132e-08	0.0003709062302512826	9.270338171739132e-08	9.270338171739132e-08	0.001668753574294761	0.0003709062302512826	9.270338171739132e-08	0.000741719757120848	9.27960850991087e-05	0.00018549946681650003	0.00018549946681650003	0.0014833468108599783	0.00046360961196867395	0.005469592224707805	0.0005563129936860653	0.008899617348251286	0.006396626041881719	0.006860142950468676	0.020765650208077375	0.025864336202533894	0.021414573880099114	0.021785387406968677	0.09743134688836	0.028460030890620852	0.03263168306790346	0.14081652953209914	0.04885477486844694	0.025308115912229548	0.19588233827222962	0.06832248502909911	0.01344208305240346	0.03253897968618607	0.04282905505681651	0.002781194154903457	0.016872108175946938	0.027903810600316502	0.0013906434291425871	0.04412690240085999	0.02484459900364259	0.00046360961196867395	0.006674736187033893	0.012793159380381721	0.00018549946681650003	0.0039863381172295445	0.0014833468108599783	9.270338171739132e-08	0.0010198299022730218	9.270338171739132e-08	0.0014833468108599783	0.00018549946681650003	9.27960850991087e-05	9.270338171739132e-08	0.00018549946681650003	0.00018549946681650003	9.27960850991087e-05	0.0005563129936860653	9.270338171739132e-08	9.270338171739132e-08	9.27960850991087e-05	9.270338171739132e-08	0.00018549946681650003	0.00018549946681650003	9.27960850991087e-05	9.270338171739132e-08	0.00018549946681650003	9.270338171739132e-08	9.270338171739132e-08	9.270338171739132e-08	9.270338171739132e-08	9.270338171739132e-08	9.270338171739132e-08	9.270338171739132e-08	9.270338171739132e-08	9.270338171739132e-08	9.270338171739132e-08	9.270338171739132e-08	9.270338171739132e-08	9.270338171739132e-08	9.270338171739132e-08	9.270338171739132e-08	9.270338171739132e-08
1 4	1.2848362469779047e-07	0.004111604473953992	0.0007710302318114405	1.2848362469779047e-07	0.0005140629824158595	1.2848362469779047e-07	1.2848362469779047e-07	0.0002570957330202787	0.00038557935771806913	0.00012861210832248822	0.00038557935771806913	0.00038557935771806913	1.2848362469779047e-07	0.002055866478789345	0.0007710302318114405	0.0002570957330202787	0.0024413173528827162	0.0016704156046959736	0.0015419319799981832	0.002312833728184926	0.0037261535998606207	0.0005140629824158595	0.00642430971851422	0.007323695091398754	0.008223080464283288	0.09944645399971451	0.006809760592607592	0.024026566302111512	0.054091734481394475	0.044583946253757986	0.044969397127851356	0.09289378914012719	0.06077288296567958	0.029808329413512084	0.1386339595325406	0.04291365913268671	0.006809760592607592	0.12128867019833889	0.031093165660489988	0.006809760592607592	0.02376959905271593	0.014390294449777229	0.0019273828540915545	0.03302042003095684	0.007709145965492125	0.0010279974812070214	0.008351564088981078	0.010921236582936887	1.2848362469779047e-07	0.016189065195546297	0.00860853133837666	0.0007710302318114405	0.004111604473953992	0.007580662340794335	0.0007710302318114405	0.0015419319799981832	0.002955251851673878	0.00012861210832248822	0.0025698009775805067	0.00012861210832248822	0.001798899229393764	1.2848362469779047e-07	0.0002570957330202787	1.2848362469779047e-07	0.00012861210832248822	0.00012861210832248822	1.2848362469779047e-07	0.00064254660711365	0.00012861210832248822	0.00012861210832248822	0.0005140629824158595	1.2848362469779047e-07	1.2848362469779047e-07	0.0005140629824158595	1.2848362469779047e-07	0.00012861210832248822	1.2848362469779047e-07	1.2848362469779047e-07	1.2848362469779047e-07	1.2848362469779047e-07	1.2848362469779047e-07	1.2848362469779047e-07	1.2848362469779047e-07	1.2848362469779047e-07	1.2848362469779047e-07	1.2848362469779047e-07	1.2848362469779047e-07	1.2848362469779047e-07	1.2848362469779047e-07	1.2848362469779047e-07	1.2848362469779047e-07	1.2848362469779047e-07	1.2848362469779047e-07
1 5	0.002438100201660216	0.010149121513392256	0.002268004143313186	5.675538480179243e-05	0.004932842390749994	0.0002835501292644994	0.0005103448737272065	0.004082362099014842	0.004422554215708903	0.0023814015155445394	0.005216335821328378	0.0021546067710818324	0.001757715968272095	0.01236037027190365	0.002438100201660216	0.0027215936322386	0.02489077990346821	0.007540981952071125	0.005783322682485145	0.016442675672232374	0.010035724141160902	0.0107728070606647	0.029710168223300738	0.009071846477194397	0.014004632169258275	0.3482433868211728	0.012303671585787972	0.034926447345942996	0.07523921317418918	0.024267094356195767	0.027725714209252048	0.08425430426658177	0.026761836545285543	0.008164667499343569	0.09570743886194848	0.016952963847273465	0.0013608251654623578	0.018030238883471324	0.0038555673545521353	0.0025514975738915695	0.005726623996369469	0.0020412093988504787	0.0007371396181899135	0.0038555673545521353	0.0009639343626526204	0.0015876199099250647	0.007540981952071125	0.0006804409320742367	0.00022685144314882268	0.0006804409320742367	0.0002835501292644994	0.0006804409320742367	0.0009072356765369437	0.00039694750149585296	0.0010206330487682973	0.0007371396181899135	0.0003402488153801762	5.669868611567676e-08	0.0014742225376937112	5.675538480179243e-05	0.00022685144314882268	0.00011345407091746919	0.00039694750149585296	0.0002835501292644994	5.669868611567676e-08	5.669868611567676e-08	5.669868611567676e-08	0.0011907291071153274	5.669868611567676e-08	5.669868611567676e-08	5.675538480179243e-05	5.669868611567676e-08	0.00022685144314882268	0.00011345407091746919	5.675538480179243e-05	0.0005670435598428832	5.669868611567676e-08	5.669868611567676e-08	5.669868611567676e-08	5.669868611567676e-08	5.669868611567676e-08	5.669868611567676e-08	5.669868611567676e-08	5.669868611567676e-08	5.669868611567676e-08	5.669868611567676e-08	5.669868611567676e-08	5.669868611567676e-08	5.669868611567676e-08	5.669868611567676e-08	5.669868611567676e-08	5.675538480179243e-05	5.669868611567676e-08
2 1	5.170429708163074e-05	0.00015500958595601784	5.165264443719355e-08	5.170429708163074e-05	5.165264443719355e-08	5.165264443719355e-08	5.165264443719355e-08	5.165264443719355e-08	5.165264443719355e-08	5.165264443719355e-08	5.165264443719355e-08	0.00010335694151882428	5.165264443719355e-08	0.00010335694151882428	5.165264443719355e-08	5.165264443719355e-08	0.00010335694151882428	5.170429708163074e-05	5.165264443719355e-08	0.00010335694151882428	5.165264443719355e-08	0.00010335694151882428	5.165264443719355e-08	5.170429708163074e-05	5.170429708163074e-05	0.0005165780970163727	5.165264443719355e-08	0.0007231886747651469	0.00020666223039321135	0.00030996751926759845	0.0009814518969511144	0.0004132728081419856	0.0004132728081419856	0.000361620163704792	0.00149797834132305	0.0005682307414535662	0.0015496309857602436	0.002892599741127276	0.0005682307414535662	0.00862604327365576	0.004958705518615018	0.0007748413192023404	0.030423459226151438	0.02133259380520537	0.0017045889190718242	0.05593986557812505	0.023140436360507145	0.01255164425088247	0.06874972139854905	0.20800525080122287	0.03987589315815786	0.08093974548572673	0.1315593370341764	0.04545437875737476	0.0491217165124155	0.1084706049707509	0.03135320682602092	0.010278927895645953	0.030733375092774597	0.010278927895645953	0.002634336518941308	0.00382234734099676	0.003202515607750437	0.000361620163704792	0.0007231886747651469	0.0005682307414535662	0.00020666223039321135	0.001136409830262695	0.00010335694151882428	0.00015500958595601784	0.00020666223039321135	5.170429708163074e-05	5.165264443719355e-08	0.00010335694151882428	5.170429708163074e-05	5.165264443719355e-08	0.00010335694151882428	5.165264443719355e-08	5.170429708163074e-05	5.165264443719355e-08	5.165264443719355e-08	5.165264443719355e-08	5.165264443719355e-08	5.165264443719355e-08	0.00020666223039321135	5.165264443719355e-08	5.165264443719355e-08	5.165264443719355e-08	0.00010335694151882428	5.165264443719355e-08	5.165264443719355e-08	5.165264443719355e-08	5.165264443719355e-08
2 2	0.0011775182244766166	1.1763418825940227e-06	1.1763418825940227e-06	1.1763418825940227e-06	1.1763418825940227e-06	1.1763418825940227e-06	1.1763418825940227e-06	1.1763418825940227e-06	1.1763418825940227e-06	1.1763418825940227e-06	1.1763418825940227e-06	1.1763418825940227e-06	1.1763418825940227e-06	0.002353860107070639	1.1763418825940227e-06	1.1763418825940227e-06	1.1763418825940227e-06	1.1763418825940227e-06	1.1763418825940227e-06	1.1763418825940227e-06	1.1763418825940227e-06	0.0011775182244766166	0.0011775182244766166	1.1763418825940227e-06	1.1763418825940227e-06	0.010588253285228796	0.0011775182244766166	0.0011775182244766166	0.0035302019896646616	1.1763418825940227e-06	0.0011775182244766166	0.0011775182244766166	0.002353860107070639	0.0011775182244766166	0.0035302019896646616	0.0011775182244766166	0.005882885754852706	0.019998988345980975	0.011764595167822819	0.007059227637446729	0.01646996269819891	0.009411911402634775	0.014117278933010865	0.03058606528932718	0.014117278933010865	0.009411911402634775	0.6563999468293472	0.009411911402634775	0.014117278933010865	0.03058606528932718	0.014117278933010865	0.009411911402634775	0.01646996269819891	0.007059227637446729	0.011764595167822819	0.019998988345980975	0.005882885754852706	0.0011775182244766166	0.0035302019896646616	0.0011775182244766166	0.002353860107070639	0.0011775182244766166	0.0011775182244766166	1.1763418825940227e-06	0.0035302019896646616	0.0011775182244766166	0.0011775182244766166	0.010588253285228796	1.1763418825940227e-06	1.1763418825940227e-06	0.0011775182244766166	0.0011775182244766166	1.1763418825940227e-06	1.1763418825940227e-06	1.1763418825940227e-06	1.1763418825940227e-06	1.1763418825940227e-06	1.1763418825940227e-06	1.1763418825940227e-06	0.002353860107070639	1.1763418825940227e-06	1.1763418825940227e-06	1.1763418825940227e-06	1.1763418825940227e-06	1.1763418825940227e-06	1.1763418825940227e-06	1.1763418825940227e-06	1.1763418825940227e-06	1.1763418825940227e-06	1.1763418825940227e-06	1.1763418825940227e-06	1.1763418825940227e-06	0.0011775182244766166
2 3	0.00034634416464618135	8.656440006152997e-08	8.656440006152997e-08	8.656440006152997e-08	0.0002597797645846514	8.656440006152997e-08	8.656440006152997e-08	8.656440006152997e-08	8.656440006152997e-08	8.656440006152997e-08	0.00043290856470771133	8.656440006152997e-08	8.656440006152997e-08	8.656440006152997e-08	8.656440006152997e-08	8.665096446159149e-05	8.656440006152997e-08	8.656440006152997e-08	8.656440006152997e-08	8.656440006152997e-08	8.656440006152997e-08	0.00017321536452312146	8.656440006152997e-08	8.656440006152997e-08	8.656440006152997e-08	0.00034634416464618135	8.656440006152997e-08	0.00017321536452312146	8.665096446159149e-05	0.00017321536452312146	0.00043290856470771133	0.0017313745656306607	0.00043290856470771133	0.0020776321658767805	0.0023373253660613704	0.0009522949650768911	0.013590697374060268	0.019477076578244306	0.009608734971229889	0.09028675582857582	0.08786295262685298	0.05955639380673268	0.10508926823909745	0.3531828388154424	0.09227773702999101	0.03930032419233467	0.02873946738482801	0.08422724782426871	0.0009522949650768911	0.0017313745656306607	0.0005194729647692413	0.00017321536452312146	0.0008657305650153612	0.00043290856470771133	8.665096446159149e-05	0.0005194729647692413	0.0002597797645846514	8.665096446159149e-05	0.0002597797645846514	0.0002597797645846514	8.656440006152997e-08	8.665096446159149e-05	8.665096446159149e-05	8.656440006152997e-08	8.656440006152997e-08	8.656440006152997e-08	8.656440006152997e-08	8.665096446159149e-05	8.656440006152997e-08	8.656440006152997e-08	8.656440006152997e-08	8.656440006152997e-08	8.665096446159149e-05	8.656440006152997e-08	8.656440006152997e-08	8.656440006152997e-08	8.656440006152997e-08	8.656440006152997e-08	8.656440006152997e-08	8.656440006152997e-08	8.665096446159149e-05	8.656440006152997e-08	8.656440006152997e-08	8.656440006152997e-08	8.656440006152997e-08	8.656440006152997e-08	8.656440006152997e-08	8.656440006152997e-08	0.00017321536452312146	8.656440006152997e-08	8.656440006152997e-08	8.656440006152997e-08	8.656440006152997e-08
2 4	1.497657738180373e-07	0.00014991553959185533	1.497657738180373e-07	1.497657738180373e-07	0.0007489786348640044	1.497657738180373e-07	1.497657738180373e-07	0.00014991553959185533	1.497657738180373e-07	1.497657738180373e-07	0.00014991553959185533	1.497657738180373e-07	1.497657738180373e-07	0.00029968131340989265	0.00014991553959185533	0.00014991553959185533	0.00029968131340989265	0.0005992128610459672	0.0005992128610459672	0.00014991553959185533	1.497657738180373e-07	0.0007489786348640044	1.497657738180373e-07	0.00014991553959185533	0.0004494470872279299	0.002546167920680452	0.0005992128610459672	0.0013480417301361537	0.001497807503954191	0.0005992128610459672	0.003894059885042788	0.0032949967897706383	0.0028456994683165263	0.012880006314125027	0.034146746196286326	0.012280943218852878	0.06035575661444285	0.2138656747779311	0.05526372030462958	0.10483619143839992	0.2974349765683959	0.07563186554388265	0.03055236762465343	0.017522745302484183	0.04418105304209482	0.004343357206496899	0.0064400780399494215	0.0022466363730443777	0.0010485101825000792	0.0010485101825000792	0.0007489786348640044	0.00014991553959185533	0.0004494470872279299	0.00029968131340989265	1.497657738180373e-07	0.0005992128610459672	0.00014991553959185533	0.00029968131340989265	0.00029968131340989265	1.497657738180373e-07	0.00014991553959185533	0.0005992128610459672	1.497657738180373e-07	1.497657738180373e-07	1.497657738180373e-07	0.00014991553959185533	1.497657738180373e-07	1.497657738180373e-07	1.497657738180373e-07	1.497657738180373e-07	1.497657738180373e-07	1.497657738180373e-07	1.497657738180373e-07	1.497657738180373e-07	0.00014991553959185533	1.497657738180373e-07	0.00029968131340989265	1.497657738180373e-07	1.497657738180373e-07	1.497657738180373e-07	0.00014991553959185533	1.497657738180373e-07	1.497657738180373e-07	1.497657738180373e-07	1.497657738180373e-07	1.497657738180373e-07	1.497657738180373e-07	1.497657738180373e-07	1.497657738180373e-07	1.497657738180373e-07	1.497657738180373e-07	1.497657738180373e-07	1.497657738180373e-07
2 5	0.0007544018465271192	0.0025646042377139677	0.0010561022450582607	0.0004527014479959778	0.0009052520457926899	1.5085019926557075e-07	0.0001510010494648363	0.0009052520457926899	0.0007544018465271192	0.0016595030421205437	0.0022629038391828267	1.5085019926557075e-07	0.0006035516472615484	0.004525656828166387	0.0006035516472615484	0.0004527014479959778	0.005581608223025383	0.003922256031104104	0.0022629038391828267	0.002866304636245109	0.001961203440651685	0.001961203440651685	0.004223956429635246	0.0007544018465271192	0.0022629038391828267	0.01870557555913004	0.0018103532413861144	0.03665674927173296	0.02111917874737917	0.007542660813477802	0.06335723454173897	0.07768800347196819	0.041785656046762355	0.054909623382867014	0.25508783780827937	0.031829542895234694	0.03846695166291981	0.22295674536471283	0.017498773965005474	0.023834482334159444	0.012219016990710497	0.009956264001726936	0.003620555632572963	0.006486709418618807	0.001508652842854973	0.0010561022450582607	0.003620555632572963	0.0009052520457926899	1.5085019926557075e-07	0.0010561022450582607	1.5085019926557075e-07	0.00030185124873040705	0.00030185124873040705	1.5085019926557075e-07	0.0001510010494648363	0.0012069524443238315	1.5085019926557075e-07	1.5085019926557075e-07	0.0004527014479959778	0.0001510010494648363	1.5085019926557075e-07	0.0001510010494648363	1.5085019926557075e-07	1.5085019926557075e-07	1.5085019926557075e-07	1.5085019926557075e-07	1.5085019926557075e-07	1.5085019926557075e-07	1.5085019926557075e-07	1.5085019926557075e-07	1.5085019926557075e-07	1.5085019926557075e-07	1.5085019926557075e-07	0.0001510010494648363	1.5085019926557075e-07	1.5085019926557075e-07	1.5085019926557075e-07	1.5085019926557075e-07	1.5085019926557075e-07	1.5085019926557075e-07	1.5085019926557075e-07	1.5085019926557075e-07	1.5085019926557075e-07	1.5085019926557075e-07	1.5085019926557075e-07	1.5085019926557075e-07	1.5085019926557075e-07	1.5085019926557075e-07	1.5085019926557075e-07	1.5085019926557075e-07	1.5085019926557075e-07	1.5085019926557075e-07	1.5085019926557075e-07
3 1	9.270338171739132e-08	9.270338171739132e-08	9.270338171739132e-08	9.270338171739132e-08	9.270338171739132e-08	9.270338171739132e-08	9.270338171739132e-08	9.270338171739132e-08	9.270338171739132e-08	9.270338171739132e-08	9.270338171739132e-08	9.270338171739132e-08	9.270338171739132e-08	9.270338171739132e-08	9.270338171739132e-08	9.270338171739132e-08	0.00018549946681650003	9.270338171739132e-08	9.27960850991087e-05	0.00018549946681650003	0.00018549946681650003	9.270338171739132e-08	9.27960850991087e-05	9.270338171739132e-08	9.270338171739132e-08	0.0005563129936860653	9.27960850991087e-05	0.00018549946681650003	0.00018549946681650003	9.270338171739132e-08	9.27960850991087e-05	0.00018549946681650003	0.0014833468108599783	9.270338171739132e-08	0.0010198299022730218	9.270338171739132e-08	0.0014833468108599783	0.0039863381172295445	0.00018549946681650003	0.012793159380381721	0.006674736187033893	0.00046360961196867395	0.02484459900364259	0.04412690240085999	0.0013906434291425871	0.027903810600316502	0.016872108175946938	0.002781194154903457	0.04282905505681651	0.03253897968618607	0.01344208305240346	0.06832248502909911	0.19588233827222962	0.025308115912229548	0.04885477486844694	0.14081652953209914	0.03263168306790346	0.028460030890620852	0.09743134688836	0.021785387406968677	0.021414573880099114	0.025864336202533894	0.020765650208077375	0.006860142950468676	0.006396626041881719	0.008899617348251286	0.0005563129936860653	0.005469592224707805	0.00046360961196867395	0.0014833468108599783	0.00018549946681650003	0.00018549946681650003	9.27960850991087e-05	0.000741719757120848	9.270338171739132e-08	0.0003709062302512826	0.001668753574294761	9.270338171739132e-08	9.270338171739132e-08	0.0003709062302512826	9.270338171739132e-08	9.270338171739132e-08	0.00027820284853389133	9.270338171739132e-08	0.000741719757120848	9.27960850991087e-05	9.27960850991087e-05	9.270338171739132e-08	0.0003709062302512826	9.270338171739132e-08	9.27960850991087e-05	9.27960850991087e-05	9.27960850991087e-05
3 2	8.656440006152997e-08	8.656440006152997e-08	8.656440006152997e-08	8.656440006152997e-08	0.00017321536452312146	8.656440006152997e-08	8.656440006152997e-08	8.656440006152997e-08	8.656440006152997e-08	8.656440006152997e-08	8.656440006152997e-08	8.656440006152997e-08	8.665096446159149e-05	8.656440006152997e-08	8.656440006152997e-08	8.656440006152997e-08	8.656440006152997e-08	8.656440006152997e-08	8.656440006152997e-08	8.656440006152997e-08	8.665096446159149e-05	8.656440006152997e-08	8.656440006152997e-08	8.656440006152997e-08	8.656440006152997e-08	8.665096446159149e-05	8.656440006152997e-08	8.656440006152997e-08	8.656440006152997e-08	8.656440006152997e-08	8.665096446159149e-05	8.665096446159149e-05	8.656440006152997e-08	0.0002597797645846514	0.0002597797645846514	8.665096446159149e-05	0.0002597797645846514	0.0005194729647692413	8.665096446159149e-05	0.00043290856470771133	0.0008657305650153612	0.00017321536452312146	0.0005194729647692413	0.0017313745656306607	0.0009522949650768911	0.08422724782426871	0.02873946738482801	0.03930032419233467	0.09227773702999101	0.3531828388154424	0.10508926823909745	0.05955639380673268	0.08786295262685298	0.09028675582857582	0.009608734971229889	0.019477076578244306	0.013590697374060268	0.0009522949650768911	0.0023373253660613704	0.0020776321658767805	0.00043290856470771133	0.0017313745656306607	0.00043290856470771133	0.00017321536452312146	8.665096446159149e-05	0.00017321536452312146	8.656440006152997e-08	0.00034634416464618135	8.656440006152997e-08	8.656440006152997e-08	8.656440006152997e-08	0.00017321536452312146	8.656440006152997e-08	8.656440006152997e-08	8.656440006152997e-08	8.656440006152997e-08	8.656440006152997e-08	8.665096446159149e-05	8.656440006152997e-08	8.656440006152997e-08	8.656440006152997e-08	8.656440006152997e-08	0.00043290856470771133	8.656440006152997e-08	8.656440006152997e-08	8.656440006152997e-08	8.656440006152997e-08	8.656440006152997e-08	0.0002597797645846514	8.656440006152997e-08	8.656440006152997e-08	8.656440006152997e-08	0.00034634416464618135
3 3	1.470387138229625e-06	1.470387138229625e-06	1.470387138229625e-06	1.470387138229625e-06	1.470387138229625e-06	1.470387138229625e-06	1.470387138229625e-06	1.470387138229625e-06	1.470387138229625e-06	1.470387138229625e-06	1.470387138229625e-06	1.470387138229625e-06	1.470387138229625e-06	1.470387138229625e-06	1.470387138229625e-06	1.470387138229625e-06	1.470387138229625e-06	1.470387138229625e-06	1.470387138229625e-06	1.470387138229625e-06	1.470387138229625e-06	1.470387138229625e-06	1.470387138229625e-06	1.470387138229625e-06	1.470387138229625e-06	0.013234954631204854	1.470387138229625e-06	1.470387138229625e-06	1.470387138229625e-06	0.0014718575253678545	0.0014718575253678545	0.0029422446635974796	1.470387138229625e-06	0.004412631801827105	0.022057277460582603	1.470387138229625e-06	1.470387138229625e-06	0.02499805173704185	0.011764567492975228	0.0029422446635974796	0.010294180354745604	0.005883018940056729	0.005883018940056729	0.023527664598812226	0.01470534176943448	0.013234954631204854	0.6822611025256842	0.013234954631204854	0.01470534176943448	0.023527664598812226	0.005883018940056729	0.005883018940056729	0.010294180354745604	0.0029422446635974796	0.011764567492975228	0.02499805173704185	1.470387138229625e-06	1.470387138229625e-06	0.022057277460582603	0.004412631801827105	1.470387138229625e-06	0.0029422446635974796	0.0014718575253678545	0.0014718575253678545	1.470387138229625e-06	1.470387138229625e-06	1.470387138229625e-06	0.013234954631204854	1.470387138229625e-06	1.470387138229625e-06	1.470387138229625e-06	1.470387138229625e-06	1.470387138229625e-06	1.470387138229625e-06	1.470387138229625e-06	1.470387138229625e-06	1.470387138229625e-06	1.470387138229625e-06	1.470387138229625e-06	1.470387138229625e-06	1.470387138229625e-06	1.470387138229625e-06	1.470387138229625e-06	1.470387138229625e-06	1.470387138229625e-06	1.470387138229625e-06	1.470387138229625e-06	1.470387138229625e-06	1.470387138229625e-06	1.470387138229625e-06	1.470387138229625e-06	1.470387138229625e-06	1.470387138229625e-06
3 4	1.7895192510217702e-07	0.0005370347272316332	1.7895192510217702e-07	1.7895192510217702e-07	0.00017913087702727917	1.7895192510217702e-07	1.7895192510217702e-07	1.7895192510217702e-07	1.7895192510217702e-07	1.7895192510217702e-07	1.7895192510217702e-07	1.7895192510217702e-07	1.7895192510217702e-07	1.7895192510217702e-07	1.7895192510217702e-07	1.7895192510217702e-07	0.00017913087702727917	0.00017913087702727917	1.7895192510217702e-07	1.7895192510217702e-07	1.7895192510217702e-07	1.7895192510217702e-07	1.7895192510217702e-07	1.7895192510217702e-07	1.7895192510217702e-07	0.0010738905025381642	0.00017913087702727917	0.00017913087702727917	0.00017913087702727917	0.0003580828021294562	0.00017913087702727917	0.0008949385774359872	0.0003580828021294562	0.00017913087702727917	0.0030423616786621113	1.7895192510217702e-07	0.004116073229275173	0.006442448255603475	0.0017896982029468724	0.09054985305362667	0.03990645824971058	0.02236916958969723	0.12508757459834682	0.48746522293025535	0.07354942016891985	0.04921195835502378	0.018969083012755867	0.06513867968911753	0.0007159866523338102	0.0023265539782534035	0.0005370347272316332	1.7895192510217702e-07	0.0012528424276403412	0.0007159866523338102	0.00017913087702727917	0.00017913087702727917	1.7895192510217702e-07	1.7895192510217702e-07	0.0007159866523338102	1.7895192510217702e-07	1.7895192510217702e-07	0.00017913087702727917	1.7895192510217702e-07	1.7895192510217702e-07	1.7895192510217702e-07	1.7895192510217702e-07	1.7895192510217702e-07	0.0005370347272316332	1.7895192510217702e-07	1.7895192510217702e-07	1.7895192510217702e-07	1.7895192510217702e-07	1.7895192510217702e-07	1.7895192510217702e-07	0.00017913087702727917	1.7895192510217702e-07	1.7895192510217702e-07	1.7895192510217702e-07	1.7895192510217702e-07	1.7895192510217702e-07	1.7895192510217702e-07	1.7895192510217702e-07	0.00017913087702727917	1.7895192510217702e-07	1.7895192510217702e-07	1.7895192510217702e-07	1.7895192510217702e-07	1.7895192510217702e-07	1.7895192510217702e-07	1.7895192510217702e-07	1.7895192510217702e-07	1.7895192510217702e-07	1.7895192510217702e-07
3 5	1.6923070934913363e-07	0.0010155534868041508	0.00016939994005848273	1.6923070934913363e-07	1.6923070934913363e-07	1.6923070934913363e-07	0.00016939994005848273	0.00033863064940761636	0.00050786135875675	0.00016939994005848273	0.00050786135875675	0.00050786135875675	0.0006770920681058835	0.0008463227774550172	0.00016939994005848273	1.6923070934913363e-07	0.003046321998993754	0.0008463227774550172	0.0011847841961532843	0.001354014905502418	1.6923070934913363e-07	0.0008463227774550172	0.0015232456148515515	1.6923070934913363e-07	0.00016939994005848273	0.009138627535562565	0.0010155534868041508	0.003554014127041155	0.0062617054766272925	0.0027078605802954864	0.004569398383135957	0.006092474767278159	0.0033847834176920213	0.009477088954260832	0.06363091594598358	0.0055847826392307585	0.06261553168988879	0.15095396197013652	0.03503092606598001	0.1155847437161676	0.31578467287619266	0.0697232214825524	0.04112323160254882	0.019461700805859718	0.04044630876515228	0.0028770912896446204	0.006092474767278159	0.001354014905502418	0.0011847841961532843	0.004230936964437689	0.00016939994005848273	1.6923070934913363e-07	0.0011847841961532843	0.00050786135875675	1.6923070934913363e-07	0.00050786135875675	0.00033863064940761636	1.6923070934913363e-07	0.00050786135875675	1.6923070934913363e-07	0.00033863064940761636	1.6923070934913363e-07	1.6923070934913363e-07	1.6923070934913363e-07	1.6923070934913363e-07	1.6923070934913363e-07	1.6923070934913363e-07	0.00016939994005848273	1.6923070934913363e-07	1.6923070934913363e-07	1.6923070934913363e-07	1.6923070934913363e-07	1.6923070934913363e-07	1.6923070934913363e-07	1.6923070934913363e-07	1.6923070934913363e-07	1.6923070934913363e-07	1.6923070934913363e-07	1.6923070934913363e-07	1.6923070934913363e-07	1.6923070934913363e-07	1.6923070934913363e-07	1.6923070934913363e-07	1.6923070934913363e-07	0.00016939994005848273	1.6923070934913363e-07	1.6923070934913363e-07	1.6923070934913363e-07	0.00016939994005848273	1.6923070934913363e-07	1.6923070934913363e-07	1.6923070934913363e-07	1.6923070934913363e-07
4 1	1.2848362469779044e-07	1.2848362469779044e-07	1.2848362469779044e-07	1.2848362469779044e-07	1.2848362469779044e-07	1.2848362469779044e-07	1.2848362469779044e-07	1.2848362469779044e-07	1.2848362469779044e-07	1.2848362469779044e-07	1.2848362469779044e-07	1.2848362469779044e-07	1.2848362469779044e-07	1.2848362469779044e-07	1.2848362469779044e-07	1.2848362469779044e-07	1.2848362469779044e-07	0.00012861210832248822	1.2848362469779044e-07	0.0005140629824158595	1.2848362469779044e-07	1.2848362469779044e-07	0.0005140629824158595	0.00012861210832248822	0.00012861210832248822	0.00064254660711365	1.2848362469779044e-07	0.00012861210832248822	0.00012861210832248822	1.2848362469779044e-07	0.00025709573302027864	1.2848362469779044e-07	0.0017988992293937638	0.00012861210832248822	0.0025698009775805063	0.00012861210832248822	0.0029552518516738776	0.001541931979998183	0.0007710302318114404	0.007580662340794334	0.004111604473953992	0.0007710302318114404	0.008608531338376657	0.016189065195546293	1.2848362469779044e-07	0.010921236582936885	0.008351564088981077	0.0010279974812070212	0.007709145965492124	0.033020420030956836	0.0019273828540915543	0.014390294449777227	0.02376959905271593	0.006809760592607591	0.031093165660489985	0.12128867019833887	0.006809760592607591	0.0429136591326867	0.13863395953254057	0.02980832941351208	0.06077288296567957	0.09289378914012718	0.04496939712785135	0.04458394625375798	0.05409173448139447	0.024026566302111512	0.006809760592607591	0.0994464539997145	0.008223080464283286	0.007323695091398753	0.00642430971851422	0.0005140629824158595	0.0037261535998606202	0.0023128337281849254	0.001541931979998183	0.0016704156046959734	0.002441317352882716	0.00025709573302027864	0.0007710302318114404	0.0020558664787893445	1.2848362469779044e-07	0.0003855793577180691	0.0003855793577180691	0.00012861210832248822	0.0003855793577180691	0.00025709573302027864	1.2848362469779044e-07	1.2848362469779044e-07	0.0005140629824158595	1.2848362469779044e-07	0.0007710302318114404	0.004111604473953992	1.2848362469779044e-07
4 2	1.4976577381803728e-07	1.4976577381803728e-07	1.4976577381803728e-07	1.4976577381803728e-07	1.4976577381803728e-07	1.4976577381803728e-07	1.4976577381803728e-07	1.4976577381803728e-07	1.4976577381803728e-07	1.4976577381803728e-07	1.4976577381803728e-07	1.4976577381803728e-07	0.00014991553959185528	1.4976577381803728e-07	1.4976577381803728e-07	1.4976577381803728e-07	0.00029968131340989254	1.4976577381803728e-07	0.00014991553959185528	1.4976577381803728e-07	1.4976577381803728e-07	1.4976577381803728e-07	1.4976577381803728e-07	1.4976577381803728e-07	1.4976577381803728e-07	1.4976577381803728e-07	1.4976577381803728e-07	0.00014991553959185528	1.4976577381803728e-07	1.4976577381803728e-07	1.4976577381803728e-07	0.000599212861045967	0.00014991553959185528	1.4976577381803728e-07	0.00029968131340989254	0.00029968131340989254	0.00014991553959185528	0.000599212861045967	1.4976577381803728e-07	0.00029968131340989254	0.0004494470872279298	0.00014991553959185528	0.0007489786348640042	0.0010485101825000787	0.0010485101825000787	0.002246636373044377	0.00644007803994942	0.0043433572064968985	0.044181053042094805	0.01752274530248418	0.03055236762465342	0.07563186554388263	0.2974349765683958	0.1048361914383999	0.05526372030462957	0.21386567477793103	0.06035575661444283	0.012280943218852874	0.03414674619628631	0.012880006314125024	0.002845699468316526	0.0032949967897706375	0.0038940598850427865	0.000599212861045967	0.0014978075039541905	0.0013480417301361533	0.000599212861045967	0.0025461679206804514	0.0004494470872279298	0.00014991553959185528	1.4976577381803728e-07	0.0007489786348640042	1.4976577381803728e-07	0.00014991553959185528	0.000599212861045967	0.000599212861045967	0.00029968131340989254	0.00014991553959185528	0.00014991553959185528	0.00029968131340989254	1.4976577381803728e-07	1.4976577381803728e-07	0.00014991553959185528	1.4976577381803728e-07	1.4976577381803728e-07	0.00014991553959185528	1.4976577381803728e-07	1.4976577381803728e-07	0.0007489786348640042	1.4976577381803728e-07	1.4976577381803728e-07	0.00014991553959185528	1.4976577381803728e-07
4 3	1.7895192510217702e-07	1.7895192510217702e-07	1.7895192510217702e-07	1.7895192510217702e-07	1.7895192510217702e-07	1.7895192510217702e-07	1.7895192510217702e-07	1.7895192510217702e-07	1.7895192510217702e-07	1.7895192510217702e-07	0.00017913087702727917	1.7895192510217702e-07	1.7895192510217702e-07	1.7895192510217702e-07	1.7895192510217702e-07	1.7895192510217702e-07	1.7895192510217702e-07	1.7895192510217702e-07	0.00017913087702727917	1.7895192510217702e-07	1.7895192510217702e-07	1.7895192510217702e-07	1.7895192510217702e-07	1.7895192510217702e-07	1.7895192510217702e-07	0.0005370347272316332	1.7895192510217702e-07	1.7895192510217702e-07	1.7895192510217702e-07	1.7895192510217702e-07	1.7895192510217702e-07	0.00017913087702727917	1.7895192510217702e-07	1.7895192510217702e-07	0.0007159866523338102	1.7895192510217702e-07	1.7895192510217702e-07	0.00017913087702727917	0.00017913087702727917	0.0007159866523338102	0.0012528424276403412	1.7895192510217702e-07	0.0005370347272316332	0.0023265539782534035	0.0007159866523338102	0.06513867968911753	0.018969083012755867	0.04921195835502378	0.07354942016891985	0.48746522293025535	0.12508757459834682	0.02236916958969723	0.03990645824971058	0.09054985305362667	0.0017896982029468724	0.006442448255603475	0.004116073229275173	1.7895192510217702e-07	0.0030423616786621113	0.00017913087702727917	0.0003580828021294562	0.0008949385774359872	0.00017913087702727917	0.0003580828021294562	0.00017913087702727917	0.00017913087702727917	0.00017913087702727917	0.0010738905025381642	1.7895192510217702e-07	1.7895192510217702e-07	1.7895192510217702e-07	1.7895192510217702e-07	1.7895192510217702e-07	1.7895192510217702e-07	1.7895192510217702e-07	0.00017913087702727917	0.00017913087702727917	1.7895192510217702e-07	1.7895192510217702e-07	1.7895192510217702e-07	1.7895192510217702e-07	1.7895192510217702e-07	1.7895192510217702e-07	1.7895192510217702e-07	1.7895192510217702e-07	1.7895192510217702e-07	1.7895192510217702e-07	1.7895192510217702e-07	0.00017913087702727917	1.7895192510217702e-07	1.7895192510217702e-07	0.0005370347272316332	1.7895192510217702e-07
4 4	3.595919350720804e-06	3.595919350720804e-06	3.595919350720804e-06	3.595919350720804e-06	3.595919350720804e-06	3.595919350720804e-06	3.595919350720804e-06	3.595919350720804e-06	3.595919350720804e-06	3.595919350720804e-06	3.595919350720804e-06	3.595919350720804e-06	3.595919350720804e-06	3.595919350720804e-06	3.595919350720804e-06	3.595919350720804e-06	3.595919350720804e-06	3.595919350720804e-06	3.595919350720804e-06	3.595919350720804e-06	3.595919350720804e-06	3.595919350720804e-06	3.595919350720804e-06	3.595919350720804e-06	3.595919350720804e-06	0.007195434620792329	0.0035995152700715244	3.595919350720804e-06	3.595919350720804e-06	0.0035995152700715244	0.0035995152700715244	3.595919350720804e-06	0.0035995152700715244	3.595919350720804e-06	0.01798319267295474	3.595919350720804e-06	0.007195434620792329	0.025175031374396348	0.007195434620792329	0.014387273322233935	0.014387273322233935	0.010791353971513132	0.04315462812800037	0.014387273322233935	0.0035995152700715244	0.039558708777279565	0.5609670146317962	0.039558708777279565	0.0035995152700715244	0.014387273322233935	0.04315462812800037	0.010791353971513132	0.014387273322233935	0.014387273322233935	0.007195434620792329	0.025175031374396348	0.007195434620792329	3.595919350720804e-06	0.01798319267295474	3.595919350720804e-06	0.0035995152700715244	3.595919350720804e-06	0.0035995152700715244	0.0035995152700715244	3.595919350720804e-06	3.595919350720804e-06	0.0035995152700715244	0.007195434620792329	3.595919350720804e-06	3.595919350720804e-06	3.595919350720804e-06	3.595919350720804e-06	3.595919350720804e-06	3.595919350720804e-06	3.595919350720804e-06	3.595919350720804e-06	3.595919350720804e-06	3.595919350720804e-06	3.595919350720804e-06	3.595919350720804e-06	3.595919350720804e-06	3.595919350720804e-06	3.595919350720804e-06	3.595919350720804e-06	3.595919350720804e-06	3.595919350720804e-06	3.595919350720804e-06	3.595919350720804e-06	3.595919350720804e-06	3.595919350720804e-06	3.595919350720804e-06	3.595919350720804e-06	3.595919350720804e-06
4 5	0.00043555931497250914	0.0002178884928972922	2.1767082207521698e-07	2.1767082207521698e-07	0.00108857178119816	2.1767082207521698e-07	2.1767082207521698e-07	0.0002178884928972922	0.0002178884928972922	2.1767082207521698e-07	0.0006532301370477261	0.00043555931497250914	0.0006532301370477261	0.006748013155153801	2.1767082207521698e-07	2.1767082207521698e-07	0.000870900959122943	0.0006532301370477261	0.0002178884928972922	0.001741584247423811	2.1767082207521698e-07	0.00043555931497250914	0.00108857178119816	0.00108857178119816	0.00043555931497250914	0.01414882110571118	0.0002178884928972922	0.0002178884928972922	0.004788975756476848	0.0028299383577998958	0.000870900959122943	0.001959255069499028	0.012407454529109444	0.004788975756476848	0.03373919509248071	0.001523913425348594	0.009577733842131623	0.022420312344569426	0.0074010256213794525	0.081191434304878	0.0914219629424132	0.03199782851587897	0.11362438679408533	0.3926783806945135	0.05768298552075457	0.019372920835516387	0.01784922508098987	0.04157534468718852	0.002176925891574245	0.005224317400627282	0.0026122675357246787	0.0006532301370477261	0.001306242603273377	0.001306242603273377	0.0002178884928972922	0.001306242603273377	2.1767082207521698e-07	2.1767082207521698e-07	0.00108857178119816	0.0002178884928972922	2.1767082207521698e-07	0.00043555931497250914	2.1767082207521698e-07	2.1767082207521698e-07	2.1767082207521698e-07	0.0002178884928972922	2.1767082207521698e-07	0.00108857178119816	2.1767082207521698e-07	2.1767082207521698e-07	2.1767082207521698e-07	2.1767082207521698e-07	0.0002178884928972922	2.1767082207521698e-07	2.1767082207521698e-07	2.1767082207521698e-07	2.1767082207521698e-07	2.1767082207521698e-07	2.1767082207521698e-07	0.00043555931497250914	2.1767082207521698e-07	2.1767082207521698e-07	2.1767082207521698e-07	2.1767082207521698e-07	2.1767082207521698e-07	2.1767082207521698e-07	2.1767082207521698e-07	2.1767082207521698e-07	2.1767082207521698e-07	2.1767082207521698e-07	2.1767082207521698e-07	2.1767082207521698e-07	2.1767082207521698e-07
5 1	5.669868611567676e-08	5.675538480179243e-05	5.669868611567676e-08	5.669868611567676e-08	5.669868611567676e-08	5.669868611567676e-08	5.669868611567676e-08	5.669868611567676e-08	5.669868611567676e-08	5.669868611567676e-08	5.669868611567676e-08	5.669868611567676e-08	5.669868611567676e-08	5.669868611567676e-08	5.669868611567676e-08	5.669868611567676e-08	5.669868611567676e-08	0.0005670435598428832	5.675538480179243e-05	0.00011345407091746919	0.00022685144314882268	5.669868611567676e-08	5.675538480179243e-05	5.669868611567676e-08	5.669868611567676e-08	0.0011907291071153274	5.669868611567676e-08	5.669868611567676e-08	5.669868611567676e-08	0.0002835501292644994	0.00039694750149585296	0.00011345407091746919	0.00022685144314882268	5.675538480179243e-05	0.0014742225376937112	5.669868611567676e-08	0.0003402488153801762	0.0007371396181899135	0.0010206330487682973	0.00039694750149585296	0.0009072356765369437	0.0006804409320742367	0.0002835501292644994	0.0006804409320742367	0.00022685144314882268	0.0006804409320742367	0.007540981952071125	0.0015876199099250647	0.0009639343626526204	0.0038555673545521353	0.0007371396181899135	0.0020412093988504787	0.005726623996369469	0.0025514975738915695	0.0038555673545521353	0.018030238883471324	0.0013608251654623578	0.016952963847273465	0.09570743886194848	0.008164667499343569	0.026761836545285543	0.08425430426658177	0.027725714209252048	0.024267094356195767	0.07523921317418918	0.034926447345942996	0.012303671585787972	0.3482433868211728	0.014004632169258275	0.009071846477194397	0.029710168223300738	0.0107728070606647	0.010035724141160902	0.016442675672232374	0.005783322682485145	0.007540981952071125	0.02489077990346821	0.0027215936322386	0.002438100201660216	0.01236037027190365	0.001757715968272095	0.0021546067710818324	0.005216335821328378	0.0023814015155445394	0.004422554215708903	0.004082362099014842	0.0005103448737272065	0.0002835501292644994	0.004932842390749994	5.675538480179243e-05	0.002268004143313186	0.010149121513392256	0.002438100201660216
5 2	1.508501992655707e-07	1.508501992655707e-07	1.508501992655707e-07	1.508501992655707e-07	1.508501992655707e-07	1.508501992655707e-07	1.508501992655707e-07	1.508501992655707e-07	1.508501992655707e-07	1.508501992655707e-07	1.508501992655707e-07	1.508501992655707e-07	1.508501992655707e-07	1.508501992655707e-07	1.508501992655707e-07	1.508501992655707e-07	1.508501992655707e-07	1.508501992655707e-07	1.508501992655707e-07	0.00015100104946483625	1.508501992655707e-07	1.508501992655707e-07	1.508501992655707e-07	1.508501992655707e-07	1.508501992655707e-07	1.508501992655707e-07	1.508501992655707e-07	1.508501992655707e-07	1.508501992655707e-07	1.508501992655707e-07	1.508501992655707e-07	0.00015100104946483625	1.508501992655707e-07	0.00015100104946483625	0.0004527014479959777	1.508501992655707e-07	1.508501992655707e-07	0.001206952444323831	0.00015100104946483625	1.508501992655707e-07	0.00030185124873040694	0.00030185124873040694	1.508501992655707e-07	0.0010561022450582603	1.508501992655707e-07	0.0009052520457926897	0.003620555632572962	0.0010561022450582603	0.0015086528428549725	0.006486709418618806	0.003620555632572962	0.009956264001726932	0.012219016990710494	0.023834482334159437	0.017498773965005467	0.22295674536471277	0.038466951662919795	0.03182954289523469	0.2550878378082793	0.054909623382867	0.04178565604676235	0.07768800347196818	0.06335723454173896	0.0075426608134778	0.021119178747379164	0.036656749271732944	0.001810353241386114	0.018705575559130033	0.0022629038391828262	0.000754401846527119	0.004223956429635245	0.0019612034406516848	0.0019612034406516848	0.0028663046362451088	0.0022629038391828262	0.0039222560311041035	0.005581608223025381	0.0004527014479959777	0.0006035516472615483	0.0045256568281663865	0.0006035516472615483	1.508501992655707e-07	0.0022629038391828262	0.0016595030421205433	0.000754401846527119	0.0009052520457926897	0.00015100104946483625	1.508501992655707e-07	0.0009052520457926897	0.0004527014479959777	0.0010561022450582603	0.0025646042377139673	0.000754401846527119
5 3	1.692307093491336e-07	1.692307093491336e-07	1.692307093491336e-07	1.692307093491336e-07	0.0001693999400584827	1.692307093491336e-07	1.692307093491336e-07	1.692307093491336e-07	0.0001693999400584827	1.692307093491336e-07	1.692307093491336e-07	1.692307093491336e-07	1.692307093491336e-07	1.692307093491336e-07	1.692307093491336e-07	1.692307093491336e-07	1.692307093491336e-07	1.692307093491336e-07	1.692307093491336e-07	1.692307093491336e-07	1.692307093491336e-07	1.692307093491336e-07	1.692307093491336e-07	1.692307093491336e-07	1.692307093491336e-07	0.0001693999400584827	1.692307093491336e-07	1.692307093491336e-07	1.692307093491336e-07	1.692307093491336e-07	1.692307093491336e-07	1.692307093491336e-07	0.0003386306494076163	1.692307093491336e-07	0.0005078613587567499	1.692307093491336e-07	0.0003386306494076163	0.0005078613587567499	1.692307093491336e-07	0.0005078613587567499	0.0011847841961532843	1.692307093491336e-07	0.0001693999400584827	0.004230936964437689	0.0011847841961532843	0.0013540149055024178	0.006092474767278158	0.00287709128964462	0.04044630876515228	0.019461700805859714	0.04112323160254881	0.06972322148255239	0.3157846728761926	0.11558474371616759	0.03503092606598	0.1509539619701365	0.06261553168988877	0.005584782639230758	0.06363091594598358	0.00947708895426083	0.0033847834176920204	0.006092474767278158	0.004569398383135956	0.0027078605802954864	0.006261705476627292	0.0035540141270411544	0.0010155534868041506	0.009138627535562563	0.0001693999400584827	1.692307093491336e-07	0.0015232456148515513	0.000846322777455017	1.692307093491336e-07	0.0013540149055024178	0.0011847841961532843	0.000846322777455017	0.0030463219989937534	1.692307093491336e-07	0.0001693999400584827	0.000846322777455017	0.0006770920681058834	0.0005078613587567499	0.0005078613587567499	0.0001693999400584827	0.0005078613587567499	0.0003386306494076163	0.0001693999400584827	1.692307093491336e-07	1.692307093491336e-07	1.692307093491336e-07	0.0001693999400584827	0.0010155534868041506	1.692307093491336e-07
5 4	2.1767082207521698e-07	2.1767082207521698e-07	2.1767082207521698e-07	2.1767082207521698e-07	2.1767082207521698e-07	2.1767082207521698e-07	2.1767082207521698e-07	2.1767082207521698e-07	2.1767082207521698e-07	2.1767082207521698e-07	2.1767082207521698e-07	2.1767082207521698e-07	2.1767082207521698e-07	0.00043555931497250914	2.1767082207521698e-07	2.1767082207521698e-07	2.1767082207521698e-07	2.1767082207521698e-07	2.1767082207521698e-07	2.1767082207521698e-07	0.0002178884928972922	2.1767082207521698e-07	2.1767082207521698e-07	2.1767082207521698e-07	2.1767082207521698e-07	0.00108857178119816	2.1767082207521698e-07	0.0002178884928972922	2.1767082207521698e-07	2.1767082207521698e-07	2.1767082207521698e-07	0.00043555931497250914	2.1767082207521698e-07	0.0002178884928972922	0.00108857178119816	2.1767082207521698e-07	2.1767082207521698e-07	0.001306242603273377	0.0002178884928972922	0.001306242603273377	0.001306242603273377	0.0006532301370477261	0.0026122675357246787	0.005224317400627282	0.002176925891574245	0.04157534468718852	0.01784922508098987	0.019372920835516387	0.05768298552075457	0.3926783806945135	0.11362438679408533	0.03199782851587897	0.0914219629424132	0.081191434304878	0.0074010256213794525	0.022420312344569426	0.009577733842131623	0.001523913425348594	0.03373919509248071	0.004788975756476848	0.012407454529109444	0.001959255069499028	0.000870900959122943	0.0028299383577998958	0.004788975756476848	0.0002178884928972922	0.0002178884928972922	0.01414882110571118	0.00043555931497250914	0.00108857178119816	0.00108857178119816	0.00043555931497250914	2.1767082207521698e-07	0.001741584247423811	0.0002178884928972922	0.0006532301370477261	0.000870900959122943	2.1767082207521698e-07	2.1767082207521698e-07	0.006748013155153801	0.0006532301370477261	0.00043555931497250914	0.0006532301370477261	2.1767082207521698e-07	0.0002178884928972922	0.0002178884928972922	2.1767082207521698e-07	2.1767082207521698e-07	0.00108857178119816	2.1767082207521698e-07	2.1767082207521698e-07	0.0002178884928972922	0.00043555931497250914
5 5	5.376075282257394e-07	0.000538145135753965	0.000538145135753965	5.376075282257394e-07	0.0016133601922054437	5.376075282257394e-07	5.376075282257394e-07	0.0021509677204311827	5.376075282257394e-07	5.376075282257394e-07	5.376075282257394e-07	0.005376612889785619	0.000538145135753965	0.017741586038977623	0.000538145135753965	5.376075282257394e-07	0.002688575248656922	0.016666370982526144	0.000538145135753965	5.376075282257394e-07	5.376075282257394e-07	5.376075282257394e-07	0.0016133601922054437	5.376075282257394e-07	5.376075282257394e-07	0.08870577976477523	0.0016133601922054437	5.376075282257394e-07	0.0021509677204311827	0.00483900536155988	0.005914220418011359	0.017741586038977623	0.046234785034941814	0.0075270430026885765	0.06558865605106844	0.004301397833334141	0.0032261827768826617	0.04247153233736164	0.013978333341397448	0.005376612889785619	0.0032261827768826617	0.0032261827768826617	0.006451827946237098	0.026343306490589455	0.01236551075672023	0.0069894354744628375	0.1623580111317015	0.0069894354744628375	0.01236551075672023	0.026343306490589455	0.006451827946237098	0.0032261827768826617	0.0032261827768826617	0.005376612889785619	0.013978333341397448	0.04247153233736164	0.0032261827768826617	0.004301397833334141	0.06558865605106844	0.0075270430026885765	0.046234785034941814	0.017741586038977623	0.005914220418011359	0.00483900536155988	0.0021509677204311827	5.376075282257394e-07	0.0016133601922054437	0.08870577976477523	5.376075282257394e-07	5.376075282257394e-07	0.0016133601922054437	5.376075282257394e-07	5.376075282257394e-07	5.376075282257394e-07	0.000538145135753965	0.016666370982526144	0.002688575248656922	5.376075282257394e-07	0.000538145135753965	0.017741586038977623	0.000538145135753965	0.005376612889785619	5.376075282257394e-07	5.376075282257394e-07	5.376075282257394e-07	0.0021509677204311827	5.376075282257394e-07	5.376075282257394e-07	0.0016133601922054437	5.376075282257394e-07	0.000538145135753965	0.000538145135753965	5.376075282257394e-07
### Output Prob 2nd Right
1 1	5.079728110600716e-08	0.0009144018571892348	0.00015244264059912748	5.079728110600716e-08	0.000660415451659199	5.079728110600716e-08	0.0004572263272351704	0.00030483448391714895	0.00010164535949312032	0.00010164535949312032	0.0005588208894471848	0.00015244264059912748	0.00030483448391714895	0.0014223746682493063	0.00010164535949312032	0.0002540372028111418	0.0005588208894471848	5.079728110600716e-08	0.001320780106037292	0.0008128072949772204	0.00010164535949312032	0.0006096181705531918	0.0011175909816132634	0.0004572263272351704	0.0004572263272351704	0.007924426649818224	5.084807838711316e-05	0.0011175909816132634	0.002235131165945421	0.0007112127327652062	0.0018287529170973637	0.002946293101429521	0.0017271583548853493	0.002641509414793478	0.011073858078390666	0.003708252318019629	0.0026923066958994854	0.022554043608348284	0.0032002795069595567	0.008330804898666281	0.028294136373327092	0.014883654161341202	0.021842881672864183	0.07568799964523178	0.02097932789406206	0.027278190751206948	0.45473731125825717	0.027278190751206948	0.02097932789406206	0.07568799964523178	0.021842881672864183	0.014883654161341202	0.028294136373327092	0.008330804898666281	0.0032002795069595567	0.022554043608348284	0.0026923066958994854	0.003708252318019629	0.011073858078390666	0.002641509414793478	0.0017271583548853493	0.002946293101429521	0.0018287529170973637	0.0007112127327652062	0.002235131165945421	0.0011175909816132634	5.084807838711316e-05	0.007924426649818224	0.0004572263272351704	0.0004572263272351704	0.0011175909816132634	0.0006096181705531918	0.00010164535949312032	0.0008128072949772204	0.001320780106037292	5.079728110600716e-08	0.0005588208894471848	0.0002540372028111418	0.00010164535949312032	0.0014223746682493063	0.00030483448391714895	0.00015244264059912748	0.0005588208894471848	0.00010164535949312032	0.00010164535949312032	0.00030483448391714895	0.0004572263272351704	5.079728110600716e-08	0.000660415451659199	5.079728110600716e-08	0.00015244264059912748	0.0009144018571892348	5.079728110600716e-08
1 2	9.684204858507472e-08	0.0003874650363888839	9.684204858507472e-08	9.684204858507472e-08	9.684204858507472e-08	9.693889063365979e-05	9.693889063365979e-05	9.693889063365979e-05	0.0001937809392187345	9.693889063365979e-05	0.0001937809392187345	9.684204858507472e-08	9.684204858507472e-08	0.0008716752793142574	9.684204858507472e-08	0.0001937809392187345	0.0004843070849739586	9.693889063365979e-05	0.0011622014250694816	0.001065359376484407	0.000677991182144108	0.0004843070849739586	0.0007748332307291828	0.000677991182144108	9.684204858507472e-08	0.0011622014250694816	9.693889063365979e-05	0.004067462882621723	0.0021306219109202286	0.0019369378137500792	0.001646411667994855	0.005229567465642619	0.0009685173278993322	0.0003874650363888839	0.009296933506215759	0.002614832153845602	0.0007748332307291828	0.008037986874609788	0.012299037012353074	0.001646411667994855	0.043966386899672506	0.02208008391944562	0.004551673125547096	0.022854820308126217	0.04028638905343966	0.009296933506215759	0.06294742842234714	0.03418533999257996	0.027019028397284428	0.13412633413237707	0.06265690227659193	0.04532217557986355	0.0876421508115412	0.055200064535541174	0.027987448883135174	0.09800425001014419	0.04077059929636504	0.01568850871283069	0.04716217450297997	0.01036219604065158	0.004939041319887395	0.009393775554800834	0.006294830000078442	0.0017432537165799297	0.004454831076962022	0.0025179901052605276	0.0011622014250694816	0.007166408437344115	0.0003874650363888839	0.0001937809392187345	0.0015495696194097804	0.0004843070849739586	0.0003874650363888839	0.0005811491335590333	0.0007748332307291828	9.684204858507472e-08	0.0011622014250694816	0.0014527275708247057	9.684204858507472e-08	0.0004843070849739586	0.0003874650363888839	9.693889063365979e-05	9.693889063365979e-05	0.0002906229878038092	9.693889063365979e-05	9.684204858507472e-08	0.0002906229878038092	9.684204858507472e-08	0.000677991182144108	9.684204858507472e-08	9.684204858507472e-08	0.0008716752793142574	9.684204858507472e-08
1 3	8.615130285987037e-05	8.606523762224813e-08	8.606523762224813e-08	8.606523762224813e-08	8.606523762224813e-08	8.606523762224813e-08	8.606523762224813e-08	8.615130285987037e-05	0.0001722165404821185	8.606523762224813e-08	0.00043041225334886286	8.606523762224813e-08	8.606523762224813e-08	0.000516477490971111	8.606523762224813e-08	8.606523762224813e-08	0.00034434701572661473	8.606523762224813e-08	0.0008607384414601035	0.000516477490971111	8.615130285987037e-05	0.0001722165404821185	0.00025828177810436665	8.615130285987037e-05	8.606523762224813e-08	0.0006886079662156072	8.606523762224813e-08	0.00043041225334886286	0.00043041225334886286	0.00025828177810436665	0.000516477490971111	0.0007746732038378554	0.00034434701572661473	0.0001722165404821185	0.003098434619638555	0.001118934154326848	0.0009468036790823516	0.002668108431527314	0.004131217471105533	0.002065651768171577	0.01067217553039639	0.0057664569859282476	0.00043041225334886286	0.008262348876973443	0.007659892213617707	0.0012910646295713442	0.05034825007425278	0.004991869847328014	0.010758240768018639	0.022377047847022134	0.06231131810374527	0.024270483074711593	0.19054852216089502	0.07393012518274877	0.02478687450044508	0.09226202079628762	0.052672011490053475	0.021258199757932913	0.12186846253834098	0.04991792388614154	0.018504112154020973	0.033909789688403386	0.02668030972813454	0.008176283639351195	0.011877088857107865	0.01531969836199779	0.001204999391949096	0.012393480282841355	0.001979586530549329	0.0006025427285933591	0.0023238474810383216	0.0010328689167045998	0.0008607384414601035	0.001118934154326848	0.00025828177810436665	0.00034434701572661473	0.0022377822434160735	0.00025828177810436665	8.615130285987037e-05	0.0006025427285933591	0.00034434701572661473	8.615130285987037e-05	0.0001722165404821185	0.00025828177810436665	8.615130285987037e-05	8.606523762224813e-08	8.615130285987037e-05	8.606523762224813e-08	8.615130285987037e-05	0.00043041225334886286	0.00025828177810436665	0.0006886079662156072	8.615130285987037e-05
1 4	1.4005419817360922e-07	0.0001401942523717828	1.4005419817360922e-07	1.4005419817360922e-07	1.4005419817360922e-07	1.4005419817360922e-07	1.4005419817360922e-07	1.4005419817360922e-07	0.000280248450545392	1.4005419817360922e-07	1.4005419817360922e-07	1.4005419817360922e-07	1.4005419817360922e-07	0.0015407362341078748	1.4005419817360922e-07	1.4005419817360922e-07	0.000280248450545392	1.4005419817360922e-07	0.0001401942523717828	1.4005419817360922e-07	1.4005419817360922e-07	1.4005419817360922e-07	1.4005419817360922e-07	0.0001401942523717828	1.4005419817360922e-07	0.000980519441413438	1.4005419817360922e-07	0.0001401942523717828	0.0001401942523717828	0.0004203026487190012	0.0007004110450662196	0.0004203026487190012	0.0001401942523717828	1.4005419817360922e-07	0.00420176599940645	0.000280248450545392	0.0001401942523717828	0.0015407362341078748	0.0007004110450662196	0.0004203026487190012	0.0019608988286287025	0.0014006820359342656	0.0007004110450662196	0.0075630667555730705	0.001120573639587047	0.0007004110450662196	0.02030799878937151	0.0018208446304550931	0.0022410072249759204	0.012745072087996611	0.010364150719045256	0.0057423621793161505	0.023109082752843693	0.019467673600329853	0.01330528888069105	0.12618897260862005	0.022969028554670083	0.026050220914489487	0.15630062521594604	0.04635807964966282	0.05546160253094742	0.1145644741602105	0.06554550479944728	0.025069841527274223	0.05602181932364186	0.09131547726339137	0.005322199584795323	0.04159623691176011	0.003921657603059231	0.0028012240176703575	0.006162524773836979	0.001680790432281484	0.003781603404885622	0.003081332414017576	0.0018208446304550931	1.4005419817360922e-07	0.0022410072249759204	0.000280248450545392	1.4005419817360922e-07	0.0005603568468926103	0.000280248450545392	0.000280248450545392	0.0005603568468926103	0.0004203026487190012	1.4005419817360922e-07	0.0007004110450662196	0.0004203026487190012	1.4005419817360922e-07	0.000280248450545392	0.0012606278377606565	0.0001401942523717828	0.001120573639587047	0.0001401942523717828
1 5	1.1604841679206664e-07	1.1604841679206664e-07	1.1604841679206664e-07	1.1604841679206664e-07	1.1604841679206664e-07	1.1604841679206664e-07	1.1604841679206664e-07	1.1604841679206664e-07	1.1604841679206664e-07	1.1604841679206664e-07	1.1604841679206664e-07	1.1604841679206664e-07	1.1604841679206664e-07	0.0001161644652088587	1.1604841679206664e-07	1.1604841679206664e-07	1.1604841679206664e-07	1.1604841679206664e-07	1.1604841679206664e-07	1.1604841679206664e-07	1.1604841679206664e-07	1.1604841679206664e-07	0.0001161644652088587	1.1604841679206664e-07	1.1604841679206664e-07	0.00034826129879299197	1.1604841679206664e-07	1.1604841679206664e-07	1.1604841679206664e-07	1.1604841679206664e-07	1.1604841679206664e-07	1.1604841679206664e-07	1.1604841679206664e-07	1.1604841679206664e-07	0.0001161644652088587	0.0001161644652088587	1.1604841679206664e-07	0.0009285033827533251	0.00023221288200092534	0.0001161644652088587	0.0013926970499215916	0.0001161644652088587	0.00023221288200092534	0.0011606002163374585	0.00023221288200092534	0.0001161644652088587	0.009167940974990057	0.001276648633129525	0.00034826129879299197	0.004642052720099457	0.0032494717185946576	0.0023210843842581246	0.006730924222356657	0.003945762219347057	0.001624793883505725	0.029824559163977915	0.005918585304812191	0.015434555481761656	0.1126831287535135	0.017523426984018854	0.042357788177521116	0.1105942572512563	0.030985043331898582	0.019264153235899854	0.08425126663945717	0.036091173670749516	0.01218519981158379	0.28408664035539594	0.007891408390277323	0.011024715643663124	0.026923348744176255	0.005918585304812191	0.01009632830932659	0.019264153235899854	0.007775359973485258	0.002901326468218458	0.01253334506195999	0.008935844141405924	0.0006964065491691919	0.009980279892534524	0.0010445517995453918	0.004293907469723257	0.0020889875506739913	0.003133423301802591	0.0004643097155850586	0.0024371328010501913	0.0024371328010501913	0.00034826129879299197	0.008239553640653523	0.0015087454667136583	0.0005803581323771252	0.005570440054435991	0.004061810636139124
2 1	9.684204858507472e-08	0.0008716752793142574	9.684204858507472e-08	9.684204858507472e-08	0.000677991182144108	9.684204858507472e-08	0.0002906229878038092	9.684204858507472e-08	9.693889063365979e-05	0.0002906229878038092	9.693889063365979e-05	9.693889063365979e-05	0.0003874650363888839	0.0004843070849739586	9.684204858507472e-08	0.0014527275708247057	0.0011622014250694816	9.684204858507472e-08	0.0007748332307291828	0.0005811491335590333	0.0003874650363888839	0.0004843070849739586	0.0015495696194097804	0.0001937809392187345	0.0003874650363888839	0.007166408437344115	0.0011622014250694816	0.0025179901052605276	0.004454831076962022	0.0017432537165799297	0.006294830000078442	0.009393775554800834	0.004939041319887395	0.01036219604065158	0.04716217450297997	0.01568850871283069	0.04077059929636504	0.09800425001014419	0.027987448883135174	0.055200064535541174	0.0876421508115412	0.04532217557986355	0.06265690227659193	0.13412633413237707	0.027019028397284428	0.03418533999257996	0.06294742842234714	0.009296933506215759	0.04028638905343966	0.022854820308126217	0.004551673125547096	0.02208008391944562	0.043966386899672506	0.001646411667994855	0.012299037012353074	0.008037986874609788	0.0007748332307291828	0.002614832153845602	0.009296933506215759	0.0003874650363888839	0.0009685173278993322	0.005229567465642619	0.001646411667994855	0.0019369378137500792	0.0021306219109202286	0.004067462882621723	9.693889063365979e-05	0.0011622014250694816	9.684204858507472e-08	0.000677991182144108	0.0007748332307291828	0.0004843070849739586	0.000677991182144108	0.001065359376484407	0.0011622014250694816	9.693889063365979e-05	0.0004843070849739586	0.0001937809392187345	9.684204858507472e-08	0.0008716752793142574	9.684204858507472e-08	9.684204858507472e-08	0.0001937809392187345	9.693889063365979e-05	0.0001937809392187345	9.693889063365979e-05	9.693889063365979e-05	9.693889063365979e-05	9.684204858507472e-08	9.684204858507472e-08	9.684204858507472e-08	0.0003874650363888839	9.684204858507472e-08
2 2	0.00017205365425710696	0.00017205365425710696	8.5983835210948e-08	8.606981904615894e-05	0.000258037489468055	8.5983835210948e-08	8.5983835210948e-08	0.000258037489468055	8.5983835210948e-08	8.606981904615894e-05	0.00017205365425710696	8.606981904615894e-05	0.000258037489468055	0.000258037489468055	8.5983835210948e-08	8.5983835210948e-08	0.001117875841577535	8.5983835210948e-08	0.00034402132467900294	0.00017205365425710696	8.606981904615894e-05	8.5983835210948e-08	8.606981904615894e-05	0.000773940500733743	0.00043000515988995096	0.004557229250015455	0.00034402132467900294	0.000945908171155639	0.0014618111824213269	0.0005159889951008989	0.001289843511999431	0.002665584875374599	0.0014618111824213269	0.001977714193687015	0.008340517999297168	0.003955342403538819	0.003353455557062183	0.012725693595055517	0.008082566493664324	0.006276905954234416	0.0327599271992064	0.020550222599251784	0.01212380674857888	0.03215804035272976	0.018228659048556188	0.006276905954234416	0.6302615980800841	0.006276905954234416	0.018228659048556188	0.03215804035272976	0.01212380674857888	0.020550222599251784	0.0327599271992064	0.006276905954234416	0.008082566493664324	0.012725693595055517	0.003353455557062183	0.003955342403538819	0.008340517999297168	0.001977714193687015	0.0014618111824213269	0.002665584875374599	0.001289843511999431	0.0005159889951008989	0.0014618111824213269	0.000945908171155639	0.00034402132467900294	0.004557229250015455	0.00043000515988995096	0.000773940500733743	8.606981904615894e-05	8.5983835210948e-08	8.606981904615894e-05	0.00017205365425710696	0.00034402132467900294	8.5983835210948e-08	0.001117875841577535	8.5983835210948e-08	8.5983835210948e-08	0.000258037489468055	0.000258037489468055	8.606981904615894e-05	0.00017205365425710696	8.606981904615894e-05	8.5983835210948e-08	0.000258037489468055	8.5983835210948e-08	8.5983835210948e-08	0.000258037489468055	8.606981904615894e-05	8.5983835210948e-08	0.00017205365425710696	0.00017205365425710696
2 3	1.634763440738926e-07	1.634763440738926e-07	1.634763440738926e-07	1.634763440738926e-07	0.00032711616449185906	1.634763440738926e-07	1.634763440738926e-07	0.00016363982041796648	1.634763440738926e-07	1.634763440738926e-07	0.00016363982041796648	1.634763440738926e-07	1.634763440738926e-07	1.634763440738926e-07	1.634763440738926e-07	0.00016363982041796648	0.00016363982041796648	1.634763440738926e-07	0.00016363982041796648	0.00016363982041796648	1.634763440738926e-07	1.634763440738926e-07	1.634763440738926e-07	0.00016363982041796648	1.634763440738926e-07	0.0006540688526396442	0.00032711616449185906	0.0013079742289352145	0.001144497884861322	0.0006540688526396442	0.0021253559493046776	0.005231406486708636	0.002615784981526355	0.0006540688526396442	0.01291479465818159	0.0016349269170829997	0.005231406486708636	0.004904453798560852	0.01291479465818159	0.008173980680038703	0.06097683981590601	0.026483331216314673	0.011443507561516556	0.019453848421137294	0.01781908498039837	0.030897192506309776	0.09350863228661063	0.03874405702185662	0.06506374841775332	0.23507914625460163	0.05280302261221138	0.056236025837763125	0.05607254949368923	0.04855263766629017	0.020271230141506755	0.03678234089296991	0.007193122615595348	0.008991362400408166	0.01602084519558555	0.0029427376696741403	0.003760119390043603	0.004904453798560852	0.0032696903578219253	0.0016349269170829997	0.001961879605230785	0.0013079742289352145	0.0021253559493046776	0.0032696903578219253	0.00032711616449185906	0.0008175451967135368	0.0008175451967135368	0.0009810215407874293	0.0006540688526396442	0.0004905925085657517	0.0006540688526396442	0.00032711616449185906	0.0024523086374524626	0.00032711616449185906	1.634763440738926e-07	0.00016363982041796648	0.00032711616449185906	1.634763440738926e-07	0.00032711616449185906	0.00016363982041796648	0.00016363982041796648	0.00032711616449185906	1.634763440738926e-07	0.00032711616449185906	0.0004905925085657517	0.00016363982041796648	1.634763440738926e-07	0.00016363982041796648	1.634763440738926e-07
2 4	1.5446179101844844e-07	1.5446179101844844e-07	1.5446179101844844e-07	1.5446179101844844e-07	1.5446179101844844e-07	1.5446179101844844e-07	1.5446179101844844e-07	1.5446179101844844e-07	1.5446179101844844e-07	1.5446179101844844e-07	0.0003090780438279153	1.5446179101844844e-07	0.00015461625280946685	1.5446179101844844e-07	1.5446179101844844e-07	1.5446179101844844e-07	1.5446179101844844e-07	1.5446179101844844e-07	1.5446179101844844e-07	1.5446179101844844e-07	1.5446179101844844e-07	1.5446179101844844e-07	1.5446179101844844e-07	1.5446179101844844e-07	1.5446179101844844e-07	0.00015461625280946685	1.5446179101844844e-07	0.00015461625280946685	0.000926925207901709	1.5446179101844844e-07	0.00015461625280946685	0.0013903105809570542	0.0012358487899386057	0.000926925207901709	0.010040170877990168	0.00015461625280946685	0.0006180016258648121	0.0006180016258648121	0.005251855356418265	0.0026260049091046413	0.017299875055857245	0.008650014758824131	0.0018536959540123995	0.009422323713916372	0.0015447723719755027	0.003089390282159987	0.03707098430621864	0.003861699237252229	0.034136210276868126	0.026258658934927254	0.053289472363155725	0.10163601295193009	0.2744787571015739	0.055297475646395554	0.05189931624398969	0.1207892750382177	0.03521744281399726	0.019925725503170868	0.04201376161880899	0.014365101026506724	0.012048174161229996	0.013592792071414481	0.006333087893547404	0.004325084610307574	0.005251855356418265	0.0018536959540123995	0.000926925207901709	0.004942931774381368	0.00046353983484636376	0.0010813869989201575	0.0012358487899386057	0.00046353983484636376	0.0007724634168832606	0.0018536959540123995	0.00046353983484636376	0.0006180016258648121	0.0013903105809570542	0.0007724634168832606	0.00046353983484636376	0.0006180016258648121	1.5446179101844844e-07	1.5446179101844844e-07	0.0003090780438279153	0.00046353983484636376	1.5446179101844844e-07	0.00046353983484636376	0.000926925207901709	1.5446179101844844e-07	0.0006180016258648121	1.5446179101844844e-07	1.5446179101844844e-07	1.5446179101844844e-07	0.000926925207901709
2 5	9.811527426211672e-08	9.811527426211672e-08	9.811527426211672e-08	9.821338953637882e-05	9.811527426211672e-08	9.811527426211672e-08	9.811527426211672e-08	9.811527426211672e-08	9.811527426211672e-08	9.811527426211672e-08	9.811527426211672e-08	9.811527426211672e-08	9.811527426211672e-08	9.821338953637882e-05	9.811527426211672e-08	9.811527426211672e-08	9.821338953637882e-05	9.811527426211672e-08	9.811527426211672e-08	9.811527426211672e-08	9.811527426211672e-08	9.811527426211672e-08	9.811527426211672e-08	9.821338953637882e-05	9.811527426211672e-08	0.00019632866379849554	9.811527426211672e-08	9.821338953637882e-05	9.811527426211672e-08	0.00019632866379849554	9.811527426211672e-08	0.00019632866379849554	9.821338953637882e-05	0.00019632866379849554	0.0011774814064196627	9.811527426211672e-08	9.811527426211672e-08	0.002354864697565063	0.0006869050351090791	0.0006869050351090791	0.0011774814064196627	0.0008831355836333125	0.0019624036005165962	0.002354864697565063	0.0005887897608469623	0.0011774814064196627	0.011087124106893451	0.0007850203093711958	0.003826593811496814	0.007947435330505716	0.00274732579461353	0.020898651533105123	0.018151423853765853	0.009811625541485933	0.029140334571122924	0.1453088192974691	0.015109850351640237	0.05828057102697159	0.18416246790526733	0.041699089676673864	0.060046645963689686	0.06760152208187267	0.02717802908588059	0.023842109760968625	0.03492913575258781	0.008732357524602651	0.0051020923769043314	0.07584320511989048	0.007162513136408782	0.005592668748214915	0.011283354655417684	0.002354864697565063	0.007162513136408782	0.011087124106893451	0.011381469929679802	0.0026492105203514134	0.01530608090016447	0.007653089507719367	0.00333601744018623	0.014913619803116004	0.0008831355836333125	0.0034341327144483467	0.00274732579461353	0.0019624036005165962	0.0017661730519923627	0.0022567494233029462	0.0004906744865848456	0.0011774814064196627	0.005592668748214915	0.0005887897608469623	0.0028454410688756467	0.006377590942311849	0.00333601744018623
3 1	8.615130285987036e-05	0.0006886079662156071	0.0002582817781043666	0.0004304122533488628	8.615130285987036e-05	8.606523762224812e-08	8.615130285987036e-05	8.606523762224812e-08	8.615130285987036e-05	0.0002582817781043666	0.00017221654048211847	8.615130285987036e-05	0.0003443470157266147	0.000602542728593359	8.615130285987036e-05	0.0002582817781043666	0.002237782243416073	0.0003443470157266147	0.0002582817781043666	0.0011189341543268478	0.0008607384414601034	0.0010328689167045995	0.002323847481038321	0.000602542728593359	0.0019795865305493286	0.012393480282841351	0.0012049993919490958	0.015319698361997787	0.011877088857107863	0.008176283639351195	0.026680309728134538	0.03390978968840338	0.01850411215402097	0.04991792388614153	0.12186846253834095	0.02125819975793291	0.05267201149005347	0.0922620207962876	0.024786874500445078	0.07393012518274876	0.190548522160895	0.02427048307471159	0.06231131810374526	0.02237704784702213	0.010758240768018637	0.004991869847328013	0.05034825007425277	0.001291064629571344	0.007659892213617706	0.008262348876973443	0.0004304122533488628	0.005766456985928247	0.010672175530396389	0.002065651768171577	0.004131217471105532	0.0026681084315273136	0.0009468036790823515	0.0011189341543268478	0.003098434619638554	0.00017221654048211847	0.0003443470157266147	0.0007746732038378553	0.0005164774909711109	0.0002582817781043666	0.0004304122533488628	0.0004304122533488628	8.606523762224812e-08	0.0006886079662156071	8.606523762224812e-08	8.615130285987036e-05	0.0002582817781043666	0.00017221654048211847	8.615130285987036e-05	0.0005164774909711109	0.0008607384414601034	8.606523762224812e-08	0.0003443470157266147	8.606523762224812e-08	8.606523762224812e-08	0.0005164774909711109	8.606523762224812e-08	8.606523762224812e-08	0.0004304122533488628	8.606523762224812e-08	0.00017221654048211847	8.615130285987036e-05	8.606523762224812e-08	8.606523762224812e-08	8.606523762224812e-08	8.606523762224812e-08	8.606523762224812e-08	8.606523762224812e-08	8.615130285987036e-05
3 2	1.6347634407389264e-07	0.0001636398204179665	1.6347634407389264e-07	0.0001636398204179665	0.0004905925085657518	0.00032711616449185917	1.6347634407389264e-07	0.00032711616449185917	0.0001636398204179665	0.0001636398204179665	0.00032711616449185917	1.6347634407389264e-07	0.00032711616449185917	0.0001636398204179665	1.6347634407389264e-07	0.00032711616449185917	0.0024523086374524635	0.00032711616449185917	0.0006540688526396444	0.0004905925085657518	0.0006540688526396444	0.0009810215407874297	0.000817545196713537	0.000817545196713537	0.00032711616449185917	0.003269690357821926	0.002125355949304678	0.001307974228935215	0.0019618796052307853	0.0016349269170830003	0.003269690357821926	0.0049044537985608525	0.0037601193900436043	0.002942737669674141	0.016020845195585554	0.00899136240040817	0.00719312261559535	0.03678234089296992	0.020271230141506762	0.048552637666290185	0.05607254949368925	0.05623602583776314	0.05280302261221139	0.2350791462546017	0.06506374841775334	0.03874405702185663	0.09350863228661066	0.030897192506309783	0.017819084980398373	0.019453848421137298	0.01144350756151656	0.026483331216314684	0.06097683981590603	0.008173980680038705	0.012914794658181593	0.0049044537985608525	0.005231406486708638	0.0016349269170830003	0.012914794658181593	0.0006540688526396444	0.0026157849815263558	0.005231406486708638	0.002125355949304678	0.0006540688526396444	0.0011444978848613224	0.001307974228935215	0.00032711616449185917	0.0006540688526396444	1.6347634407389264e-07	0.0001636398204179665	1.6347634407389264e-07	1.6347634407389264e-07	1.6347634407389264e-07	0.0001636398204179665	0.0001636398204179665	1.6347634407389264e-07	0.0001636398204179665	0.0001636398204179665	1.6347634407389264e-07	1.6347634407389264e-07	1.6347634407389264e-07	1.6347634407389264e-07	0.0001636398204179665	1.6347634407389264e-07	1.6347634407389264e-07	0.0001636398204179665	1.6347634407389264e-07	1.6347634407389264e-07	0.00032711616449185917	1.6347634407389264e-07	1.6347634407389264e-07	1.6347634407389264e-07	1.6347634407389264e-07
3 3	1.393127673324934e-07	1.393127673324934e-07	1.393127673324934e-07	1.393127673324934e-07	0.0001394520800998259	1.393127673324934e-07	1.393127673324934e-07	1.393127673324934e-07	0.0001394520800998259	1.393127673324934e-07	0.0001394520800998259	0.0001394520800998259	0.0002787648474323193	0.0002787648474323193	1.393127673324934e-07	1.393127673324934e-07	0.0002787648474323193	0.0001394520800998259	0.0002787648474323193	1.393127673324934e-07	0.0001394520800998259	1.393127673324934e-07	1.393127673324934e-07	0.0001394520800998259	1.393127673324934e-07	0.0018112052880897467	0.0001394520800998259	0.0006967031494297995	0.0008360159167622929	0.0001394520800998259	0.0004180776147648127	0.0026470818920847072	0.0005573903820973061	0.0006967031494297995	0.004318835100074628	0.0025077691247522137	0.0018112052880897467	0.010030658560706859	0.005433337238734575	0.005154711704069588	0.013931416046016675	0.010309284095371846	0.010169971328039352	0.030788260893248376	0.012677601140024234	0.008219592585384444	0.749224202026917	0.008219592585384444	0.012677601140024234	0.030788260893248376	0.010169971328039352	0.010309284095371846	0.013931416046016675	0.005154711704069588	0.005433337238734575	0.010030658560706859	0.0018112052880897467	0.0025077691247522137	0.004318835100074628	0.0006967031494297995	0.0005573903820973061	0.0026470818920847072	0.0004180776147648127	0.0001394520800998259	0.0008360159167622929	0.0006967031494297995	0.0001394520800998259	0.0018112052880897467	1.393127673324934e-07	0.0001394520800998259	1.393127673324934e-07	1.393127673324934e-07	0.0001394520800998259	1.393127673324934e-07	0.0002787648474323193	0.0001394520800998259	0.0002787648474323193	1.393127673324934e-07	1.393127673324934e-07	0.0002787648474323193	0.0002787648474323193	0.0001394520800998259	0.0001394520800998259	1.393127673324934e-07	0.0001394520800998259	1.393127673324934e-07	1.393127673324934e-07	1.393127673324934e-07	0.0001394520800998259	1.393127673324934e-07	1.393127673324934e-07	1.393127673324934e-07	1.393127673324934e-07
3 4	2.6808983046803386e-07	2.6808983046803386e-07	2.6808983046803386e-07	2.6808983046803386e-07	0.00026835792029850184	2.6808983046803386e-07	2.6808983046803386e-07	2.6808983046803386e-07	2.6808983046803386e-07	2.6808983046803386e-07	0.00026835792029850184	2.6808983046803386e-07	2.6808983046803386e-07	2.6808983046803386e-07	2.6808983046803386e-07	2.6808983046803386e-07	2.6808983046803386e-07	2.6808983046803386e-07	2.6808983046803386e-07	2.6808983046803386e-07	2.6808983046803386e-07	2.6808983046803386e-07	2.6808983046803386e-07	2.6808983046803386e-07	2.6808983046803386e-07	0.0005364477507665358	2.6808983046803386e-07	0.00026835792029850184	0.0026811663945108064	2.6808983046803386e-07	2.6808983046803386e-07	0.0008045375812345696	0.0008045375812345696	2.6808983046803386e-07	0.003753525716382942	0.0005364477507665358	0.0013407172421706372	0.0048258850382550764	0.001608807072638671	0.003217346055446874	0.017694196900720705	0.007506783342935416	0.01340475961323216	0.03404767655927077	0.00991959181714772	0.022519813849145313	0.07452924095994387	0.05576295282718151	0.10348294265049153	0.3431552510889138	0.06648654604590286	0.06085665960607416	0.04637980876080033	0.03940947316863144	0.010991951139019856	0.026273071475697785	0.005898244360127212	0.00294925622497884	0.010455771478083787	0.002144986733574739	0.00294925622497884	0.003753525716382942	0.00026835792029850184	0.002144986733574739	0.00026835792029850184	0.0013407172421706372	0.0008045375812345696	0.003753525716382942	0.0005364477507665358	0.0008045375812345696	0.002144986733574739	0.0010726274117026033	2.6808983046803386e-07	0.0005364477507665358	0.0005364477507665358	0.0005364477507665358	0.00026835792029850184	0.0005364477507665358	2.6808983046803386e-07	0.00026835792029850184	0.0005364477507665358	2.6808983046803386e-07	2.6808983046803386e-07	0.0005364477507665358	2.6808983046803386e-07	0.00026835792029850184	2.6808983046803386e-07	2.6808983046803386e-07	0.0008045375812345696	0.00026835792029850184	2.6808983046803386e-07	0.00026835792029850184	2.6808983046803386e-07
3 5	1.77806448079717e-07	1.77806448079717e-07	1.77806448079717e-07	1.77806448079717e-07	1.77806448079717e-07	1.77806448079717e-07	1.77806448079717e-07	1.77806448079717e-07	1.77806448079717e-07	1.77806448079717e-07	0.00017798425452779672	1.77806448079717e-07	1.77806448079717e-07	1.77806448079717e-07	1.77806448079717e-07	1.77806448079717e-07	1.77806448079717e-07	1.77806448079717e-07	0.0003557907026075137	0.0003557907026075137	1.77806448079717e-07	1.77806448079717e-07	1.77806448079717e-07	0.00017798425452779672	0.0003557907026075137	0.0007114035987669477	0.00017798425452779672	0.00017798425452779672	1.77806448079717e-07	0.00017798425452779672	0.00017798425452779672	0.0005335971506872307	0.0003557907026075137	0.0012448229430060986	0.0014226293910858158	0.00017798425452779672	0.0005335971506872307	0.002133855183404684	1.77806448079717e-07	0.0014226293910858158	0.005867790593078741	0.0005335971506872307	0.009601726002752798	0.007823661521955627	0.0014226293910858158	0.006934629281557043	0.03093849977231884	0.0037341132161221365	0.029338241739601388	0.03324998359735516	0.030049467531920254	0.08765875670974856	0.23754959244095	0.036628306110869785	0.06863346676521884	0.13868920730862735	0.02329282250489101	0.012980048516267422	0.056898241191957515	0.011024177587390533	0.008712693762354213	0.019736693543296668	0.007468048625796193	0.011024177587390533	0.013335661412426857	0.006756822833477325	0.0010670164949263816	0.029338241739601388	0.008179274418115062	0.0007114035987669477	0.004800951904600438	0.0012448229430060986	0.0028450809757235513	0.0035563067680424196	0.006579016385397609	0.0003557907026075137	0.00533437124883959	0.004445339008441004	0.0005335971506872307	0.008179274418115062	0.0005335971506872307	0.0005335971506872307	0.00017798425452779672	0.00017798425452779672	0.0003557907026075137	0.001956048735324967	1.77806448079717e-07	0.0008892100468466647	0.0024894680795641178	1.77806448079717e-07	0.0003557907026075137	0.003911919664201853	0.0008892100468466647
4 1	0.00014019425237178282	0.0011205736395870473	0.00014019425237178282	0.0012606278377606565	0.00028024845054539204	1.4005419817360922e-07	0.00042030264871900126	0.0007004110450662197	1.4005419817360922e-07	0.00042030264871900126	0.0005603568468926104	0.00028024845054539204	0.00028024845054539204	0.0005603568468926104	1.4005419817360922e-07	0.00028024845054539204	0.002241007224975921	1.4005419817360922e-07	0.0018208446304550936	0.0030813324140175763	0.0037816034048856226	0.0016807904322814842	0.006162524773836979	0.002801224017670358	0.003921657603059231	0.041596236911760114	0.005322199584795324	0.09131547726339138	0.056021819323641864	0.025069841527274227	0.06554550479944729	0.11456447416021051	0.055461602530947424	0.04635807964966283	0.15630062521594607	0.02605022091448949	0.022969028554670087	0.12618897260862008	0.013305288880691052	0.019467673600329857	0.023109082752843697	0.005742362179316151	0.010364150719045256	0.012745072087996613	0.002241007224975921	0.0018208446304550936	0.020307998789371513	0.0007004110450662197	0.0011205736395870473	0.007563066755573071	0.0007004110450662197	0.0014006820359342659	0.0019608988286287025	0.00042030264871900126	0.0007004110450662197	0.001540736234107875	0.00014019425237178282	0.00028024845054539204	0.0042017659994064505	1.4005419817360922e-07	0.00014019425237178282	0.00042030264871900126	0.0007004110450662197	0.00042030264871900126	0.00014019425237178282	0.00014019425237178282	1.4005419817360922e-07	0.0009805194414134381	1.4005419817360922e-07	0.00014019425237178282	1.4005419817360922e-07	1.4005419817360922e-07	1.4005419817360922e-07	1.4005419817360922e-07	0.00014019425237178282	1.4005419817360922e-07	0.00028024845054539204	1.4005419817360922e-07	1.4005419817360922e-07	0.001540736234107875	1.4005419817360922e-07	1.4005419817360922e-07	1.4005419817360922e-07	1.4005419817360922e-07	0.00028024845054539204	1.4005419817360922e-07	1.4005419817360922e-07	1.4005419817360922e-07	1.4005419817360922e-07	1.4005419817360922e-07	1.4005419817360922e-07	0.00014019425237178282	1.4005419817360922e-07
4 2	0.000926925207901709	1.5446179101844844e-07	1.5446179101844844e-07	1.5446179101844844e-07	0.0006180016258648121	1.5446179101844844e-07	0.000926925207901709	0.00046353983484636376	1.5446179101844844e-07	0.00046353983484636376	0.0003090780438279153	1.5446179101844844e-07	1.5446179101844844e-07	0.0006180016258648121	0.00046353983484636376	0.0007724634168832606	0.0013903105809570542	0.0006180016258648121	0.00046353983484636376	0.0018536959540123995	0.0007724634168832606	0.00046353983484636376	0.0012358487899386057	0.0010813869989201575	0.00046353983484636376	0.004942931774381368	0.000926925207901709	0.0018536959540123995	0.005251855356418265	0.004325084610307574	0.006333087893547404	0.013592792071414481	0.012048174161229996	0.014365101026506724	0.04201376161880899	0.019925725503170868	0.03521744281399726	0.1207892750382177	0.05189931624398969	0.055297475646395554	0.2744787571015739	0.10163601295193009	0.053289472363155725	0.026258658934927254	0.034136210276868126	0.003861699237252229	0.03707098430621864	0.003089390282159987	0.0015447723719755027	0.009422323713916372	0.0018536959540123995	0.008650014758824131	0.017299875055857245	0.0026260049091046413	0.005251855356418265	0.0006180016258648121	0.0006180016258648121	0.00015461625280946685	0.010040170877990168	0.000926925207901709	0.0012358487899386057	0.0013903105809570542	0.00015461625280946685	1.5446179101844844e-07	0.000926925207901709	0.00015461625280946685	1.5446179101844844e-07	0.00015461625280946685	1.5446179101844844e-07	1.5446179101844844e-07	1.5446179101844844e-07	1.5446179101844844e-07	1.5446179101844844e-07	1.5446179101844844e-07	1.5446179101844844e-07	1.5446179101844844e-07	1.5446179101844844e-07	1.5446179101844844e-07	1.5446179101844844e-07	1.5446179101844844e-07	0.00015461625280946685	1.5446179101844844e-07	0.0003090780438279153	1.5446179101844844e-07	1.5446179101844844e-07	1.5446179101844844e-07	1.5446179101844844e-07	1.5446179101844844e-07	1.5446179101844844e-07	1.5446179101844844e-07	1.5446179101844844e-07	1.5446179101844844e-07	1.5446179101844844e-07
4 3	2.680898304680339e-07	0.0002683579202985019	2.680898304680339e-07	0.0002683579202985019	0.0008045375812345696	2.680898304680339e-07	2.680898304680339e-07	0.0002683579202985019	2.680898304680339e-07	0.0005364477507665358	2.680898304680339e-07	2.680898304680339e-07	0.0005364477507665358	0.0002683579202985019	2.680898304680339e-07	0.0005364477507665358	0.0002683579202985019	0.0005364477507665358	0.0005364477507665358	0.0005364477507665358	2.680898304680339e-07	0.0010726274117026035	0.002144986733574739	0.0008045375812345696	0.0005364477507665358	0.0037535257163829423	0.0008045375812345696	0.0013407172421706372	0.0002683579202985019	0.002144986733574739	0.0002683579202985019	0.0037535257163829423	0.0029492562249788406	0.002144986733574739	0.010455771478083789	0.0029492562249788406	0.005898244360127213	0.02627307147569779	0.010991951139019856	0.03940947316863145	0.046379808760800334	0.060856659606074164	0.06648654604590287	0.3431552510889138	0.10348294265049154	0.055762952827181515	0.07452924095994388	0.022519813849145316	0.009919591817147721	0.034047676559270774	0.013404759613232162	0.0075067833429354166	0.017694196900720705	0.0032173460554468744	0.0016088070726386712	0.004825885038255077	0.0013407172421706372	0.0005364477507665358	0.0037535257163829423	2.680898304680339e-07	0.0008045375812345696	0.0008045375812345696	2.680898304680339e-07	2.680898304680339e-07	0.002681166394510807	0.0002683579202985019	2.680898304680339e-07	0.0005364477507665358	2.680898304680339e-07	2.680898304680339e-07	2.680898304680339e-07	2.680898304680339e-07	2.680898304680339e-07	2.680898304680339e-07	2.680898304680339e-07	2.680898304680339e-07	2.680898304680339e-07	2.680898304680339e-07	2.680898304680339e-07	2.680898304680339e-07	2.680898304680339e-07	2.680898304680339e-07	0.0002683579202985019	2.680898304680339e-07	2.680898304680339e-07	2.680898304680339e-07	2.680898304680339e-07	2.680898304680339e-07	0.0002683579202985019	2.680898304680339e-07	2.680898304680339e-07	2.680898304680339e-07	2.680898304680339e-07
4 4	2.788550101740248e-07	0.0008368438855322485	2.788550101740248e-07	2.788550101740248e-07	0.0011156988957062733	2.788550101740248e-07	2.788550101740248e-07	0.0008368438855322485	2.788550101740248e-07	2.788550101740248e-07	0.0005579888753582237	2.788550101740248e-07	2.788550101740248e-07	2.788550101740248e-07	2.788550101740248e-07	2.788550101740248e-07	2.788550101740248e-07	2.788550101740248e-07	0.0008368438855322485	2.788550101740248e-07	0.00027913386518419885	0.00027913386518419885	0.0005579888753582237	0.00027913386518419885	0.00027913386518419885	0.003067683966924447	2.788550101740248e-07	2.788550101740248e-07	0.0011156988957062733	0.00027913386518419885	0.00027913386518419885	0.0027888289567504225	0.0008368438855322485	0.0011156988957062733	0.0058562340686646955	0.001673408916054323	0.0008368438855322485	0.007808219139882869	0.0011156988957062733	0.0027888289567504225	0.01477959439423349	0.004740814027968596	0.01701043447562569	0.039597690299721704	0.016173869445103614	0.009202494190752994	0.7261387253481709	0.009202494190752994	0.016173869445103614	0.039597690299721704	0.01701043447562569	0.004740814027968596	0.01477959439423349	0.0027888289567504225	0.0011156988957062733	0.007808219139882869	0.0008368438855322485	0.001673408916054323	0.0058562340686646955	0.0011156988957062733	0.0008368438855322485	0.0027888289567504225	0.00027913386518419885	0.00027913386518419885	0.0011156988957062733	2.788550101740248e-07	2.788550101740248e-07	0.003067683966924447	0.00027913386518419885	0.00027913386518419885	0.0005579888753582237	0.00027913386518419885	0.00027913386518419885	2.788550101740248e-07	0.0008368438855322485	2.788550101740248e-07	2.788550101740248e-07	2.788550101740248e-07	2.788550101740248e-07	2.788550101740248e-07	2.788550101740248e-07	2.788550101740248e-07	0.0005579888753582237	2.788550101740248e-07	2.788550101740248e-07	0.0008368438855322485	2.788550101740248e-07	2.788550101740248e-07	0.0011156988957062733	2.788550101740248e-07	2.788550101740248e-07	0.0008368438855322485	2.788550101740248e-07
4 5	0.0002598587313442328	2.595991322120208e-07	2.595991322120208e-07	0.0002598587313442328	2.595991322120208e-07	2.595991322120208e-07	2.595991322120208e-07	2.595991322120208e-07	2.595991322120208e-07	0.0002598587313442328	0.0002598587313442328	2.595991322120208e-07	0.0002598587313442328	0.001038656127980295	2.595991322120208e-07	2.595991322120208e-07	0.0005194578635562536	2.595991322120208e-07	0.001038656127980295	2.595991322120208e-07	2.595991322120208e-07	2.595991322120208e-07	2.595991322120208e-07	2.595991322120208e-07	0.0007790569957682743	0.002336651789040399	2.595991322120208e-07	0.0002598587313442328	0.0002598587313442328	0.0002598587313442328	0.002336651789040399	0.0028558500534644404	0.0002598587313442328	0.0015578543924043367	0.0028558500534644404	2.595991322120208e-07	0.00259625092125242	0.003634647450100503	0.0005194578635562536	0.008826630094340919	0.006749837036644752	0.003894246582312524	0.03997852595978341	0.029334961539090564	0.006490237904432731	0.0547756764958686	0.050362491248264245	0.036863336373239165	0.11370467950799731	0.22896669421013455	0.047506900793932015	0.06619803831319751	0.06464044351992539	0.02907536240687854	0.017653000589549626	0.04179571988526756	0.008567030962128897	0.009865026623189001	0.026479371084758334	0.004673043978948585	0.0020770526568283784	0.005971039640008689	0.0018174535246163574	0.0018174535246163574	0.007269035301068793	0.001038656127980295	0.0002598587313442328	0.014018612738581335	0.0012982552601923157	0.0018174535246163574	0.007788233565492835	0.0005194578635562536	0.002336651789040399	0.0028558500534644404	0.006749837036644752	2.595991322120208e-07	0.00259625092125242	0.002336651789040399	0.0002598587313442328	0.007788233565492835	0.0005194578635562536	0.0005194578635562536	0.0005194578635562536	0.0007790569957682743	0.0002598587313442328	0.0012982552601923157	2.595991322120208e-07	2.595991322120208e-07	0.0028558500534644404	2.595991322120208e-07	2.595991322120208e-07	0.0015578543924043367	0.0002598587313442328
5 1	0.004061810636139124	0.005570440054435991	0.0005803581323771252	0.0015087454667136583	0.008239553640653523	0.00034826129879299197	0.0024371328010501913	0.0024371328010501913	0.0004643097155850586	0.003133423301802591	0.0020889875506739913	0.004293907469723257	0.0010445517995453918	0.009980279892534524	0.0006964065491691919	0.008935844141405924	0.01253334506195999	0.002901326468218458	0.007775359973485258	0.019264153235899854	0.01009632830932659	0.005918585304812191	0.026923348744176255	0.011024715643663124	0.007891408390277323	0.28408664035539594	0.01218519981158379	0.036091173670749516	0.08425126663945717	0.019264153235899854	0.030985043331898582	0.1105942572512563	0.042357788177521116	0.017523426984018854	0.1126831287535135	0.015434555481761656	0.005918585304812191	0.029824559163977915	0.001624793883505725	0.003945762219347057	0.006730924222356657	0.0023210843842581246	0.0032494717185946576	0.004642052720099457	0.00034826129879299197	0.001276648633129525	0.009167940974990057	0.0001161644652088587	0.00023221288200092534	0.0011606002163374585	0.00023221288200092534	0.0001161644652088587	0.0013926970499215916	0.0001161644652088587	0.00023221288200092534	0.0009285033827533251	1.1604841679206664e-07	0.0001161644652088587	0.0001161644652088587	1.1604841679206664e-07	1.1604841679206664e-07	1.1604841679206664e-07	1.1604841679206664e-07	1.1604841679206664e-07	1.1604841679206664e-07	1.1604841679206664e-07	1.1604841679206664e-07	0.00034826129879299197	1.1604841679206664e-07	1.1604841679206664e-07	0.0001161644652088587	1.1604841679206664e-07	1.1604841679206664e-07	1.1604841679206664e-07	1.1604841679206664e-07	1.1604841679206664e-07	1.1604841679206664e-07	1.1604841679206664e-07	1.1604841679206664e-07	0.0001161644652088587	1.1604841679206664e-07	1.1604841679206664e-07	1.1604841679206664e-07	1.1604841679206664e-07	1.1604841679206664e-07	1.1604841679206664e-07	1.1604841679206664e-07	1.1604841679206664e-07	1.1604841679206664e-07	1.1604841679206664e-07	1.1604841679206664e-07	1.1604841679206664e-07	1.1604841679206664e-07
5 2	0.0033360174401862296	0.006377590942311848	0.0028454410688756463	0.0005887897608469622	0.005592668748214914	0.0011774814064196624	0.0004906744865848455	0.002256749423302946	0.0017661730519923625	0.001962403600516596	0.0027473257946135296	0.0034341327144483463	0.0008831355836333123	0.014913619803116	0.0033360174401862296	0.007653089507719365	0.015306080900164467	0.0026492105203514125	0.0113814699296798	0.01108712410689345	0.0071625131364087815	0.0023548646975650625	0.011283354655417683	0.005592668748214914	0.0071625131364087815	0.07584320511989047	0.00510209237690433	0.00873235752460265	0.034929135752587805	0.023842109760968618	0.027178029085880583	0.06760152208187266	0.06004664596368968	0.04169908967667386	0.1841624679052673	0.058280571026971574	0.015109850351640234	0.14530881929746908	0.02914033457112292	0.009811625541485932	0.018151423853765853	0.02089865153310512	0.0027473257946135296	0.007947435330505716	0.003826593811496813	0.0007850203093711956	0.01108712410689345	0.0011774814064196624	0.0005887897608469622	0.0023548646975650625	0.001962403600516596	0.0008831355836333123	0.0011774814064196624	0.000686905035109079	0.000686905035109079	0.0023548646975650625	9.81152742621167e-08	9.81152742621167e-08	0.0011774814064196624	0.0001963286637984955	9.82133895363788e-05	0.0001963286637984955	9.81152742621167e-08	0.0001963286637984955	9.81152742621167e-08	9.82133895363788e-05	9.81152742621167e-08	0.0001963286637984955	9.81152742621167e-08	9.82133895363788e-05	9.81152742621167e-08	9.81152742621167e-08	9.81152742621167e-08	9.81152742621167e-08	9.81152742621167e-08	9.81152742621167e-08	9.82133895363788e-05	9.81152742621167e-08	9.81152742621167e-08	9.82133895363788e-05	9.81152742621167e-08	9.81152742621167e-08	9.81152742621167e-08	9.81152742621167e-08	9.81152742621167e-08	9.81152742621167e-08	9.81152742621167e-08	9.81152742621167e-08	9.81152742621167e-08	9.82133895363788e-05	9.81152742621167e-08	9.81152742621167e-08	9.81152742621167e-08
5 3	0.000889210046846665	0.003911919664201855	0.0003557907026075138	1.7780644807971706e-07	0.0024894680795641186	0.000889210046846665	1.7780644807971706e-07	0.0019560487353249673	0.0003557907026075138	0.00017798425452779677	0.00017798425452779677	0.0005335971506872309	0.0005335971506872309	0.008179274418115064	0.0005335971506872309	0.004445339008441006	0.005334371248839591	0.0003557907026075138	0.0065790163853976106	0.0035563067680424204	0.002845080975723552	0.001244822943006099	0.00480095190460044	0.0007114035987669479	0.008179274418115064	0.029338241739601395	0.001067016494926382	0.006756822833477328	0.01333566141242686	0.011024177587390537	0.007468048625796196	0.019736693543296675	0.008712693762354215	0.011024177587390537	0.056898241191957535	0.012980048516267426	0.023292822504891016	0.13868920730862738	0.06863346676521886	0.0366283061108698	0.23754959244095009	0.08765875670974858	0.030049467531920265	0.03324998359735517	0.029338241739601395	0.003734113216122138	0.03093849977231885	0.0069346292815570445	0.0014226293910858162	0.00782366152195563	0.009601726002752801	0.0005335971506872309	0.005867790593078743	0.0014226293910858162	1.7780644807971706e-07	0.0021338551834046843	0.0005335971506872309	0.00017798425452779677	0.0014226293910858162	0.001244822943006099	0.0003557907026075138	0.0005335971506872309	0.00017798425452779677	0.00017798425452779677	1.7780644807971706e-07	0.00017798425452779677	0.00017798425452779677	0.0007114035987669479	0.0003557907026075138	0.00017798425452779677	1.7780644807971706e-07	1.7780644807971706e-07	1.7780644807971706e-07	0.0003557907026075138	0.0003557907026075138	1.7780644807971706e-07	1.7780644807971706e-07	1.7780644807971706e-07	1.7780644807971706e-07	1.7780644807971706e-07	1.7780644807971706e-07	1.7780644807971706e-07	0.00017798425452779677	1.7780644807971706e-07	1.7780644807971706e-07	1.7780644807971706e-07	1.7780644807971706e-07	1.7780644807971706e-07	1.7780644807971706e-07	1.7780644807971706e-07	1.7780644807971706e-07	1.7780644807971706e-07	1.7780644807971706e-07
5 4	0.00025985873134423286	0.001557854392404337	2.5959913221202087e-07	2.5959913221202087e-07	0.0028558500534644413	2.5959913221202087e-07	2.5959913221202087e-07	0.0012982552601923162	0.00025985873134423286	0.0007790569957682746	0.0005194578635562537	0.0005194578635562537	0.0005194578635562537	0.007788233565492837	0.00025985873134423286	0.0023366517890403993	0.0025962509212524203	2.5959913221202087e-07	0.006749837036644754	0.0028558500534644413	0.0023366517890403993	0.0005194578635562537	0.007788233565492837	0.0018174535246163579	0.0012982552601923162	0.014018612738581338	0.00025985873134423286	0.0010386561279802952	0.007269035301068795	0.0018174535246163579	0.0018174535246163579	0.005971039640008691	0.002077052656828379	0.004673043978948587	0.02647937108475834	0.009865026623189005	0.008567030962128899	0.04179571988526757	0.01765300058954963	0.02907536240687855	0.0646404435199254	0.06619803831319752	0.04750690079393203	0.2289666942101346	0.11370467950799734	0.03686333637323917	0.05036249124826426	0.05477567649586861	0.006490237904432733	0.02933496153909057	0.03997852595978343	0.0038942465823125247	0.006749837036644754	0.00882663009434092	0.0005194578635562537	0.0036346474501005037	0.0025962509212524203	2.5959913221202087e-07	0.0028558500534644413	0.001557854392404337	0.00025985873134423286	0.0028558500534644413	0.0023366517890403993	0.00025985873134423286	0.00025985873134423286	0.00025985873134423286	2.5959913221202087e-07	0.0023366517890403993	0.0007790569957682746	2.5959913221202087e-07	2.5959913221202087e-07	2.5959913221202087e-07	2.5959913221202087e-07	2.5959913221202087e-07	0.0010386561279802952	2.5959913221202087e-07	0.0005194578635562537	2.5959913221202087e-07	2.5959913221202087e-07	0.0010386561279802952	0.00025985873134423286	2.5959913221202087e-07	0.00025985873134423286	0.00025985873134423286	2.5959913221202087e-07	2.5959913221202087e-07	2.5959913221202087e-07	2.5959913221202087e-07	2.5959913221202087e-07	0.00025985873134423286	2.5959913221202087e-07	2.5959913221202087e-07	0.00025985873134423286
5 5	0.0020870127556854553	0.0004911556988116879	0.00012288099337928008	1.2275823514413597e-07	0.0030690786368385427	1.2275823514413597e-07	0.0006139139339558238	0.0004911556988116879	1.2275823514413597e-07	0.000368397463667552	0.00012288099337928008	0.0007366721690999598	0.00012288099337928008	0.0031918368719826787	0.00012288099337928008	0.0025780456962619987	0.0011049468745323676	0.0004911556988116879	0.0007366721690999598	0.0008594304042440958	0.000368397463667552	1.2275823514413597e-07	0.0007366721690999598	0.000368397463667552	0.0020870127556854553	0.014976627445819731	1.2275823514413597e-07	0.0013504633448206396	0.002455287461117863	0.00024563922852341604	0.0018414962853971835	0.001964254520541319	0.0025780456962619987	0.0012277051096765037	0.017309033913558314	0.002946320401694407	0.002946320401694407	0.028602791546818822	0.002455287461117863	0.007120100396595029	0.021237297438170665	0.010557330980630837	0.027866242135954008	0.07390058031500499	0.01620420979726109	0.02590211037364783	0.43088152811415237	0.02590211037364783	0.01620420979726109	0.07390058031500499	0.027866242135954008	0.010557330980630837	0.021237297438170665	0.007120100396595029	0.002455287461117863	0.028602791546818822	0.002946320401694407	0.002946320401694407	0.017309033913558314	0.0012277051096765037	0.0025780456962619987	0.001964254520541319	0.0018414962853971835	0.00024563922852341604	0.002455287461117863	0.0013504633448206396	1.2275823514413597e-07	0.014976627445819731	0.0020870127556854553	0.000368397463667552	0.0007366721690999598	1.2275823514413597e-07	0.000368397463667552	0.0008594304042440958	0.0007366721690999598	0.0004911556988116879	0.0011049468745323676	0.0025780456962619987	0.00012288099337928008	0.0031918368719826787	0.00012288099337928008	0.0007366721690999598	0.00012288099337928008	0.000368397463667552	1.2275823514413597e-07	0.0004911556988116879	0.0006139139339558238	1.2275823514413597e-07	0.0030690786368385427	1.2275823514413597e-07	0.00012288099337928008	0.0004911556988116879	0.0020870127556854553
### Output Prob 2nd Left
1 1	0.00015244264059912748	0.0009144018571892348	5.079728110600716e-08	5.079728110600716e-08	0.000660415451659199	5.079728110600716e-08	0.00010164535949312032	0.00030483448391714895	0.0004572263272351704	0.00015244264059912748	0.0005588208894471848	0.00010164535949312032	0.00010164535949312032	0.0014223746682493063	0.00030483448391714895	5.079728110600716e-08	0.0005588208894471848	0.0002540372028111418	0.00010164535949312032	0.0008128072949772204	0.001320780106037292	0.0004572263272351704	0.0011175909816132634	0.0006096181705531918	5.084807838711316e-05	0.007924426649818224	0.0004572263272351704	0.0007112127327652062	0.002235131165945421	0.0011175909816132634	0.0017271583548853493	0.002946293101429521	0.0018287529170973637	0.003708252318019629	0.011073858078390666	0.002641509414793478	0.0032002795069595567	0.022554043608348284	0.0026923066958994854	0.014883654161341202	0.028294136373327092	0.008330804898666281	0.02097932789406206	0.07568799964523178	0.021842881672864183	0.027278190751206948	0.45473731125825717	0.027278190751206948	0.021842881672864183	0.07568799964523178	0.02097932789406206	0.008330804898666281	0.028294136373327092	0.014883654161341202	0.0026923066958994854	0.022554043608348284	0.0032002795069595567	0.002641509414793478	0.011073858078390666	0.003708252318019629	0.0018287529170973637	0.002946293101429521	0.0017271583548853493	0.0011175909816132634	0.002235131165945421	0.0007112127327652062	0.0004572263272351704	0.007924426649818224	5.084807838711316e-05	0.0006096181705531918	0.0011175909816132634	0.0004572263272351704	0.001320780106037292	0.0008128072949772204	0.00010164535949312032	0.0002540372028111418	0.0005588208894471848	5.079728110600716e-08	0.00030483448391714895	0.0014223746682493063	0.00010164535949312032	0.00010164535949312032	0.0005588208894471848	0.00015244264059912748	0.0004572263272351704	0.00030483448391714895	0.00010164535949312032	5.079728110600716e-08	0.000660415451659199	5.079728110600716e-08	5.079728110600716e-08	0.0009144018571892348	0.00015244264059912748
1 2	9.684204858507472e-08	0.0008716752793142574	9.684204858507472e-08	9.684204858507472e-08	0.000677991182144108	9.684204858507472e-08	9.693889063365979e-05	9.684204858507472e-08	0.0002906229878038092	9.693889063365979e-05	9.693889063365979e-05	0.0002906229878038092	9.684204858507472e-08	0.0004843070849739586	0.0003874650363888839	9.684204858507472e-08	0.0011622014250694816	0.0014527275708247057	0.0003874650363888839	0.0005811491335590333	0.0007748332307291828	0.0001937809392187345	0.0015495696194097804	0.0004843070849739586	0.0011622014250694816	0.007166408437344115	0.0003874650363888839	0.0017432537165799297	0.004454831076962022	0.0025179901052605276	0.004939041319887395	0.009393775554800834	0.006294830000078442	0.01568850871283069	0.04716217450297997	0.01036219604065158	0.027987448883135174	0.09800425001014419	0.04077059929636504	0.04532217557986355	0.0876421508115412	0.055200064535541174	0.027019028397284428	0.13412633413237707	0.06265690227659193	0.009296933506215759	0.06294742842234714	0.03418533999257996	0.004551673125547096	0.022854820308126217	0.04028638905343966	0.001646411667994855	0.043966386899672506	0.02208008391944562	0.0007748332307291828	0.008037986874609788	0.012299037012353074	0.0003874650363888839	0.009296933506215759	0.002614832153845602	0.001646411667994855	0.005229567465642619	0.0009685173278993322	0.004067462882621723	0.0021306219109202286	0.0019369378137500792	9.684204858507472e-08	0.0011622014250694816	9.693889063365979e-05	0.0004843070849739586	0.0007748332307291828	0.000677991182144108	0.0011622014250694816	0.001065359376484407	0.000677991182144108	0.0001937809392187345	0.0004843070849739586	9.693889063365979e-05	9.684204858507472e-08	0.0008716752793142574	9.684204858507472e-08	9.693889063365979e-05	0.0001937809392187345	9.684204858507472e-08	9.693889063365979e-05	9.693889063365979e-05	0.0001937809392187345	9.684204858507472e-08	9.684204858507472e-08	9.693889063365979e-05	9.684204858507472e-08	0.0003874650363888839	9.684204858507472e-08
1 3	0.00025828177810436665	0.0006886079662156072	8.615130285987037e-05	8.606523762224813e-08	8.615130285987037e-05	0.00043041225334886286	8.615130285987037e-05	8.606523762224813e-08	8.615130285987037e-05	8.615130285987037e-05	0.0001722165404821185	0.00025828177810436665	8.615130285987037e-05	0.0006025427285933591	0.00034434701572661473	0.00034434701572661473	0.0022377822434160735	0.00025828177810436665	0.0008607384414601035	0.001118934154326848	0.00025828177810436665	0.0006025427285933591	0.0023238474810383216	0.0010328689167045998	0.001204999391949096	0.012393480282841355	0.001979586530549329	0.008176283639351195	0.011877088857107865	0.01531969836199779	0.018504112154020973	0.033909789688403386	0.02668030972813454	0.021258199757932913	0.12186846253834098	0.04991792388614154	0.02478687450044508	0.09226202079628762	0.052672011490053475	0.024270483074711593	0.19054852216089502	0.07393012518274877	0.010758240768018639	0.022377047847022134	0.06231131810374527	0.0012910646295713442	0.05034825007425278	0.004991869847328014	0.00043041225334886286	0.008262348876973443	0.007659892213617707	0.002065651768171577	0.01067217553039639	0.0057664569859282476	0.0009468036790823516	0.002668108431527314	0.004131217471105533	0.0001722165404821185	0.003098434619638555	0.001118934154326848	0.000516477490971111	0.0007746732038378554	0.00034434701572661473	0.00043041225334886286	0.00043041225334886286	0.00025828177810436665	8.606523762224813e-08	0.0006886079662156072	8.606523762224813e-08	0.0001722165404821185	0.00025828177810436665	8.615130285987037e-05	0.0008607384414601035	0.000516477490971111	8.615130285987037e-05	8.606523762224813e-08	0.00034434701572661473	8.606523762224813e-08	8.606523762224813e-08	0.000516477490971111	8.606523762224813e-08	8.606523762224813e-08	0.00043041225334886286	8.606523762224813e-08	8.606523762224813e-08	8.615130285987037e-05	0.0001722165404821185	8.606523762224813e-08	8.606523762224813e-08	8.606523762224813e-08	8.615130285987037e-05	8.606523762224813e-08	8.606523762224813e-08
1 4	0.00014019425237178282	0.0011205736395870473	0.00014019425237178282	1.4005419817360922e-07	0.00028024845054539204	0.0012606278377606565	1.4005419817360922e-07	0.0007004110450662197	0.00042030264871900126	0.00028024845054539204	0.0005603568468926104	0.00042030264871900126	1.4005419817360922e-07	0.0005603568468926104	0.00028024845054539204	1.4005419817360922e-07	0.002241007224975921	0.00028024845054539204	0.0037816034048856226	0.0030813324140175763	0.0018208446304550936	0.002801224017670358	0.006162524773836979	0.0016807904322814842	0.005322199584795324	0.041596236911760114	0.003921657603059231	0.025069841527274227	0.056021819323641864	0.09131547726339138	0.055461602530947424	0.11456447416021051	0.06554550479944729	0.02605022091448949	0.15630062521594607	0.04635807964966283	0.013305288880691052	0.12618897260862008	0.022969028554670087	0.005742362179316151	0.023109082752843697	0.019467673600329857	0.002241007224975921	0.012745072087996613	0.010364150719045256	0.0007004110450662197	0.020307998789371513	0.0018208446304550936	0.0007004110450662197	0.007563066755573071	0.0011205736395870473	0.00042030264871900126	0.0019608988286287025	0.0014006820359342659	0.00014019425237178282	0.001540736234107875	0.0007004110450662197	1.4005419817360922e-07	0.0042017659994064505	0.00028024845054539204	0.0007004110450662197	0.00042030264871900126	0.00014019425237178282	0.00014019425237178282	0.00014019425237178282	0.00042030264871900126	1.4005419817360922e-07	0.0009805194414134381	1.4005419817360922e-07	1.4005419817360922e-07	1.4005419817360922e-07	0.00014019425237178282	0.00014019425237178282	1.4005419817360922e-07	1.4005419817360922e-07	1.4005419817360922e-07	0.00028024845054539204	1.4005419817360922e-07	1.4005419817360922e-07	0.001540736234107875	1.4005419817360922e-07	1.4005419817360922e-07	1.4005419817360922e-07	1.4005419817360922e-07	1.4005419817360922e-07	1.4005419817360922e-07	0.00028024845054539204	1.4005419817360922e-07	1.4005419817360922e-07	1.4005419817360922e-07	1.4005419817360922e-07	0.00014019425237178282	1.4005419817360922e-07
1 5	0.0005803581323771252	0.005570440054435991	0.004061810636139124	0.00034826129879299197	0.008239553640653523	0.0015087454667136583	0.0004643097155850586	0.0024371328010501913	0.0024371328010501913	0.004293907469723257	0.0020889875506739913	0.003133423301802591	0.0006964065491691919	0.009980279892534524	0.0010445517995453918	0.002901326468218458	0.01253334506195999	0.008935844141405924	0.01009632830932659	0.019264153235899854	0.007775359973485258	0.011024715643663124	0.026923348744176255	0.005918585304812191	0.01218519981158379	0.28408664035539594	0.007891408390277323	0.019264153235899854	0.08425126663945717	0.036091173670749516	0.042357788177521116	0.1105942572512563	0.030985043331898582	0.015434555481761656	0.1126831287535135	0.017523426984018854	0.001624793883505725	0.029824559163977915	0.005918585304812191	0.0023210843842581246	0.006730924222356657	0.003945762219347057	0.00034826129879299197	0.004642052720099457	0.0032494717185946576	0.0001161644652088587	0.009167940974990057	0.001276648633129525	0.00023221288200092534	0.0011606002163374585	0.00023221288200092534	0.0001161644652088587	0.0013926970499215916	0.0001161644652088587	1.1604841679206664e-07	0.0009285033827533251	0.00023221288200092534	1.1604841679206664e-07	0.0001161644652088587	0.0001161644652088587	1.1604841679206664e-07	1.1604841679206664e-07	1.1604841679206664e-07	1.1604841679206664e-07	1.1604841679206664e-07	1.1604841679206664e-07	1.1604841679206664e-07	0.00034826129879299197	1.1604841679206664e-07	1.1604841679206664e-07	0.0001161644652088587	1.1604841679206664e-07	1.1604841679206664e-07	1.1604841679206664e-07	1.1604841679206664e-07	1.1604841679206664e-07	1.1604841679206664e-07	1.1604841679206664e-07	1.1604841679206664e-07	0.0001161644652088587	1.1604841679206664e-07	1.1604841679206664e-07	1.1604841679206664e-07	1.1604841679206664e-07	1.1604841679206664e-07	1.1604841679206664e-07	1.1604841679206664e-07	1.1604841679206664e-07	1.1604841679206664e-07	1.1604841679206664e-07	1.1604841679206664e-07	1.1604841679206664e-07	1.1604841679206664e-07
2 1	9.684204858507472e-08	0.0003874650363888839	9.684204858507472e-08	9.693889063365979e-05	9.684204858507472e-08	9.684204858507472e-08	0.0001937809392187345	9.693889063365979e-05	9.693889063365979e-05	9.684204858507472e-08	0.0001937809392187345	9.693889063365979e-05	9.684204858507472e-08	0.0008716752793142574	9.684204858507472e-08	9.693889063365979e-05	0.0004843070849739586	0.0001937809392187345	0.000677991182144108	0.001065359376484407	0.0011622014250694816	0.000677991182144108	0.0007748332307291828	0.0004843070849739586	9.693889063365979e-05	0.0011622014250694816	9.684204858507472e-08	0.0019369378137500792	0.0021306219109202286	0.004067462882621723	0.0009685173278993322	0.005229567465642619	0.001646411667994855	0.002614832153845602	0.009296933506215759	0.0003874650363888839	0.012299037012353074	0.008037986874609788	0.0007748332307291828	0.02208008391944562	0.043966386899672506	0.001646411667994855	0.04028638905343966	0.022854820308126217	0.004551673125547096	0.03418533999257996	0.06294742842234714	0.009296933506215759	0.06265690227659193	0.13412633413237707	0.027019028397284428	0.055200064535541174	0.0876421508115412	0.04532217557986355	0.04077059929636504	0.09800425001014419	0.027987448883135174	0.01036219604065158	0.04716217450297997	0.01568850871283069	0.006294830000078442	0.009393775554800834	0.004939041319887395	0.0025179901052605276	0.004454831076962022	0.0017432537165799297	0.0003874650363888839	0.007166408437344115	0.0011622014250694816	0.0004843070849739586	0.0015495696194097804	0.0001937809392187345	0.0007748332307291828	0.0005811491335590333	0.0003874650363888839	0.0014527275708247057	0.0011622014250694816	9.684204858507472e-08	0.0003874650363888839	0.0004843070849739586	9.684204858507472e-08	0.0002906229878038092	9.693889063365979e-05	9.693889063365979e-05	0.0002906229878038092	9.684204858507472e-08	9.693889063365979e-05	9.684204858507472e-08	0.000677991182144108	9.684204858507472e-08	9.684204858507472e-08	0.0008716752793142574	9.684204858507472e-08
2 2	8.598383521094799e-08	0.00017205365425710693	0.00017205365425710693	8.598383521094799e-08	0.0002580374894680549	8.606981904615893e-05	8.598383521094799e-08	0.0002580374894680549	8.598383521094799e-08	8.606981904615893e-05	0.00017205365425710693	8.606981904615893e-05	8.598383521094799e-08	0.0002580374894680549	0.0002580374894680549	8.598383521094799e-08	0.0011178758415775348	8.598383521094799e-08	8.606981904615893e-05	0.00017205365425710693	0.0003440213246790029	0.0007739405007337429	8.606981904615893e-05	8.598383521094799e-08	0.0003440213246790029	0.004557229250015454	0.00043000515988995085	0.0005159889951008988	0.0014618111824213267	0.0009459081711556388	0.0014618111824213267	0.0026655848753745987	0.0012898435119994309	0.003955342403538818	0.008340517999297166	0.0019777141936870146	0.008082566493664322	0.012725693595055515	0.0033534555570621824	0.02055022259925178	0.032759927199206396	0.006276905954234415	0.018228659048556185	0.03215804035272976	0.012123806748578879	0.006276905954234415	0.630261598080084	0.006276905954234415	0.012123806748578879	0.03215804035272976	0.018228659048556185	0.006276905954234415	0.032759927199206396	0.02055022259925178	0.0033534555570621824	0.012725693595055515	0.008082566493664322	0.0019777141936870146	0.008340517999297166	0.003955342403538818	0.0012898435119994309	0.0026655848753745987	0.0014618111824213267	0.0009459081711556388	0.0014618111824213267	0.0005159889951008988	0.00043000515988995085	0.004557229250015454	0.0003440213246790029	8.598383521094799e-08	8.606981904615893e-05	0.0007739405007337429	0.0003440213246790029	0.00017205365425710693	8.606981904615893e-05	8.598383521094799e-08	0.0011178758415775348	8.598383521094799e-08	0.0002580374894680549	0.0002580374894680549	8.598383521094799e-08	8.606981904615893e-05	0.00017205365425710693	8.606981904615893e-05	8.598383521094799e-08	0.0002580374894680549	8.598383521094799e-08	8.606981904615893e-05	0.0002580374894680549	8.598383521094799e-08	0.00017205365425710693	0.00017205365425710693	8.598383521094799e-08
2 3	1.6347634407389264e-07	0.0001636398204179665	1.6347634407389264e-07	0.00032711616449185917	0.0004905925085657518	0.0001636398204179665	0.0001636398204179665	0.00032711616449185917	1.6347634407389264e-07	1.6347634407389264e-07	0.00032711616449185917	0.0001636398204179665	1.6347634407389264e-07	0.0001636398204179665	0.00032711616449185917	0.00032711616449185917	0.0024523086374524635	0.00032711616449185917	0.0006540688526396444	0.0004905925085657518	0.0006540688526396444	0.000817545196713537	0.000817545196713537	0.0009810215407874297	0.002125355949304678	0.003269690357821926	0.00032711616449185917	0.0016349269170830003	0.0019618796052307853	0.001307974228935215	0.0037601193900436043	0.0049044537985608525	0.003269690357821926	0.00899136240040817	0.016020845195585554	0.002942737669674141	0.020271230141506762	0.03678234089296992	0.00719312261559535	0.05623602583776314	0.05607254949368925	0.048552637666290185	0.06506374841775334	0.2350791462546017	0.05280302261221139	0.030897192506309783	0.09350863228661066	0.03874405702185663	0.01144350756151656	0.019453848421137298	0.017819084980398373	0.008173980680038705	0.06097683981590603	0.026483331216314684	0.005231406486708638	0.0049044537985608525	0.012914794658181593	0.0006540688526396444	0.012914794658181593	0.0016349269170830003	0.002125355949304678	0.005231406486708638	0.0026157849815263558	0.001307974228935215	0.0011444978848613224	0.0006540688526396444	1.6347634407389264e-07	0.0006540688526396444	0.00032711616449185917	1.6347634407389264e-07	1.6347634407389264e-07	0.0001636398204179665	0.0001636398204179665	0.0001636398204179665	1.6347634407389264e-07	0.0001636398204179665	0.0001636398204179665	1.6347634407389264e-07	1.6347634407389264e-07	1.6347634407389264e-07	1.6347634407389264e-07	1.6347634407389264e-07	0.0001636398204179665	1.6347634407389264e-07	1.6347634407389264e-07	0.0001636398204179665	1.6347634407389264e-07	1.6347634407389264e-07	0.00032711616449185917	1.6347634407389264e-07	1.6347634407389264e-07	1.6347634407389264e-07	1.6347634407389264e-07
2 4	1.544617910184485e-07	1.544617910184485e-07	0.0009269252079017092	1.544617910184485e-07	0.0006180016258648123	1.544617910184485e-07	1.544617910184485e-07	0.00046353983484636387	0.0009269252079017092	1.544617910184485e-07	0.0003090780438279154	0.00046353983484636387	0.00046353983484636387	0.0006180016258648123	1.544617910184485e-07	0.0006180016258648123	0.0013903105809570547	0.0007724634168832608	0.0007724634168832608	0.0018536959540124002	0.00046353983484636387	0.0010813869989201577	0.0012358487899386062	0.00046353983484636387	0.0009269252079017092	0.004942931774381369	0.00046353983484636387	0.004325084610307575	0.005251855356418266	0.0018536959540124002	0.01204817416123	0.013592792071414485	0.006333087893547406	0.01992572550317087	0.042013761618809	0.014365101026506727	0.051899316243989704	0.12078927503821772	0.035217442813997274	0.10163601295193012	0.27447875710157393	0.05529747564639557	0.03413621027686813	0.02625865893492726	0.05328947236315574	0.0030893902821599877	0.037070984306218656	0.00386169923725223	0.0018536959540124002	0.009422323713916375	0.0015447723719755032	0.002626004909104642	0.01729987505585725	0.008650014758824133	0.0006180016258648123	0.0006180016258648123	0.005251855356418266	0.0009269252079017092	0.01004017087799017	0.0001546162528094669	0.0001546162528094669	0.0013903105809570547	0.0012358487899386062	0.0001546162528094669	0.0009269252079017092	1.544617910184485e-07	1.544617910184485e-07	0.0001546162528094669	1.544617910184485e-07	1.544617910184485e-07	1.544617910184485e-07	1.544617910184485e-07	1.544617910184485e-07	1.544617910184485e-07	1.544617910184485e-07	1.544617910184485e-07	1.544617910184485e-07	1.544617910184485e-07	0.0001546162528094669	1.544617910184485e-07	1.544617910184485e-07	1.544617910184485e-07	0.0003090780438279154	1.544617910184485e-07	1.544617910184485e-07	1.544617910184485e-07	1.544617910184485e-07	1.544617910184485e-07	1.544617910184485e-07	1.544617910184485e-07	1.544617910184485e-07	1.544617910184485e-07	1.544617910184485e-07
2 5	0.0028454410688756463	0.006377590942311848	0.0033360174401862296	0.0011774814064196624	0.005592668748214914	0.0005887897608469622	0.0017661730519923625	0.002256749423302946	0.0004906744865848455	0.0034341327144483463	0.0027473257946135296	0.001962403600516596	0.0033360174401862296	0.014913619803116	0.0008831355836333123	0.0026492105203514125	0.015306080900164467	0.007653089507719365	0.0071625131364087815	0.01108712410689345	0.0113814699296798	0.005592668748214914	0.011283354655417683	0.0023548646975650625	0.00510209237690433	0.07584320511989047	0.0071625131364087815	0.023842109760968618	0.034929135752587805	0.00873235752460265	0.06004664596368968	0.06760152208187266	0.027178029085880583	0.058280571026971574	0.1841624679052673	0.04169908967667386	0.02914033457112292	0.14530881929746908	0.015109850351640234	0.02089865153310512	0.018151423853765853	0.009811625541485932	0.003826593811496813	0.007947435330505716	0.0027473257946135296	0.0011774814064196624	0.01108712410689345	0.0007850203093711956	0.001962403600516596	0.0023548646975650625	0.0005887897608469622	0.000686905035109079	0.0011774814064196624	0.0008831355836333123	9.81152742621167e-08	0.0023548646975650625	0.000686905035109079	0.0001963286637984955	0.0011774814064196624	9.81152742621167e-08	9.81152742621167e-08	0.0001963286637984955	9.82133895363788e-05	9.82133895363788e-05	9.81152742621167e-08	0.0001963286637984955	9.81152742621167e-08	0.0001963286637984955	9.81152742621167e-08	9.81152742621167e-08	9.81152742621167e-08	9.82133895363788e-05	9.81152742621167e-08	9.81152742621167e-08	9.81152742621167e-08	9.81152742621167e-08	9.82133895363788e-05	9.81152742621167e-08	9.81152742621167e-08	9.82133895363788e-05	9.81152742621167e-08	9.81152742621167e-08	9.81152742621167e-08	9.81152742621167e-08	9.81152742621167e-08	9.81152742621167e-08	9.81152742621167e-08	9.82133895363788e-05	9.81152742621167e-08	9.81152742621167e-08	9.81152742621167e-08	9.81152742621167e-08	9.81152742621167e-08
3 1	8.606523762224813e-08	8.606523762224813e-08	8.615130285987037e-05	8.606523762224813e-08	8.606523762224813e-08	8.606523762224813e-08	0.0001722165404821185	8.615130285987037e-05	8.606523762224813e-08	8.606523762224813e-08	0.00043041225334886286	8.606523762224813e-08	8.606523762224813e-08	0.000516477490971111	8.606523762224813e-08	8.606523762224813e-08	0.00034434701572661473	8.606523762224813e-08	8.615130285987037e-05	0.000516477490971111	0.0008607384414601035	8.615130285987037e-05	0.00025828177810436665	0.0001722165404821185	8.606523762224813e-08	0.0006886079662156072	8.606523762224813e-08	0.00025828177810436665	0.00043041225334886286	0.00043041225334886286	0.00034434701572661473	0.0007746732038378554	0.000516477490971111	0.001118934154326848	0.003098434619638555	0.0001722165404821185	0.004131217471105533	0.002668108431527314	0.0009468036790823516	0.0057664569859282476	0.01067217553039639	0.002065651768171577	0.007659892213617707	0.008262348876973443	0.00043041225334886286	0.004991869847328014	0.05034825007425278	0.0012910646295713442	0.06231131810374527	0.022377047847022134	0.010758240768018639	0.07393012518274877	0.19054852216089502	0.024270483074711593	0.052672011490053475	0.09226202079628762	0.02478687450044508	0.04991792388614154	0.12186846253834098	0.021258199757932913	0.02668030972813454	0.033909789688403386	0.018504112154020973	0.01531969836199779	0.011877088857107865	0.008176283639351195	0.001979586530549329	0.012393480282841355	0.001204999391949096	0.0010328689167045998	0.0023238474810383216	0.0006025427285933591	0.00025828177810436665	0.001118934154326848	0.0008607384414601035	0.00025828177810436665	0.0022377822434160735	0.00034434701572661473	0.00034434701572661473	0.0006025427285933591	8.615130285987037e-05	0.00025828177810436665	0.0001722165404821185	8.615130285987037e-05	8.615130285987037e-05	8.606523762224813e-08	8.615130285987037e-05	0.00043041225334886286	8.615130285987037e-05	8.606523762224813e-08	8.615130285987037e-05	0.0006886079662156072	0.00025828177810436665
3 2	1.634763440738926e-07	1.634763440738926e-07	1.634763440738926e-07	1.634763440738926e-07	0.00032711616449185906	1.634763440738926e-07	1.634763440738926e-07	0.00016363982041796648	1.634763440738926e-07	1.634763440738926e-07	0.00016363982041796648	1.634763440738926e-07	1.634763440738926e-07	1.634763440738926e-07	1.634763440738926e-07	1.634763440738926e-07	0.00016363982041796648	0.00016363982041796648	1.634763440738926e-07	0.00016363982041796648	0.00016363982041796648	0.00016363982041796648	1.634763440738926e-07	1.634763440738926e-07	0.00032711616449185906	0.0006540688526396442	1.634763440738926e-07	0.0006540688526396442	0.001144497884861322	0.0013079742289352145	0.002615784981526355	0.005231406486708636	0.0021253559493046776	0.0016349269170829997	0.01291479465818159	0.0006540688526396442	0.01291479465818159	0.004904453798560852	0.005231406486708636	0.026483331216314673	0.06097683981590601	0.008173980680038703	0.01781908498039837	0.019453848421137294	0.011443507561516556	0.03874405702185662	0.09350863228661063	0.030897192506309776	0.05280302261221138	0.23507914625460163	0.06506374841775332	0.04855263766629017	0.05607254949368923	0.056236025837763125	0.007193122615595348	0.03678234089296991	0.020271230141506755	0.0029427376696741403	0.01602084519558555	0.008991362400408166	0.0032696903578219253	0.004904453798560852	0.003760119390043603	0.0013079742289352145	0.001961879605230785	0.0016349269170829997	0.00032711616449185906	0.0032696903578219253	0.0021253559493046776	0.0009810215407874293	0.0008175451967135368	0.0008175451967135368	0.0006540688526396442	0.0004905925085657517	0.0006540688526396442	0.00032711616449185906	0.0024523086374524626	0.00032711616449185906	0.00032711616449185906	0.00016363982041796648	1.634763440738926e-07	0.00016363982041796648	0.00032711616449185906	1.634763440738926e-07	1.634763440738926e-07	0.00032711616449185906	0.00016363982041796648	0.00016363982041796648	0.0004905925085657517	0.00032711616449185906	1.634763440738926e-07	0.00016363982041796648	1.634763440738926e-07
3 3	1.393127673324934e-07	1.393127673324934e-07	1.393127673324934e-07	1.393127673324934e-07	0.0001394520800998259	1.393127673324934e-07	0.0001394520800998259	1.393127673324934e-07	1.393127673324934e-07	0.0001394520800998259	0.0001394520800998259	1.393127673324934e-07	1.393127673324934e-07	0.0002787648474323193	0.0002787648474323193	0.0001394520800998259	0.0002787648474323193	1.393127673324934e-07	0.0001394520800998259	1.393127673324934e-07	0.0002787648474323193	0.0001394520800998259	1.393127673324934e-07	1.393127673324934e-07	0.0001394520800998259	0.0018112052880897467	1.393127673324934e-07	0.0001394520800998259	0.0008360159167622929	0.0006967031494297995	0.0005573903820973061	0.0026470818920847072	0.0004180776147648127	0.0025077691247522137	0.004318835100074628	0.0006967031494297995	0.005433337238734575	0.010030658560706859	0.0018112052880897467	0.010309284095371846	0.013931416046016675	0.005154711704069588	0.012677601140024234	0.030788260893248376	0.010169971328039352	0.008219592585384444	0.749224202026917	0.008219592585384444	0.010169971328039352	0.030788260893248376	0.012677601140024234	0.005154711704069588	0.013931416046016675	0.010309284095371846	0.0018112052880897467	0.010030658560706859	0.005433337238734575	0.0006967031494297995	0.004318835100074628	0.0025077691247522137	0.0004180776147648127	0.0026470818920847072	0.0005573903820973061	0.0006967031494297995	0.0008360159167622929	0.0001394520800998259	1.393127673324934e-07	0.0018112052880897467	0.0001394520800998259	1.393127673324934e-07	1.393127673324934e-07	0.0001394520800998259	0.0002787648474323193	1.393127673324934e-07	0.0001394520800998259	1.393127673324934e-07	0.0002787648474323193	0.0001394520800998259	0.0002787648474323193	0.0002787648474323193	1.393127673324934e-07	1.393127673324934e-07	0.0001394520800998259	0.0001394520800998259	1.393127673324934e-07	1.393127673324934e-07	0.0001394520800998259	1.393127673324934e-07	0.0001394520800998259	1.393127673324934e-07	1.393127673324934e-07	1.393127673324934e-07	1.393127673324934e-07
3 4	2.6808983046803386e-07	0.00026835792029850184	2.6808983046803386e-07	2.6808983046803386e-07	0.0008045375812345696	0.00026835792029850184	2.6808983046803386e-07	0.00026835792029850184	2.6808983046803386e-07	2.6808983046803386e-07	2.6808983046803386e-07	0.0005364477507665358	2.6808983046803386e-07	0.00026835792029850184	0.0005364477507665358	0.0005364477507665358	0.00026835792029850184	0.0005364477507665358	2.6808983046803386e-07	0.0005364477507665358	0.0005364477507665358	0.0008045375812345696	0.002144986733574739	0.0010726274117026033	0.0008045375812345696	0.003753525716382942	0.0005364477507665358	0.002144986733574739	0.00026835792029850184	0.0013407172421706372	0.00294925622497884	0.003753525716382942	0.00026835792029850184	0.00294925622497884	0.010455771478083787	0.002144986733574739	0.010991951139019856	0.026273071475697785	0.005898244360127212	0.06085665960607416	0.04637980876080033	0.03940947316863144	0.10348294265049153	0.3431552510889138	0.06648654604590286	0.022519813849145313	0.07452924095994387	0.05576295282718151	0.01340475961323216	0.03404767655927077	0.00991959181714772	0.003217346055446874	0.017694196900720705	0.007506783342935416	0.0013407172421706372	0.0048258850382550764	0.001608807072638671	2.6808983046803386e-07	0.003753525716382942	0.0005364477507665358	2.6808983046803386e-07	0.0008045375812345696	0.0008045375812345696	0.00026835792029850184	0.0026811663945108064	2.6808983046803386e-07	2.6808983046803386e-07	0.0005364477507665358	2.6808983046803386e-07	2.6808983046803386e-07	2.6808983046803386e-07	2.6808983046803386e-07	2.6808983046803386e-07	2.6808983046803386e-07	2.6808983046803386e-07	2.6808983046803386e-07	2.6808983046803386e-07	2.6808983046803386e-07	2.6808983046803386e-07	2.6808983046803386e-07	2.6808983046803386e-07	2.6808983046803386e-07	0.00026835792029850184	2.6808983046803386e-07	2.6808983046803386e-07	2.6808983046803386e-07	2.6808983046803386e-07	2.6808983046803386e-07	0.00026835792029850184	2.6808983046803386e-07	2.6808983046803386e-07	2.6808983046803386e-07	2.6808983046803386e-07
3 5	0.0003557907026075138	0.003911919664201855	0.000889210046846665	0.000889210046846665	0.0024894680795641186	1.7780644807971706e-07	0.0003557907026075138	0.0019560487353249673	1.7780644807971706e-07	0.0005335971506872309	0.00017798425452779677	0.00017798425452779677	0.0005335971506872309	0.008179274418115064	0.0005335971506872309	0.0003557907026075138	0.005334371248839591	0.004445339008441006	0.002845080975723552	0.0035563067680424204	0.0065790163853976106	0.0007114035987669479	0.00480095190460044	0.001244822943006099	0.001067016494926382	0.029338241739601395	0.008179274418115064	0.011024177587390537	0.01333566141242686	0.006756822833477328	0.008712693762354215	0.019736693543296675	0.007468048625796196	0.012980048516267426	0.056898241191957535	0.011024177587390537	0.06863346676521886	0.13868920730862738	0.023292822504891016	0.08765875670974858	0.23754959244095009	0.0366283061108698	0.029338241739601395	0.03324998359735517	0.030049467531920265	0.0069346292815570445	0.03093849977231885	0.003734113216122138	0.009601726002752801	0.00782366152195563	0.0014226293910858162	0.0014226293910858162	0.005867790593078743	0.0005335971506872309	0.0005335971506872309	0.0021338551834046843	1.7780644807971706e-07	0.001244822943006099	0.0014226293910858162	0.00017798425452779677	0.00017798425452779677	0.0005335971506872309	0.0003557907026075138	0.00017798425452779677	1.7780644807971706e-07	0.00017798425452779677	0.0003557907026075138	0.0007114035987669479	0.00017798425452779677	1.7780644807971706e-07	1.7780644807971706e-07	0.00017798425452779677	0.0003557907026075138	0.0003557907026075138	1.7780644807971706e-07	1.7780644807971706e-07	1.7780644807971706e-07	1.7780644807971706e-07	1.7780644807971706e-07	1.7780644807971706e-07	1.7780644807971706e-07	1.7780644807971706e-07	0.00017798425452779677	1.7780644807971706e-07	1.7780644807971706e-07	1.7780644807971706e-07	1.7780644807971706e-07	1.7780644807971706e-07	1.7780644807971706e-07	1.7780644807971706e-07	1.7780644807971706e-07	1.7780644807971706e-07	1.7780644807971706e-07
4 1	1.4005419817360922e-07	0.0001401942523717828	1.4005419817360922e-07	1.4005419817360922e-07	1.4005419817360922e-07	1.4005419817360922e-07	0.000280248450545392	1.4005419817360922e-07	1.4005419817360922e-07	1.4005419817360922e-07	1.4005419817360922e-07	1.4005419817360922e-07	1.4005419817360922e-07	0.0015407362341078748	1.4005419817360922e-07	1.4005419817360922e-07	0.000280248450545392	1.4005419817360922e-07	1.4005419817360922e-07	1.4005419817360922e-07	0.0001401942523717828	0.0001401942523717828	1.4005419817360922e-07	1.4005419817360922e-07	1.4005419817360922e-07	0.000980519441413438	1.4005419817360922e-07	0.0004203026487190012	0.0001401942523717828	0.0001401942523717828	0.0001401942523717828	0.0004203026487190012	0.0007004110450662196	0.000280248450545392	0.00420176599940645	1.4005419817360922e-07	0.0007004110450662196	0.0015407362341078748	0.0001401942523717828	0.0014006820359342656	0.0019608988286287025	0.0004203026487190012	0.001120573639587047	0.0075630667555730705	0.0007004110450662196	0.0018208446304550931	0.02030799878937151	0.0007004110450662196	0.010364150719045256	0.012745072087996611	0.0022410072249759204	0.019467673600329853	0.023109082752843693	0.0057423621793161505	0.022969028554670083	0.12618897260862005	0.01330528888069105	0.04635807964966282	0.15630062521594604	0.026050220914489487	0.06554550479944728	0.1145644741602105	0.05546160253094742	0.09131547726339137	0.05602181932364186	0.025069841527274223	0.003921657603059231	0.04159623691176011	0.005322199584795323	0.001680790432281484	0.006162524773836979	0.0028012240176703575	0.0018208446304550931	0.003081332414017576	0.003781603404885622	0.000280248450545392	0.0022410072249759204	1.4005419817360922e-07	0.000280248450545392	0.0005603568468926103	1.4005419817360922e-07	0.0004203026487190012	0.0005603568468926103	0.000280248450545392	0.0004203026487190012	0.0007004110450662196	1.4005419817360922e-07	0.0012606278377606565	0.000280248450545392	1.4005419817360922e-07	0.0001401942523717828	0.001120573639587047	0.0001401942523717828
4 2	1.5446179101844844e-07	1.5446179101844844e-07	1.5446179101844844e-07	1.5446179101844844e-07	1.5446179101844844e-07	1.5446179101844844e-07	1.5446179101844844e-07	1.5446179101844844e-07	1.5446179101844844e-07	1.5446179101844844e-07	0.0003090780438279153	1.5446179101844844e-07	1.5446179101844844e-07	1.5446179101844844e-07	0.00015461625280946685	1.5446179101844844e-07	1.5446179101844844e-07	1.5446179101844844e-07	1.5446179101844844e-07	1.5446179101844844e-07	1.5446179101844844e-07	1.5446179101844844e-07	1.5446179101844844e-07	1.5446179101844844e-07	1.5446179101844844e-07	0.00015461625280946685	1.5446179101844844e-07	1.5446179101844844e-07	0.000926925207901709	0.00015461625280946685	0.0012358487899386057	0.0013903105809570542	0.00015461625280946685	0.00015461625280946685	0.010040170877990168	0.000926925207901709	0.005251855356418265	0.0006180016258648121	0.0006180016258648121	0.008650014758824131	0.017299875055857245	0.0026260049091046413	0.0015447723719755027	0.009422323713916372	0.0018536959540123995	0.003861699237252229	0.03707098430621864	0.003089390282159987	0.053289472363155725	0.026258658934927254	0.034136210276868126	0.055297475646395554	0.2744787571015739	0.10163601295193009	0.03521744281399726	0.1207892750382177	0.05189931624398969	0.014365101026506724	0.04201376161880899	0.019925725503170868	0.006333087893547404	0.013592792071414481	0.012048174161229996	0.0018536959540123995	0.005251855356418265	0.004325084610307574	0.00046353983484636376	0.004942931774381368	0.000926925207901709	0.00046353983484636376	0.0012358487899386057	0.0010813869989201575	0.00046353983484636376	0.0018536959540123995	0.0007724634168832606	0.0007724634168832606	0.0013903105809570542	0.0006180016258648121	1.5446179101844844e-07	0.0006180016258648121	0.00046353983484636376	0.00046353983484636376	0.0003090780438279153	1.5446179101844844e-07	0.000926925207901709	0.00046353983484636376	1.5446179101844844e-07	1.5446179101844844e-07	0.0006180016258648121	1.5446179101844844e-07	0.000926925207901709	1.5446179101844844e-07	1.5446179101844844e-07
4 3	2.6808983046803386e-07	2.6808983046803386e-07	2.6808983046803386e-07	2.6808983046803386e-07	0.00026835792029850184	2.6808983046803386e-07	2.6808983046803386e-07	2.6808983046803386e-07	2.6808983046803386e-07	2.6808983046803386e-07	0.00026835792029850184	2.6808983046803386e-07	2.6808983046803386e-07	2.6808983046803386e-07	2.6808983046803386e-07	2.6808983046803386e-07	2.6808983046803386e-07	2.6808983046803386e-07	2.6808983046803386e-07	2.6808983046803386e-07	2.6808983046803386e-07	2.6808983046803386e-07	2.6808983046803386e-07	2.6808983046803386e-07	2.6808983046803386e-07	0.0005364477507665358	2.6808983046803386e-07	2.6808983046803386e-07	0.0026811663945108064	0.00026835792029850184	0.0008045375812345696	0.0008045375812345696	2.6808983046803386e-07	0.0005364477507665358	0.003753525716382942	2.6808983046803386e-07	0.001608807072638671	0.0048258850382550764	0.0013407172421706372	0.007506783342935416	0.017694196900720705	0.003217346055446874	0.00991959181714772	0.03404767655927077	0.01340475961323216	0.05576295282718151	0.07452924095994387	0.022519813849145313	0.06648654604590286	0.3431552510889138	0.10348294265049153	0.03940947316863144	0.04637980876080033	0.06085665960607416	0.005898244360127212	0.026273071475697785	0.010991951139019856	0.002144986733574739	0.010455771478083787	0.00294925622497884	0.00026835792029850184	0.003753525716382942	0.00294925622497884	0.0013407172421706372	0.00026835792029850184	0.002144986733574739	0.0005364477507665358	0.003753525716382942	0.0008045375812345696	0.0010726274117026033	0.002144986733574739	0.0008045375812345696	0.0005364477507665358	0.0005364477507665358	2.6808983046803386e-07	0.0005364477507665358	0.00026835792029850184	0.0005364477507665358	0.0005364477507665358	0.00026835792029850184	2.6808983046803386e-07	0.0005364477507665358	2.6808983046803386e-07	2.6808983046803386e-07	2.6808983046803386e-07	0.00026835792029850184	2.6808983046803386e-07	0.00026835792029850184	0.0008045375812345696	2.6808983046803386e-07	2.6808983046803386e-07	0.00026835792029850184	2.6808983046803386e-07
4 4	2.788550101740248e-07	0.0008368438855322485	2.788550101740248e-07	2.788550101740248e-07	0.0011156988957062733	2.788550101740248e-07	2.788550101740248e-07	0.0008368438855322485	2.788550101740248e-07	2.788550101740248e-07	0.0005579888753582237	2.788550101740248e-07	2.788550101740248e-07	2.788550101740248e-07	2.788550101740248e-07	2.788550101740248e-07	2.788550101740248e-07	2.788550101740248e-07	0.00027913386518419885	2.788550101740248e-07	0.0008368438855322485	0.00027913386518419885	0.0005579888753582237	0.00027913386518419885	2.788550101740248e-07	0.003067683966924447	0.00027913386518419885	0.00027913386518419885	0.0011156988957062733	2.788550101740248e-07	0.0008368438855322485	0.0027888289567504225	0.00027913386518419885	0.001673408916054323	0.0058562340686646955	0.0011156988957062733	0.0011156988957062733	0.007808219139882869	0.0008368438855322485	0.004740814027968596	0.01477959439423349	0.0027888289567504225	0.016173869445103614	0.039597690299721704	0.01701043447562569	0.009202494190752994	0.7261387253481709	0.009202494190752994	0.01701043447562569	0.039597690299721704	0.016173869445103614	0.0027888289567504225	0.01477959439423349	0.004740814027968596	0.0008368438855322485	0.007808219139882869	0.0011156988957062733	0.0011156988957062733	0.0058562340686646955	0.001673408916054323	0.00027913386518419885	0.0027888289567504225	0.0008368438855322485	2.788550101740248e-07	0.0011156988957062733	0.00027913386518419885	0.00027913386518419885	0.003067683966924447	2.788550101740248e-07	0.00027913386518419885	0.0005579888753582237	0.00027913386518419885	0.0008368438855322485	2.788550101740248e-07	0.00027913386518419885	2.788550101740248e-07	2.788550101740248e-07	2.788550101740248e-07	2.788550101740248e-07	2.788550101740248e-07	2.788550101740248e-07	2.788550101740248e-07	0.0005579888753582237	2.788550101740248e-07	2.788550101740248e-07	0.0008368438855322485	2.788550101740248e-07	2.788550101740248e-07	0.0011156988957062733	2.788550101740248e-07	2.788550101740248e-07	0.0008368438855322485	2.788550101740248e-07
4 5	2.595991322120208e-07	0.001557854392404337	0.0002598587313442328	2.595991322120208e-07	0.002855850053464441	2.595991322120208e-07	0.0002598587313442328	0.001298255260192316	2.595991322120208e-07	0.0005194578635562536	0.0005194578635562536	0.0007790569957682745	0.0002598587313442328	0.007788233565492836	0.0005194578635562536	2.595991322120208e-07	0.0025962509212524203	0.0023366517890403993	0.0023366517890403993	0.002855850053464441	0.006749837036644753	0.0018174535246163576	0.007788233565492836	0.0005194578635562536	0.0002598587313442328	0.014018612738581336	0.001298255260192316	0.0018174535246163576	0.007269035301068794	0.0010386561279802952	0.0020770526568283784	0.00597103964000869	0.0018174535246163576	0.009865026623189003	0.026479371084758337	0.004673043978948586	0.01765300058954963	0.04179571988526756	0.008567030962128899	0.06619803831319752	0.0646404435199254	0.029075362406878545	0.11370467950799733	0.22896669421013457	0.04750690079393202	0.054775676495868605	0.05036249124826425	0.03686333637323917	0.03997852595978342	0.029334961539090567	0.006490237904432732	0.008826630094340919	0.006749837036644753	0.0038942465823125242	0.0025962509212524203	0.0036346474501005033	0.0005194578635562536	0.001557854392404337	0.002855850053464441	2.595991322120208e-07	0.0023366517890403993	0.002855850053464441	0.0002598587313442328	0.0002598587313442328	0.0002598587313442328	0.0002598587313442328	0.0007790569957682745	0.0023366517890403993	2.595991322120208e-07	2.595991322120208e-07	2.595991322120208e-07	2.595991322120208e-07	0.0010386561279802952	2.595991322120208e-07	2.595991322120208e-07	2.595991322120208e-07	0.0005194578635562536	2.595991322120208e-07	0.0002598587313442328	0.0010386561279802952	2.595991322120208e-07	0.0002598587313442328	0.0002598587313442328	2.595991322120208e-07	2.595991322120208e-07	2.595991322120208e-07	2.595991322120208e-07	0.0002598587313442328	2.595991322120208e-07	2.595991322120208e-07	0.0002598587313442328	2.595991322120208e-07	2.595991322120208e-07
5 1	1.1604841679206664e-07	1.1604841679206664e-07	1.1604841679206664e-07	1.1604841679206664e-07	1.1604841679206664e-07	1.1604841679206664e-07	1.1604841679206664e-07	1.1604841679206664e-07	1.1604841679206664e-07	1.1604841679206664e-07	1.1604841679206664e-07	1.1604841679206664e-07	1.1604841679206664e-07	0.0001161644652088587	1.1604841679206664e-07	1.1604841679206664e-07	1.1604841679206664e-07	1.1604841679206664e-07	1.1604841679206664e-07	1.1604841679206664e-07	1.1604841679206664e-07	1.1604841679206664e-07	0.0001161644652088587	1.1604841679206664e-07	1.1604841679206664e-07	0.00034826129879299197	1.1604841679206664e-07	1.1604841679206664e-07	1.1604841679206664e-07	1.1604841679206664e-07	1.1604841679206664e-07	1.1604841679206664e-07	1.1604841679206664e-07	0.0001161644652088587	0.0001161644652088587	1.1604841679206664e-07	0.00023221288200092534	0.0009285033827533251	1.1604841679206664e-07	0.0001161644652088587	0.0013926970499215916	0.0001161644652088587	0.00023221288200092534	0.0011606002163374585	0.00023221288200092534	0.001276648633129525	0.009167940974990057	0.0001161644652088587	0.0032494717185946576	0.004642052720099457	0.00034826129879299197	0.003945762219347057	0.006730924222356657	0.0023210843842581246	0.005918585304812191	0.029824559163977915	0.001624793883505725	0.017523426984018854	0.1126831287535135	0.015434555481761656	0.030985043331898582	0.1105942572512563	0.042357788177521116	0.036091173670749516	0.08425126663945717	0.019264153235899854	0.007891408390277323	0.28408664035539594	0.01218519981158379	0.005918585304812191	0.026923348744176255	0.011024715643663124	0.007775359973485258	0.019264153235899854	0.01009632830932659	0.008935844141405924	0.01253334506195999	0.002901326468218458	0.0010445517995453918	0.009980279892534524	0.0006964065491691919	0.003133423301802591	0.0020889875506739913	0.004293907469723257	0.0024371328010501913	0.0024371328010501913	0.0004643097155850586	0.0015087454667136583	0.008239553640653523	0.00034826129879299197	0.004061810636139124	0.005570440054435991	0.0005803581323771252
5 2	9.811527426211672e-08	9.811527426211672e-08	9.811527426211672e-08	9.811527426211672e-08	9.811527426211672e-08	9.821338953637882e-05	9.811527426211672e-08	9.811527426211672e-08	9.811527426211672e-08	9.811527426211672e-08	9.811527426211672e-08	9.811527426211672e-08	9.811527426211672e-08	9.821338953637882e-05	9.811527426211672e-08	9.811527426211672e-08	9.821338953637882e-05	9.811527426211672e-08	9.811527426211672e-08	9.811527426211672e-08	9.811527426211672e-08	9.821338953637882e-05	9.811527426211672e-08	9.811527426211672e-08	9.811527426211672e-08	0.00019632866379849554	9.811527426211672e-08	0.00019632866379849554	9.811527426211672e-08	9.821338953637882e-05	9.821338953637882e-05	0.00019632866379849554	9.811527426211672e-08	9.811527426211672e-08	0.0011774814064196627	0.00019632866379849554	0.0006869050351090791	0.002354864697565063	9.811527426211672e-08	0.0008831355836333125	0.0011774814064196627	0.0006869050351090791	0.0005887897608469623	0.002354864697565063	0.0019624036005165962	0.0007850203093711958	0.011087124106893451	0.0011774814064196627	0.00274732579461353	0.007947435330505716	0.003826593811496814	0.009811625541485933	0.018151423853765853	0.020898651533105123	0.015109850351640237	0.1453088192974691	0.029140334571122924	0.041699089676673864	0.18416246790526733	0.05828057102697159	0.02717802908588059	0.06760152208187267	0.060046645963689686	0.008732357524602651	0.03492913575258781	0.023842109760968625	0.007162513136408782	0.07584320511989048	0.0051020923769043314	0.002354864697565063	0.011283354655417684	0.005592668748214915	0.011381469929679802	0.011087124106893451	0.007162513136408782	0.007653089507719367	0.01530608090016447	0.0026492105203514134	0.0008831355836333125	0.014913619803116004	0.00333601744018623	0.0019624036005165962	0.00274732579461353	0.0034341327144483467	0.0004906744865848456	0.0022567494233029462	0.0017661730519923627	0.0005887897608469623	0.005592668748214915	0.0011774814064196627	0.00333601744018623	0.006377590942311849	0.0028454410688756467
5 3	1.77806448079717e-07	1.77806448079717e-07	1.77806448079717e-07	1.77806448079717e-07	1.77806448079717e-07	1.77806448079717e-07	1.77806448079717e-07	1.77806448079717e-07	1.77806448079717e-07	1.77806448079717e-07	0.00017798425452779672	1.77806448079717e-07	1.77806448079717e-07	1.77806448079717e-07	1.77806448079717e-07	1.77806448079717e-07	1.77806448079717e-07	1.77806448079717e-07	1.77806448079717e-07	0.0003557907026075137	0.0003557907026075137	0.00017798425452779672	1.77806448079717e-07	1.77806448079717e-07	0.00017798425452779672	0.0007114035987669477	0.0003557907026075137	0.00017798425452779672	1.77806448079717e-07	0.00017798425452779672	0.0003557907026075137	0.0005335971506872307	0.00017798425452779672	0.00017798425452779672	0.0014226293910858158	0.0012448229430060986	1.77806448079717e-07	0.002133855183404684	0.0005335971506872307	0.0005335971506872307	0.005867790593078741	0.0014226293910858158	0.0014226293910858158	0.007823661521955627	0.009601726002752798	0.0037341132161221365	0.03093849977231884	0.006934629281557043	0.030049467531920254	0.03324998359735516	0.029338241739601388	0.036628306110869785	0.23754959244095	0.08765875670974856	0.02329282250489101	0.13868920730862735	0.06863346676521884	0.011024177587390533	0.056898241191957515	0.012980048516267422	0.007468048625796193	0.019736693543296668	0.008712693762354213	0.006756822833477325	0.013335661412426857	0.011024177587390533	0.008179274418115062	0.029338241739601388	0.0010670164949263816	0.0012448229430060986	0.004800951904600438	0.0007114035987669477	0.006579016385397609	0.0035563067680424196	0.0028450809757235513	0.004445339008441004	0.00533437124883959	0.0003557907026075137	0.0005335971506872307	0.008179274418115062	0.0005335971506872307	0.00017798425452779672	0.00017798425452779672	0.0005335971506872307	1.77806448079717e-07	0.001956048735324967	0.0003557907026075137	1.77806448079717e-07	0.0024894680795641178	0.0008892100468466647	0.0008892100468466647	0.003911919664201853	0.0003557907026075137
5 4	2.595991322120208e-07	2.595991322120208e-07	0.0002598587313442328	2.595991322120208e-07	2.595991322120208e-07	0.0002598587313442328	2.595991322120208e-07	2.595991322120208e-07	2.595991322120208e-07	2.595991322120208e-07	0.0002598587313442328	0.0002598587313442328	2.595991322120208e-07	0.001038656127980295	0.0002598587313442328	2.595991322120208e-07	0.0005194578635562536	2.595991322120208e-07	2.595991322120208e-07	2.595991322120208e-07	0.001038656127980295	2.595991322120208e-07	2.595991322120208e-07	2.595991322120208e-07	2.595991322120208e-07	0.002336651789040399	0.0007790569957682743	0.0002598587313442328	0.0002598587313442328	0.0002598587313442328	0.0002598587313442328	0.0028558500534644404	0.002336651789040399	2.595991322120208e-07	0.0028558500534644404	0.0015578543924043367	0.0005194578635562536	0.003634647450100503	0.00259625092125242	0.003894246582312524	0.006749837036644752	0.008826630094340919	0.006490237904432731	0.029334961539090564	0.03997852595978341	0.036863336373239165	0.050362491248264245	0.0547756764958686	0.047506900793932015	0.22896669421013455	0.11370467950799731	0.02907536240687854	0.06464044351992539	0.06619803831319751	0.008567030962128897	0.04179571988526756	0.017653000589549626	0.004673043978948585	0.026479371084758334	0.009865026623189001	0.0018174535246163574	0.005971039640008689	0.0020770526568283784	0.001038656127980295	0.007269035301068793	0.0018174535246163574	0.0012982552601923157	0.014018612738581335	0.0002598587313442328	0.0005194578635562536	0.007788233565492835	0.0018174535246163574	0.006749837036644752	0.0028558500534644404	0.002336651789040399	0.002336651789040399	0.00259625092125242	2.595991322120208e-07	0.0005194578635562536	0.007788233565492835	0.0002598587313442328	0.0007790569957682743	0.0005194578635562536	0.0005194578635562536	2.595991322120208e-07	0.0012982552601923157	0.0002598587313442328	2.595991322120208e-07	0.0028558500534644404	2.595991322120208e-07	0.0002598587313442328	0.0015578543924043367	2.595991322120208e-07
5 5	0.00012288099337928008	0.0004911556988116879	0.0020870127556854553	1.2275823514413597e-07	0.0030690786368385427	1.2275823514413597e-07	1.2275823514413597e-07	0.0004911556988116879	0.0006139139339558238	0.0007366721690999598	0.00012288099337928008	0.000368397463667552	0.00012288099337928008	0.0031918368719826787	0.00012288099337928008	0.0004911556988116879	0.0011049468745323676	0.0025780456962619987	0.000368397463667552	0.0008594304042440958	0.0007366721690999598	0.000368397463667552	0.0007366721690999598	1.2275823514413597e-07	1.2275823514413597e-07	0.014976627445819731	0.0020870127556854553	0.00024563922852341604	0.002455287461117863	0.0013504633448206396	0.0025780456962619987	0.001964254520541319	0.0018414962853971835	0.002946320401694407	0.017309033913558314	0.0012277051096765037	0.002455287461117863	0.028602791546818822	0.002946320401694407	0.010557330980630837	0.021237297438170665	0.007120100396595029	0.01620420979726109	0.07390058031500499	0.027866242135954008	0.02590211037364783	0.43088152811415237	0.02590211037364783	0.027866242135954008	0.07390058031500499	0.01620420979726109	0.007120100396595029	0.021237297438170665	0.010557330980630837	0.002946320401694407	0.028602791546818822	0.002455287461117863	0.0012277051096765037	0.017309033913558314	0.002946320401694407	0.0018414962853971835	0.001964254520541319	0.0025780456962619987	0.0013504633448206396	0.002455287461117863	0.00024563922852341604	0.0020870127556854553	0.014976627445819731	1.2275823514413597e-07	1.2275823514413597e-07	0.0007366721690999598	0.000368397463667552	0.0007366721690999598	0.0008594304042440958	0.000368397463667552	0.0025780456962619987	0.0011049468745323676	0.0004911556988116879	0.00012288099337928008	0.0031918368719826787	0.00012288099337928008	0.000368397463667552	0.00012288099337928008	0.0007366721690999598	0.0006139139339558238	0.0004911556988116879	1.2275823514413597e-07	1.2275823514413597e-07	0.0030690786368385427	1.2275823514413597e-07	0.0020870127556854553	0.0004911556988116879	0.00012288099337928008
