### Initial Prob Right
0.41099982200935264	0.1618129156486141	0.1974110451287196	0.12297859257940809	0.10679762463390559
### Initial Prob Left
0.0711994951538001	0.0970890438666041	0.0841442695102021	0.0873804630993026	0.6601867283700911
### Transition Prob Right
0.03715064397163072	0.33546463105260427	0.18691410762990524	0.13486164380606436	0.3056089735397954
0.4295730640839327	0.01886040884214866	0.2563237711542812	0.14815390652415167	0.14708884939548578
0.31252171275325746	0.3346853437992027	0.01970103434624024	0.16189593784101025	0.17119597126028924
0.3123193996148877	0.267937386047876	0.22423755532954348	0.011155736124451017	0.18434992288324178
0.48150368812912064	0.18097682424078954	0.1613202706434423	0.12541975955939835	0.05077945742724926
### Transition Prob Left
0.03715064397163072	0.33546463105260427	0.18691410762990524	0.13486164380606436	0.3056089735397954
0.4295730640839327	0.01886040884214866	0.2563237711542812	0.14815390652415167	0.14708884939548578
0.31252171275325746	0.3346853437992027	0.01970103434624024	0.16189593784101025	0.17119597126028924
0.3123193996148877	0.267937386047876	0.22423755532954348	0.011155736124451017	0.18434992288324178
0.48150368812912064	0.18097682424078954	0.1613202706434423	0.12541975955939835	0.05077945742724926
### Transition Prob 2nd Right
0.10838852877349488	0.34307223592781355	0.16305380995803495	0.09990598514141107	0.2855794401992455
0.2580511180700311	0.01369086405360575	0.349375058503589	0.18767826902497822	0.19120469034779589
0.32716100904391504	0.3162742550133735	0.0160976011456215	0.10365687928869484	0.23681025550839513
0.37590287931960825	0.3285602885963051	0.16473170489441116	0.009933043128842151	0.12087208406083327
0.4604208818288487	0.193777169475758	0.1765042391603068	0.12113934993727124	0.04815835959781525
0.03792065894346834	0.3365975266700889	0.1883008677203699	0.13131577994692678	0.3058651667191461
0.3142850340176547	0.1000005952345522	0.32142784864375806	0.12976232284331643	0.1345241992607187
0.29564229988592683	0.22405843956752214	0.015569359150491801	0.27563708983339574	0.1890928115626635
0.3835841991082838	0.1990963862226007	0.17740965556501836	0.009488095264988504	0.2304216638391085
0.5161484490033142	0.18068252537894164	0.13330291491246576	0.09323591313534951	0.07663019756992871
0.032264158772771924	0.3370943038538307	0.22305108958826483	0.1557254962115366	0.25186495157359584
0.5855713230893859	0.023468134085991268	0.20304215426242753	0.11064758337784293	0.07727080518435236
0.25898159444914337	0.26796356314698244	0.17964087095156475	0.14520999094318157	0.14820398050912795
0.22959364473782384	0.2117943079878569	0.23876300003326137	0.011686613010955582	0.30816243423010226
0.5312443353035502	0.1506283778375126	0.17249098597780513	0.10759174764008636	0.03804455324104558
0.02735495009358058	0.3252902417482311	0.21548386097815417	0.16077421885534265	0.2710967283246914
0.5441284437464713	0.016388651038452082	0.1913997959706841	0.10073680594135771	0.14734630330303464
0.20061228109825216	0.5706821801889247	0.017468199650459523	0.11273193523146474	0.09850540383089874
0.2799985454809913	0.2290903801749059	0.23636297521863242	0.07272958673478663	0.1818185123906838
0.4651874970486524	0.13441694002093119	0.1372721971533086	0.2249066276008921	0.03821673817621548
0.034573301411084716	0.3350068076772	0.15409631615235161	0.11986538114291957	0.3564581936164441
0.558044227301175	0.01710321091023845	0.13455431016020117	0.14832757051039008	0.14197068111799518
0.43260221604435145	0.3695392065789507	0.016828304582437035	0.09297986318216624	0.08805040961209448
0.20454048838628203	0.33398806593749625	0.37415392473922204	0.010914853836658113	0.0764026671003415
0.45960627836714424	0.2745631152753404	0.12063340438481338	0.09497845256972552	0.05021874940297653
### Transition Prob 2nd Left
0.10838852877349488	0.34307223592781355	0.16305380995803495	0.09990598514141107	0.2855794401992455
0.2580511180700311	0.01369086405360575	0.349375058503589	0.18767826902497822	0.19120469034779589
0.32716100904391504	0.3162742550133735	0.0160976011456215	0.10365687928869484	0.23681025550839513
0.37590287931960825	0.3285602885963051	0.16473170489441116	0.009933043128842151	0.12087208406083327
0.4604208818288487	0.193777169475758	0.1765042391603068	0.12113934993727124	0.04815835959781525
0.03792065894346834	0.3365975266700889	0.1883008677203699	0.13131577994692678	0.3058651667191461
0.3142850340176547	0.1000005952345522	0.32142784864375806	0.12976232284331643	0.1345241992607187
0.29564229988592683	0.22405843956752214	0.015569359150491801	0.27563708983339574	0.1890928115626635
0.3835841991082838	0.1990963862226007	0.17740965556501836	0.009488095264988504	0.2304216638391085
0.5161484490033142	0.18068252537894164	0.13330291491246576	0.09323591313534951	0.07663019756992871
0.032264158772771924	0.3370943038538307	0.22305108958826483	0.1557254962115366	0.25186495157359584
0.5855713230893859	0.023468134085991268	0.20304215426242753	0.11064758337784293	0.07727080518435236
0.25898159444914337	0.26796356314698244	0.17964087095156475	0.14520999094318157	0.14820398050912795
0.22959364473782384	0.2117943079878569	0.23876300003326137	0.011686613010955582	0.30816243423010226
0.5312443353035502	0.1506283778375126	0.17249098597780513	0.10759174764008636	0.03804455324104558
0.02735495009358058	0.3252902417482311	0.21548386097815417	0.16077421885534265	0.2710967283246914
0.5441284437464713	0.016388651038452082	0.1913997959706841	0.10073680594135771	0.14734630330303464
0.20061228109825216	0.5706821801889247	0.017468199650459523	0.11273193523146474	0.09850540383089874
0.2799985454809913	0.2290903801749059	0.23636297521863242	0.07272958673478663	0.1818185123906838
0.4651874970486524	0.13441694002093119	0.1372721971533086	0.2249066276008921	0.03821673817621548
0.034573301411084716	0.3350068076772	0.15409631615235161	0.11986538114291957	0.3564581936164441
0.558044227301175	0.01710321091023845	0.13455431016020117	0.14832757051039008	0.14197068111799518
0.43260221604435145	0.3695392065789507	0.016828304582437035	0.09297986318216624	0.08805040961209448
0.20454048838628203	0.33398806593749625	0.37415392473922204	0.010914853836658113	0.0764026671003415
0.45960627836714424	0.2745631152753404	0.12063340438481338	0.09497845256972552	0.05021874940297653
### Transition Prob 3rd Right
0.6126033197450508	0.12162338686065627	0.049552937996891956	0.05856174410486249	0.15765861129253844
0.18681327738133668	0.027473712405821384	0.43681156036016233	0.1662090232896752	0.18269242656300438
0.40406680135463147	0.24127846978968331	0.031979186349035627	0.1250010901004346	0.19767445240621503
0.36492500177720905	0.24170517286320226	0.17535603421719861	0.00948318760218952	0.20853060354020042
0.45377938000521006	0.13613499046226507	0.14117696489945467	0.1714288115225923	0.09747985311047808
0.027530538936701477	0.44068801549796	0.22267204182991712	0.09089079869352357	0.2182186050418977
0.21969659665536637	0.04924527944546505	0.33333080812863397	0.21590878960625745	0.18181852616427718
0.23336803589221913	0.17978867406706794	0.009971863393463764	0.324750614116227	0.25212081253102203
0.3631810856770221	0.1493326622182116	0.11679655617831454	0.00945521488429521	0.3612344810421565
0.5857885075894964	0.15615538948583102	0.09997259711842861	0.0969431328241079	0.06114037298213578
0.03968050288252515	0.26834132409174405	0.30431044203476726	0.18212962870449798	0.20553810228646546
0.4629461722081898	0.01830555313617783	0.2051963312720235	0.2140537141220636	0.09949822926154522
0.24561270138300048	0.20467822578287184	0.10526592789684511	0.12865705681120435	0.31578608812607817
0.2162161431705263	0.2162161431705263	0.2873869937522804	0.007208075639298922	0.27297264426736817
0.6142734276795756	0.14314365849306634	0.11988789116300888	0.07377731800858459	0.048917704655764525
0.02653372409764973	0.147484583934211	0.17436255278678017	0.24293583229525792	0.40868330688610116
0.5151867550557099	0.01735736221427571	0.18974360997315584	0.06706140619052034	0.2106508665663381
0.18823534025356767	0.6611746620601489	0.010981133407319972	0.08549064513472497	0.05411821914423866
0.23999733351109925	0.26666222251849875	0.23999733351109925	0.04001066595560296	0.21333244450369973
0.346194286204254	0.18006441551760174	0.13290496835493917	0.31618372891892327	0.024652601004281863
0.03378811551237923	0.13340011675627783	0.08146672414796387	0.1454136244439842	0.6059314191393949
0.6300349081236549	0.010367579431902496	0.11433661976211525	0.12736977581490544	0.11789111686742165
0.4991849149805881	0.39002901591884004	0.00977548097836269	0.054415356117047696	0.046595232005161275
0.15264661472917124	0.5160673060791444	0.28213591177714603	0.004726359342251081	0.044423808072287164
0.28878228650187054	0.4594256597514335	0.13842518839386403	0.07279312175941671	0.04057374359341532
0.037658035857490536	0.42398728042342804	0.16596955390827126	0.07810405785175836	0.29428107195905195
0.3384112090694784	0.01430140346541002	0.3604848744871176	0.12529152394565213	0.1615109890323418
0.26067656589494465	0.46672175995318915	0.013866037346038066	0.13089305200630613	0.1278425847995219
0.1703144243644561	0.44409024255821217	0.28889755491930974	0.009550717169285376	0.08714706098873659
0.18275331497229985	0.2804731009145372	0.24481395095666814	0.21258356541782494	0.07937606773866986
0.07692544374146651	0.3538431953231669	0.18846176035076248	0.08461760350762484	0.2961519970769793
0.16455920511360042	0.35442060629074107	0.22784633883931396	0.025327510917030567	0.22784633883931396
0.22962908094294548	0.3888853910112776	0.08148367622821799	0.19999999999999998	0.10000185181755893
0.40739780565714545	0.30555066895051153	0.13889171797601962	0.027785750659691678	0.12037405675663163
0.3097296579797354	0.2654838281491969	0.10619884075925844	0.11504800672536614	0.20353966638644305
0.024476814395732238	0.4963133348373122	0.1837216400447655	0.15098798143913086	0.14450022928305914
0.4715061055696612	0.0409839168932145	0.2911785886444406	0.08196744346712828	0.11436394542555536
0.2011493922588431	0.36781126979109796	0.11494497284560785	0.18390850837619604	0.1321858567282549
0.2674491315844994	0.1491117558506411	0.22715731732659053	0.013325169217688422	0.3429566260205805
0.5606548930798757	0.11709621288943117	0.17704923407673517	0.10866531928496655	0.03653434066899141
0.020063296492335774	0.439023920094571	0.2643586460294138	0.08418590836760746	0.19236822901607195
0.4083642267519896	0.025095722069497835	0.13155919559241222	0.25475264352607024	0.1802282120600302
0.20460356093963797	0.4006811565168094	0.013641033073175305	0.13896019198554144	0.24211405748483597
0.32257076042254657	0.1612934440770906	0.25805983388436415	0.04839932263527136	0.2096766389807274
0.7250978582408425	0.05776939651594783	0.07503361542624361	0.11155407850571547	0.030545051311250626
0.024100231924677293	0.48675946629058864	0.1692948984009247	0.13805424270419114	0.18179116067961815
0.4796942483322829	0.02538144931705027	0.1159056010761376	0.09983121898807536	0.27918748228645396
0.40940246902254	0.2866967505920265	0.029817489578614804	0.1525232080091284	0.1215600827976904
0.2776853083858812	0.14380211733787326	0.44958471417591594	0.009918926289865375	0.1190089338104644
0.78892839212713	0.07377178512515242	0.05123103246892963	0.055329351133697406	0.03073943914509073
0.0318864943986319	0.34492543586324836	0.14492833437196562	0.1536238605237605	0.3246358748423936
0.30632121091449327	0.013645483645943127	0.44917815486193974	0.11111123487714442	0.11974391570047938
0.4482753400434397	0.2619847308983791	0.013036557955092608	0.09335598537429483	0.18334738572879367
0.3040862257024468	0.40384554132950323	0.11298103070603756	0.010216916415515578	0.16887028584649685
0.24409440552229933	0.2133483064336212	0.3659539445932797	0.12260981887922968	0.05399352457156998
0.04758353465245049	0.34699974038624837	0.2413586403122547	0.1330241410862329	0.2310339435628134
0.332072979755099	0.06792702024490103	0.39244919907171566	0.11698269843965207	0.09056810248863228
0.30164908496292325	0.32378445359276564	0.02387191000019531	0.23437492540163757	0.1163196260424782
0.3784414695457532	0.1361135479404094	0.39102993300577105	0.013376029205235227	0.08103902030283124
0.4371447500297281	0.15515314182818898	0.17780307019779054	0.13023822062162732	0.09966081732266524
0.06433145229671647	0.29239495921171893	0.1812870968685126	0.19883044355428203	0.2631560480687699
0.3763995393387826	0.12359765175135527	0.30898570264880193	0.08427291368219993	0.10674419257886011
0.15652362940741704	0.17391417764445022	0.5043345941480806	0.1304378070518673	0.034789791748184855
0.1443327663522499	0.16495026029586102	0.32989021184475026	0.06186279057780526	0.2989639709293335
0.30302509974243724	0.26262309984344223	0.272723599818191	0.08081410029796475	0.08081410029796475
0.0290658716972832	0.5703049084646172	0.14768284492205452	0.11154787294629638	0.14139850196974876
0.3571421890213052	0.012755898146691555	0.4226181011135157	0.09268753109042906	0.11479628062805856
0.24221699993545961	0.5436585282516012	0.024298313218248983	0.12300712601698552	0.06681903257770473
0.2769171602184447	0.24615029613106681	0.21538343204368895	0.07693254365048842	0.18461656795631107
0.350763364384946	0.1598121039597416	0.17156295075513878	0.26439464043877664	0.05346694046139701
0.02730847316568081	0.4642388422645607	0.3172949978949969	0.0750977322858708	0.11605995438889077
0.4158063241333097	0.013746771209786887	0.1798397489132365	0.24398600237112048	0.14662115337254658
0.3002003001992962	0.37951717109853866	0.02710930166013223	0.08935798515067697	0.203815241891356
0.19871795899071326	0.18108989511301998	0.467946570940938	0.01923221769056338	0.13301335726476554
0.5345545033524572	0.11520932697403283	0.14746664823391165	0.17972396949379044	0.023045551945807694
0.06132402537675998	0.26414943043796135	0.24999882078252872	0.11320959411334637	0.31131812928940356
0.17909856581857633	0.008775810179875986	0.3546067917694619	0.2983643829988372	0.15915444923324842
0.38341291041793746	0.3076919840986055	0.020433231871298464	0.0931493595271649	0.19531251408499373
0.5685469010205605	0.17258075572275922	0.11451647372389628	0.009678186781504913	0.13467768275127925
0.5586529840072499	0.22307686760368362	0.11105790611080261	0.08894257465727246	0.018269667620991293
0.03378024318782358	0.2250139237661589	0.11139040844443265	0.2088218748996721	0.4209935497019127
0.5229209669281225	0.018356956102931057	0.28439979817439565	0.07340030273840649	0.10092197605614421
0.5699670991859309	0.1650944768298867	0.011793192636821397	0.1926100919414625	0.06053513940589857
0.2564098309967497	0.5052767324529982	0.16440449167050025	0.006034645289251212	0.06787429959050083
0.43922247588112423	0.12053156010439173	0.2175688581774353	0.08478097660379673	0.13789612923325215
0.03887957106884689	0.4267620851623637	0.20072332403560564	0.14014493605363448	0.1934900836795494
0.6913807170774443	0.017110555908498238	0.17110270737847366	0.07763010514875608	0.04277591448682748
0.2268027421266945	0.32989021184475026	0.15464151332405546	0.20618524818308334	0.08248028452141642
0.17552354650928736	0.2624793681210296	0.2608690751282196	0.011273661242663102	0.28985434899880036
0.3069843108059669	0.24448488524921647	0.16360327570518654	0.27573459802759165	0.009192930212038491
0.02598532562820596	0.3116810596714499	0.22077787156678136	0.15584702292058958	0.28570872021297317
0.5396555828902468	0.04763114038568368	0.2698357273232283	0.0635028965955083	0.07937465280533292
0.12698992143480678	0.6666296325688438	0.09524640901515753	0.11111816522498216	1.587175620982462e-05
0.15001249687578105	0.15001249687578105	0.24998750312421894	0.29997500624843787	0.15001249687578105
0.20408121620242833	0.12245689215386185	0.24489337822671156	0.2652994592388532	0.16326905417814508
0.048272957233892015	0.5868424352994905	0.15475637776531526	0.08755350791881704	0.12257472178248512
0.5770460897861494	0.021312940057868383	0.18852468422389984	0.13606609781887039	0.0770501881132122
0.29439924480604157	0.37119863041095674	0.012801497588019295	0.23999968000256	0.08160094719242246
0.288931983682744	0.16454473778287082	0.4407431893085734	0.012733532157041347	0.09304655706877049
0.3567205637262068	0.15789596795415337	0.22806935469723108	0.22222157246864127	0.035092541153767434
0.05794819579308118	0.34933651211496597	0.18543058418390576	0.10927227423614044	0.2980124336719067
0.183896294868394	0.01313560803854654	0.2633912799460253	0.25725003646363315	0.282326780683401
0.26745901289187796	0.1820208357711074	0.016716536559181722	0.07949502322618271	0.45430859155165015
0.5671918527215382	0.2338593164530931	0.08608348617052565	0.010521734763905393	0.1023436098909376
0.780967273413489	0.09854846891252506	0.057580760015516104	0.041774321149741	0.021129176508728618
0.03637877956950278	0.28419025685139926	0.11761499232085294	0.1091357916633046	0.45268017959494034
0.4247688155391354	0.1592938365559046	0.21238883235255077	0.09734967479315075	0.10619884075925844
0.38078993903989244	0.331072705803922	0.021469935198106225	0.15254264100202827	0.11412477895605112
0.5471293692142971	0.2428276494485172	0.138319988114815	0.005123949160096516	0.06659904406227428
0.4252124721555975	0.35256328758927574	0.1367524746128493	0.050214475350024844	0.03525729029225271
0.02705963577470001	0.18344611331851707	0.1734978641108951	0.12932763762905364	0.4866687491668341
0.7817245460901104	0.012460054314595488	0.12367345714476892	0.03553337440384309	0.04660856804668194
0.5454370991364071	0.23232159991919596	0.04041210039896974	0.08081410029796474	0.10101510024746223
0.12614327108527348	0.5191926947651302	0.16087787131744688	1.8281368543249153e-06	0.19378433469529535
0.279842662987642	0.20743632645473137	0.3972583438518214	0.0998052856625669	0.015657381043238324
0.047568391522207994	0.2367565580726591	0.3037832227933903	0.18054064572623935	0.23135118188550335
0.8518011416356013	0.008525217950105081	0.06754141789699052	0.029508755708997678	0.04262346680830555
0.17834026386031823	0.636255337682938	0.017069402385513875	0.10594495013257761	0.062390045938652335
0.31998800119988	0.25999400059994004	0.23999600039996005	0.06001399860014	0.12000799920008001
0.26857044899358584	0.20571420408279883	0.23714232653819234	0.2714275510349852	0.01714546935043785
0.06954514661183087	0.555153746080659	0.17266203440027342	0.0455644750331233	0.1570745978741135
0.44311134619414977	0.04590972145986567	0.17564894561930522	0.2694603846268999	0.06586960209977943
0.5520282346553245	0.35293771634125926	0.036202800841609914	0.022628447320196372	0.036202800841609914
0.13218585672825492	0.26436596649521565	0.5229792247349214	0.045981437315019684	0.034487514726588314
0.3777679017832343	0.1666685184156436	0.05556357980112216	0.0666740736625743	0.3333259263374257
### Transition Prob 3rd Left
0.6126033197450508	0.12162338686065627	0.049552937996891956	0.05856174410486249	0.15765861129253844
0.18681327738133668	0.027473712405821384	0.43681156036016233	0.1662090232896752	0.18269242656300438
0.40406680135463147	0.24127846978968331	0.031979186349035627	0.1250010901004346	0.19767445240621503
0.36492500177720905	0.24170517286320226	0.17535603421719861	0.00948318760218952	0.20853060354020042
0.45377938000521006	0.13613499046226507	0.14117696489945467	0.1714288115225923	0.09747985311047808
0.027530538936701477	0.44068801549796	0.22267204182991712	0.09089079869352357	0.2182186050418977
0.21969659665536637	0.04924527944546505	0.33333080812863397	0.21590878960625745	0.18181852616427718
0.23336803589221913	0.17978867406706794	0.009971863393463764	0.324750614116227	0.25212081253102203
0.3631810856770221	0.1493326622182116	0.11679655617831454	0.00945521488429521	0.3612344810421565
0.5857885075894964	0.15615538948583102	0.09997259711842861	0.0969431328241079	0.06114037298213578
0.03968050288252515	0.26834132409174405	0.30431044203476726	0.18212962870449798	0.20553810228646546
0.4629461722081898	0.01830555313617783	0.2051963312720235	0.2140537141220636	0.09949822926154522
0.24561270138300048	0.20467822578287184	0.10526592789684511	0.12865705681120435	0.31578608812607817
0.2162161431705263	0.2162161431705263	0.2873869937522804	0.007208075639298922	0.27297264426736817
0.6142734276795756	0.14314365849306634	0.11988789116300888	0.07377731800858459	0.048917704655764525
0.02653372409764973	0.147484583934211	0.17436255278678017	0.24293583229525792	0.40868330688610116
0.5151867550557099	0.01735736221427571	0.18974360997315584	0.06706140619052034	0.2106508665663381
0.18823534025356767	0.6611746620601489	0.010981133407319972	0.08549064513472497	0.05411821914423866
0.23999733351109925	0.26666222251849875	0.23999733351109925	0.04001066595560296	0.21333244450369973
0.346194286204254	0.18006441551760174	0.13290496835493917	0.31618372891892327	0.024652601004281863
0.03378811551237923	0.13340011675627783	0.08146672414796387	0.1454136244439842	0.6059314191393949
0.6300349081236549	0.010367579431902496	0.11433661976211525	0.12736977581490544	0.11789111686742165
0.4991849149805881	0.39002901591884004	0.00977548097836269	0.054415356117047696	0.046595232005161275
0.15264661472917124	0.5160673060791444	0.28213591177714603	0.004726359342251081	0.044423808072287164
0.28878228650187054	0.4594256597514335	0.13842518839386403	0.07279312175941671	0.04057374359341532
0.037658035857490536	0.42398728042342804	0.16596955390827126	0.07810405785175836	0.29428107195905195
0.3384112090694784	0.01430140346541002	0.3604848744871176	0.12529152394565213	0.1615109890323418
0.26067656589494465	0.46672175995318915	0.013866037346038066	0.13089305200630613	0.1278425847995219
0.1703144243644561	0.44409024255821217	0.28889755491930974	0.009550717169285376	0.08714706098873659
0.18275331497229985	0.2804731009145372	0.24481395095666814	0.21258356541782494	0.07937606773866986
0.07692544374146651	0.3538431953231669	0.18846176035076248	0.08461760350762484	0.2961519970769793
0.16455920511360042	0.35442060629074107	0.22784633883931396	0.025327510917030567	0.22784633883931396
0.22962908094294548	0.3888853910112776	0.08148367622821799	0.19999999999999998	0.10000185181755893
0.40739780565714545	0.30555066895051153	0.13889171797601962	0.027785750659691678	0.12037405675663163
0.3097296579797354	0.2654838281491969	0.10619884075925844	0.11504800672536614	0.20353966638644305
0.024476814395732238	0.4963133348373122	0.1837216400447655	0.15098798143913086	0.14450022928305914
0.4715061055696612	0.0409839168932145	0.2911785886444406	0.08196744346712828	0.11436394542555536
0.2011493922588431	0.36781126979109796	0.11494497284560785	0.18390850837619604	0.1321858567282549
0.2674491315844994	0.1491117558506411	0.22715731732659053	0.013325169217688422	0.3429566260205805
0.5606548930798757	0.11709621288943117	0.17704923407673517	0.10866531928496655	0.03653434066899141
0.020063296492335774	0.439023920094571	0.2643586460294138	0.08418590836760746	0.19236822901607195
0.4083642267519896	0.025095722069497835	0.13155919559241222	0.25475264352607024	0.1802282120600302
0.20460356093963797	0.4006811565168094	0.013641033073175305	0.13896019198554144	0.24211405748483597
0.32257076042254657	0.1612934440770906	0.25805983388436415	0.04839932263527136	0.2096766389807274
0.7250978582408425	0.05776939651594783	0.07503361542624361	0.11155407850571547	0.030545051311250626
0.024100231924677293	0.48675946629058864	0.1692948984009247	0.13805424270419114	0.18179116067961815
0.4796942483322829	0.02538144931705027	0.1159056010761376	0.09983121898807536	0.27918748228645396
0.40940246902254	0.2866967505920265	0.029817489578614804	0.1525232080091284	0.1215600827976904
0.2776853083858812	0.14380211733787326	0.44958471417591594	0.009918926289865375	0.1190089338104644
0.78892839212713	0.07377178512515242	0.05123103246892963	0.055329351133697406	0.03073943914509073
0.0318864943986319	0.34492543586324836	0.14492833437196562	0.1536238605237605	0.3246358748423936
0.30632121091449327	0.013645483645943127	0.44917815486193974	0.11111123487714442	0.11974391570047938
0.4482753400434397	0.2619847308983791	0.013036557955092608	0.09335598537429483	0.18334738572879367
0.3040862257024468	0.40384554132950323	0.11298103070603756	0.010216916415515578	0.16887028584649685
0.24409440552229933	0.2133483064336212	0.3659539445932797	0.12260981887922968	0.05399352457156998
0.04758353465245049	0.34699974038624837	0.2413586403122547	0.1330241410862329	0.2310339435628134
0.332072979755099	0.06792702024490103	0.39244919907171566	0.11698269843965207	0.09056810248863228
0.30164908496292325	0.32378445359276564	0.02387191000019531	0.23437492540163757	0.1163196260424782
0.3784414695457532	0.1361135479404094	0.39102993300577105	0.013376029205235227	0.08103902030283124
0.4371447500297281	0.15515314182818898	0.17780307019779054	0.13023822062162732	0.09966081732266524
0.06433145229671647	0.29239495921171893	0.1812870968685126	0.19883044355428203	0.2631560480687699
0.3763995393387826	0.12359765175135527	0.30898570264880193	0.08427291368219993	0.10674419257886011
0.15652362940741704	0.17391417764445022	0.5043345941480806	0.1304378070518673	0.034789791748184855
0.1443327663522499	0.16495026029586102	0.32989021184475026	0.06186279057780526	0.2989639709293335
0.30302509974243724	0.26262309984344223	0.272723599818191	0.08081410029796475	0.08081410029796475
0.0290658716972832	0.5703049084646172	0.14768284492205452	0.11154787294629638	0.14139850196974876
0.3571421890213052	0.012755898146691555	0.4226181011135157	0.09268753109042906	0.11479628062805856
0.24221699993545961	0.5436585282516012	0.024298313218248983	0.12300712601698552	0.06681903257770473
0.2769171602184447	0.24615029613106681	0.21538343204368895	0.07693254365048842	0.18461656795631107
0.350763364384946	0.1598121039597416	0.17156295075513878	0.26439464043877664	0.05346694046139701
0.02730847316568081	0.4642388422645607	0.3172949978949969	0.0750977322858708	0.11605995438889077
0.4158063241333097	0.013746771209786887	0.1798397489132365	0.24398600237112048	0.14662115337254658
0.3002003001992962	0.37951717109853866	0.02710930166013223	0.08935798515067697	0.203815241891356
0.19871795899071326	0.18108989511301998	0.467946570940938	0.01923221769056338	0.13301335726476554
0.5345545033524572	0.11520932697403283	0.14746664823391165	0.17972396949379044	0.023045551945807694
0.06132402537675998	0.26414943043796135	0.24999882078252872	0.11320959411334637	0.31131812928940356
0.17909856581857633	0.008775810179875986	0.3546067917694619	0.2983643829988372	0.15915444923324842
0.38341291041793746	0.3076919840986055	0.020433231871298464	0.0931493595271649	0.19531251408499373
0.5685469010205605	0.17258075572275922	0.11451647372389628	0.009678186781504913	0.13467768275127925
0.5586529840072499	0.22307686760368362	0.11105790611080261	0.08894257465727246	0.018269667620991293
0.03378024318782358	0.2250139237661589	0.11139040844443265	0.2088218748996721	0.4209935497019127
0.5229209669281225	0.018356956102931057	0.28439979817439565	0.07340030273840649	0.10092197605614421
0.5699670991859309	0.1650944768298867	0.011793192636821397	0.1926100919414625	0.06053513940589857
0.2564098309967497	0.5052767324529982	0.16440449167050025	0.006034645289251212	0.06787429959050083
0.43922247588112423	0.12053156010439173	0.2175688581774353	0.08478097660379673	0.13789612923325215
0.03887957106884689	0.4267620851623637	0.20072332403560564	0.14014493605363448	0.1934900836795494
0.6913807170774443	0.017110555908498238	0.17110270737847366	0.07763010514875608	0.04277591448682748
0.2268027421266945	0.32989021184475026	0.15464151332405546	0.20618524818308334	0.08248028452141642
0.17552354650928736	0.2624793681210296	0.2608690751282196	0.011273661242663102	0.28985434899880036
0.3069843108059669	0.24448488524921647	0.16360327570518654	0.27573459802759165	0.009192930212038491
0.02598532562820596	0.3116810596714499	0.22077787156678136	0.15584702292058958	0.28570872021297317
0.5396555828902468	0.04763114038568368	0.2698357273232283	0.0635028965955083	0.07937465280533292
0.12698992143480678	0.6666296325688438	0.09524640901515753	0.11111816522498216	1.587175620982462e-05
0.15001249687578105	0.15001249687578105	0.24998750312421894	0.29997500624843787	0.15001249687578105
0.20408121620242833	0.12245689215386185	0.24489337822671156	0.2652994592388532	0.16326905417814508
0.048272957233892015	0.5868424352994905	0.15475637776531526	0.08755350791881704	0.12257472178248512
0.5770460897861494	0.021312940057868383	0.18852468422389984	0.13606609781887039	0.0770501881132122
0.29439924480604157	0.37119863041095674	0.012801497588019295	0.23999968000256	0.08160094719242246
0.288931983682744	0.16454473778287082	0.4407431893085734	0.012733532157041347	0.09304655706877049
0.3567205637262068	0.15789596795415337	0.22806935469723108	0.22222157246864127	0.035092541153767434
0.05794819579308118	0.34933651211496597	0.18543058418390576	0.10927227423614044	0.2980124336719067
0.183896294868394	0.01313560803854654	0.2633912799460253	0.25725003646363315	0.282326780683401
0.26745901289187796	0.1820208357711074	0.016716536559181722	0.07949502322618271	0.45430859155165015
0.5671918527215382	0.2338593164530931	0.08608348617052565	0.010521734763905393	0.1023436098909376
0.780967273413489	0.09854846891252506	0.057580760015516104	0.041774321149741	0.021129176508728618
0.03637877956950278	0.28419025685139926	0.11761499232085294	0.1091357916633046	0.45268017959494034
0.4247688155391354	0.1592938365559046	0.21238883235255077	0.09734967479315075	0.10619884075925844
0.38078993903989244	0.331072705803922	0.021469935198106225	0.15254264100202827	0.11412477895605112
0.5471293692142971	0.2428276494485172	0.138319988114815	0.005123949160096516	0.06659904406227428
0.4252124721555975	0.35256328758927574	0.1367524746128493	0.050214475350024844	0.03525729029225271
0.02705963577470001	0.18344611331851707	0.1734978641108951	0.12932763762905364	0.4866687491668341
0.7817245460901104	0.012460054314595488	0.12367345714476892	0.03553337440384309	0.04660856804668194
0.5454370991364071	0.23232159991919596	0.04041210039896974	0.08081410029796474	0.10101510024746223
0.12614327108527348	0.5191926947651302	0.16087787131744688	1.8281368543249153e-06	0.19378433469529535
0.279842662987642	0.20743632645473137	0.3972583438518214	0.0998052856625669	0.015657381043238324
0.047568391522207994	0.2367565580726591	0.3037832227933903	0.18054064572623935	0.23135118188550335
0.8518011416356013	0.008525217950105081	0.06754141789699052	0.029508755708997678	0.04262346680830555
0.17834026386031823	0.636255337682938	0.017069402385513875	0.10594495013257761	0.062390045938652335
0.31998800119988	0.25999400059994004	0.23999600039996005	0.06001399860014	0.12000799920008001
0.26857044899358584	0.20571420408279883	0.23714232653819234	0.2714275510349852	0.01714546935043785
0.06954514661183087	0.555153746080659	0.17266203440027342	0.0455644750331233	0.1570745978741135
0.44311134619414977	0.04590972145986567	0.17564894561930522	0.2694603846268999	0.06586960209977943
0.5520282346553245	0.35293771634125926	0.036202800841609914	0.022628447320196372	0.036202800841609914
0.13218585672825492	0.26436596649521565	0.5229792247349214	0.045981437315019684	0.034487514726588314
0.3777679017832343	0.1666685184156436	0.05556357980112216	0.0666740736625743	0.3333259263374257
### Output Prob Right
1 1	4.663976795782644e-07	0.0018660571159926356	0.0013996594364143714	4.663976795782644e-07	0.0018660571159926356	4.663976795782644e-07	4.663976795782644e-07	0.0004668640772578426	0.0004668640772578426	0.0018660571159926356	4.663976795782644e-07	4.663976795782644e-07	0.0004668640772578426	0.0018660571159926356	4.663976795782644e-07	4.663976795782644e-07	0.0004668640772578426	4.663976795782644e-07	0.0004668640772578426	0.0004668640772578426	4.663976795782644e-07	4.663976795782644e-07	0.0013996594364143714	0.0004668640772578426	4.663976795782644e-07	0.015857987503340568	4.663976795782644e-07	0.0004668640772578426	0.006063636232197015	4.663976795782644e-07	0.0027988524751491645	0.00979481766882313	0.0037316478343056934	0.0051308408730404865	0.019122771260388416	0.0023324547955709	0.0018660571159926356	0.022853952697014533	0.0013996594364143714	0.00653003391177528	0.012126806066714452	0.008395624630088337	0.01958916893996668	0.10400714894363254	0.021921157337858002	0.01725718054207536	0.41043042442655225	0.01725718054207536	0.021921157337858002	0.10400714894363254	0.01958916893996668	0.008395624630088337	0.012126806066714452	0.00653003391177528	0.0013996594364143714	0.022853952697014533	0.0018660571159926356	0.0023324547955709	0.019122771260388416	0.0051308408730404865	0.0037316478343056934	0.00979481766882313	0.0027988524751491645	4.663976795782644e-07	0.006063636232197015	0.0004668640772578426	4.663976795782644e-07	0.015857987503340568	4.663976795782644e-07	0.0004668640772578426	0.0013996594364143714	4.663976795782644e-07	4.663976795782644e-07	0.0004668640772578426	0.0004668640772578426	4.663976795782644e-07	0.0004668640772578426	4.663976795782644e-07	4.663976795782644e-07	0.0018660571159926356	0.0004668640772578426	4.663976795782644e-07	4.663976795782644e-07	0.0018660571159926356	0.0004668640772578426	0.0004668640772578426	4.663976795782644e-07	4.663976795782644e-07	0.0018660571159926356	4.663976795782644e-07	0.0013996594364143714	0.0018660571159926356	4.663976795782644e-07
1 2	5.165264443719355e-08	0.00015500958595601784	5.170429708163074e-05	5.165264443719355e-08	5.165264443719355e-08	5.170429708163074e-05	5.165264443719355e-08	5.165264443719355e-08	5.165264443719355e-08	0.00010335694151882428	5.165264443719355e-08	5.165264443719355e-08	5.165264443719355e-08	0.00010335694151882428	5.165264443719355e-08	5.170429708163074e-05	0.00010335694151882428	5.165264443719355e-08	5.165264443719355e-08	0.00010335694151882428	5.165264443719355e-08	5.170429708163074e-05	5.165264443719355e-08	0.00010335694151882428	5.165264443719355e-08	0.0005165780970163727	5.170429708163074e-05	0.00030996751926759845	0.00020666223039321135	0.0007231886747651469	0.0004132728081419856	0.0004132728081419856	0.0009814518969511144	0.0005682307414535662	0.00149797834132305	0.000361620163704792	0.0005682307414535662	0.002892599741127276	0.0015496309857602436	0.0007748413192023404	0.004958705518615018	0.00862604327365576	0.0017045889190718242	0.02133259380520537	0.030423459226151438	0.01255164425088247	0.023140436360507145	0.05593986557812505	0.03987589315815786	0.20800525080122287	0.06874972139854905	0.04545437875737476	0.1315593370341764	0.08093974548572673	0.03135320682602092	0.1084706049707509	0.0491217165124155	0.010278927895645953	0.030733375092774597	0.010278927895645953	0.003202515607750437	0.00382234734099676	0.002634336518941308	0.0005682307414535662	0.0007231886747651469	0.000361620163704792	0.00010335694151882428	0.001136409830262695	0.00020666223039321135	5.170429708163074e-05	0.00020666223039321135	0.00015500958595601784	5.170429708163074e-05	0.00010335694151882428	5.165264443719355e-08	5.165264443719355e-08	0.00010335694151882428	5.165264443719355e-08	5.165264443719355e-08	5.165264443719355e-08	5.170429708163074e-05	5.165264443719355e-08	5.165264443719355e-08	5.165264443719355e-08	5.165264443719355e-08	5.165264443719355e-08	0.00020666223039321135	5.165264443719355e-08	0.00010335694151882428	5.165264443719355e-08	5.165264443719355e-08	5.165264443719355e-08	5.165264443719355e-08
1 3	9.270338171739132e-08	9.270338171739132e-08	9.270338171739132e-08	9.270338171739132e-08	9.270338171739132e-08	9.270338171739132e-08	9.270338171739132e-08	9.270338171739132e-08	9.270338171739132e-08	9.270338171739132e-08	9.270338171739132e-08	9.270338171739132e-08	9.270338171739132e-08	9.270338171739132e-08	9.270338171739132e-08	9.270338171739132e-08	0.00018549946681650003	9.270338171739132e-08	0.00018549946681650003	0.00018549946681650003	9.27960850991087e-05	9.270338171739132e-08	9.27960850991087e-05	9.270338171739132e-08	9.27960850991087e-05	0.0005563129936860653	9.270338171739132e-08	9.270338171739132e-08	0.00018549946681650003	0.00018549946681650003	0.0014833468108599783	0.00018549946681650003	9.27960850991087e-05	9.270338171739132e-08	0.0010198299022730218	9.270338171739132e-08	0.00018549946681650003	0.0039863381172295445	0.0014833468108599783	0.00046360961196867395	0.006674736187033893	0.012793159380381721	0.0013906434291425871	0.04412690240085999	0.02484459900364259	0.002781194154903457	0.016872108175946938	0.027903810600316502	0.01344208305240346	0.03253897968618607	0.04282905505681651	0.025308115912229548	0.19588233827222962	0.06832248502909911	0.03263168306790346	0.14081652953209914	0.04885477486844694	0.021785387406968677	0.09743134688836	0.028460030890620852	0.020765650208077375	0.025864336202533894	0.021414573880099114	0.008899617348251286	0.006396626041881719	0.006860142950468676	0.00046360961196867395	0.005469592224707805	0.0005563129936860653	0.00018549946681650003	0.00018549946681650003	0.0014833468108599783	9.270338171739132e-08	0.000741719757120848	9.27960850991087e-05	9.270338171739132e-08	0.001668753574294761	0.0003709062302512826	9.270338171739132e-08	0.0003709062302512826	9.270338171739132e-08	9.270338171739132e-08	0.00027820284853389133	9.270338171739132e-08	9.27960850991087e-05	9.27960850991087e-05	0.000741719757120848	9.270338171739132e-08	0.0003709062302512826	9.270338171739132e-08	9.27960850991087e-05	9.27960850991087e-05	9.27960850991087e-05
1 4	1.2848362469779044e-07	1.2848362469779044e-07	1.2848362469779044e-07	1.2848362469779044e-07	1.2848362469779044e-07	1.2848362469779044e-07	1.2848362469779044e-07	1.2848362469779044e-07	1.2848362469779044e-07	1.2848362469779044e-07	1.2848362469779044e-07	1.2848362469779044e-07	1.2848362469779044e-07	1.2848362469779044e-07	1.2848362469779044e-07	0.00012861210832248822	1.2848362469779044e-07	1.2848362469779044e-07	1.2848362469779044e-07	0.0005140629824158595	1.2848362469779044e-07	0.00012861210832248822	0.0005140629824158595	1.2848362469779044e-07	1.2848362469779044e-07	0.00064254660711365	0.00012861210832248822	1.2848362469779044e-07	0.00012861210832248822	0.00012861210832248822	0.0017988992293937638	1.2848362469779044e-07	0.00025709573302027864	0.00012861210832248822	0.0025698009775805063	0.00012861210832248822	0.0007710302318114404	0.001541931979998183	0.0029552518516738776	0.0007710302318114404	0.004111604473953992	0.007580662340794334	1.2848362469779044e-07	0.016189065195546293	0.008608531338376657	0.0010279974812070212	0.008351564088981077	0.010921236582936885	0.0019273828540915543	0.033020420030956836	0.007709145965492124	0.006809760592607591	0.02376959905271593	0.014390294449777227	0.006809760592607591	0.12128867019833887	0.031093165660489985	0.02980832941351208	0.13863395953254057	0.0429136591326867	0.04496939712785135	0.09289378914012718	0.06077288296567957	0.024026566302111512	0.05409173448139447	0.04458394625375798	0.008223080464283286	0.0994464539997145	0.006809760592607591	0.0005140629824158595	0.00642430971851422	0.007323695091398753	0.001541931979998183	0.0023128337281849254	0.0037261535998606202	0.00025709573302027864	0.002441317352882716	0.0016704156046959734	1.2848362469779044e-07	0.0020558664787893445	0.0007710302318114404	0.00012861210832248822	0.0003855793577180691	0.0003855793577180691	1.2848362469779044e-07	0.00025709573302027864	0.0003855793577180691	1.2848362469779044e-07	0.0005140629824158595	1.2848362469779044e-07	1.2848362469779044e-07	0.004111604473953992	0.0007710302318114404
1 5	5.669868611567676e-08	5.675538480179243e-05	5.669868611567676e-08	5.669868611567676e-08	5.669868611567676e-08	5.669868611567676e-08	5.669868611567676e-08	5.669868611567676e-08	5.669868611567676e-08	5.669868611567676e-08	5.669868611567676e-08	5.669868611567676e-08	5.669868611567676e-08	5.669868611567676e-08	5.669868611567676e-08	0.0005670435598428832	5.669868611567676e-08	5.669868611567676e-08	0.00022685144314882268	0.00011345407091746919	5.675538480179243e-05	5.669868611567676e-08	5.675538480179243e-05	5.669868611567676e-08	5.669868611567676e-08	0.0011907291071153274	5.669868611567676e-08	0.0002835501292644994	5.669868611567676e-08	5.669868611567676e-08	0.00022685144314882268	0.00011345407091746919	0.00039694750149585296	5.669868611567676e-08	0.0014742225376937112	5.675538480179243e-05	0.0010206330487682973	0.0007371396181899135	0.0003402488153801762	0.0006804409320742367	0.0009072356765369437	0.00039694750149585296	0.00022685144314882268	0.0006804409320742367	0.0002835501292644994	0.0015876199099250647	0.007540981952071125	0.0006804409320742367	0.0007371396181899135	0.0038555673545521353	0.0009639343626526204	0.0025514975738915695	0.005726623996369469	0.0020412093988504787	0.0013608251654623578	0.018030238883471324	0.0038555673545521353	0.008164667499343569	0.09570743886194848	0.016952963847273465	0.027725714209252048	0.08425430426658177	0.026761836545285543	0.034926447345942996	0.07523921317418918	0.024267094356195767	0.014004632169258275	0.3482433868211728	0.012303671585787972	0.0107728070606647	0.029710168223300738	0.009071846477194397	0.005783322682485145	0.016442675672232374	0.010035724141160902	0.0027215936322386	0.02489077990346821	0.007540981952071125	0.001757715968272095	0.01236037027190365	0.002438100201660216	0.0023814015155445394	0.005216335821328378	0.0021546067710818324	0.0005103448737272065	0.004082362099014842	0.004422554215708903	5.675538480179243e-05	0.004932842390749994	0.0002835501292644994	0.002438100201660216	0.010149121513392256	0.002268004143313186
2 1	5.165264443719355e-08	5.165264443719355e-08	5.165264443719355e-08	5.165264443719355e-08	0.00010335694151882428	5.165264443719355e-08	0.00020666223039321135	5.165264443719355e-08	5.165264443719355e-08	5.165264443719355e-08	5.165264443719355e-08	5.165264443719355e-08	5.170429708163074e-05	5.165264443719355e-08	5.165264443719355e-08	5.165264443719355e-08	0.00010335694151882428	5.165264443719355e-08	5.165264443719355e-08	0.00010335694151882428	5.170429708163074e-05	0.00015500958595601784	0.00020666223039321135	5.170429708163074e-05	0.00020666223039321135	0.001136409830262695	0.00010335694151882428	0.000361620163704792	0.0007231886747651469	0.0005682307414535662	0.002634336518941308	0.00382234734099676	0.003202515607750437	0.010278927895645953	0.030733375092774597	0.010278927895645953	0.0491217165124155	0.1084706049707509	0.03135320682602092	0.08093974548572673	0.1315593370341764	0.04545437875737476	0.06874972139854905	0.20800525080122287	0.03987589315815786	0.05593986557812505	0.023140436360507145	0.01255164425088247	0.030423459226151438	0.02133259380520537	0.0017045889190718242	0.00862604327365576	0.004958705518615018	0.0007748413192023404	0.0015496309857602436	0.002892599741127276	0.0005682307414535662	0.000361620163704792	0.00149797834132305	0.0005682307414535662	0.0009814518969511144	0.0004132728081419856	0.0004132728081419856	0.0007231886747651469	0.00020666223039321135	0.00030996751926759845	5.170429708163074e-05	0.0005165780970163727	5.165264443719355e-08	0.00010335694151882428	5.165264443719355e-08	5.170429708163074e-05	5.165264443719355e-08	0.00010335694151882428	5.165264443719355e-08	5.165264443719355e-08	0.00010335694151882428	5.170429708163074e-05	5.165264443719355e-08	0.00010335694151882428	5.165264443719355e-08	5.165264443719355e-08	5.165264443719355e-08	0.00010335694151882428	5.165264443719355e-08	5.165264443719355e-08	5.165264443719355e-08	5.170429708163074e-05	5.165264443719355e-08	5.165264443719355e-08	5.170429708163074e-05	0.00015500958595601784	5.165264443719355e-08
2 2	1.1763418825940227e-06	1.1763418825940227e-06	0.0011775182244766166	1.1763418825940227e-06	1.1763418825940227e-06	1.1763418825940227e-06	1.1763418825940227e-06	1.1763418825940227e-06	1.1763418825940227e-06	1.1763418825940227e-06	1.1763418825940227e-06	1.1763418825940227e-06	1.1763418825940227e-06	0.002353860107070639	1.1763418825940227e-06	1.1763418825940227e-06	1.1763418825940227e-06	1.1763418825940227e-06	1.1763418825940227e-06	1.1763418825940227e-06	1.1763418825940227e-06	1.1763418825940227e-06	0.0011775182244766166	0.0011775182244766166	0.0011775182244766166	0.010588253285228796	1.1763418825940227e-06	1.1763418825940227e-06	0.0035302019896646616	0.0011775182244766166	0.002353860107070639	0.0011775182244766166	0.0011775182244766166	0.0011775182244766166	0.0035302019896646616	0.0011775182244766166	0.011764595167822819	0.019998988345980975	0.005882885754852706	0.009411911402634775	0.01646996269819891	0.007059227637446729	0.014117278933010865	0.03058606528932718	0.014117278933010865	0.009411911402634775	0.6563999468293472	0.009411911402634775	0.014117278933010865	0.03058606528932718	0.014117278933010865	0.007059227637446729	0.01646996269819891	0.009411911402634775	0.005882885754852706	0.019998988345980975	0.011764595167822819	0.0011775182244766166	0.0035302019896646616	0.0011775182244766166	0.0011775182244766166	0.0011775182244766166	0.002353860107070639	0.0011775182244766166	0.0035302019896646616	1.1763418825940227e-06	1.1763418825940227e-06	0.010588253285228796	0.0011775182244766166	0.0011775182244766166	0.0011775182244766166	1.1763418825940227e-06	1.1763418825940227e-06	1.1763418825940227e-06	1.1763418825940227e-06	1.1763418825940227e-06	1.1763418825940227e-06	1.1763418825940227e-06	1.1763418825940227e-06	0.002353860107070639	1.1763418825940227e-06	1.1763418825940227e-06	1.1763418825940227e-06	1.1763418825940227e-06	1.1763418825940227e-06	1.1763418825940227e-06	1.1763418825940227e-06	1.1763418825940227e-06	1.1763418825940227e-06	1.1763418825940227e-06	0.0011775182244766166	1.1763418825940227e-06	1.1763418825940227e-06
2 3	8.656440006152997e-08	8.656440006152997e-08	8.656440006152997e-08	8.656440006152997e-08	0.00017321536452312146	8.656440006152997e-08	8.656440006152997e-08	8.656440006152997e-08	8.656440006152997e-08	8.656440006152997e-08	8.656440006152997e-08	8.656440006152997e-08	8.656440006152997e-08	8.656440006152997e-08	8.665096446159149e-05	8.656440006152997e-08	8.656440006152997e-08	8.656440006152997e-08	8.665096446159149e-05	8.656440006152997e-08	8.656440006152997e-08	8.656440006152997e-08	8.656440006152997e-08	8.656440006152997e-08	8.656440006152997e-08	8.665096446159149e-05	8.656440006152997e-08	8.656440006152997e-08	8.656440006152997e-08	8.656440006152997e-08	8.656440006152997e-08	8.665096446159149e-05	8.665096446159149e-05	8.665096446159149e-05	0.0002597797645846514	0.0002597797645846514	8.665096446159149e-05	0.0005194729647692413	0.0002597797645846514	0.00017321536452312146	0.0008657305650153612	0.00043290856470771133	0.0009522949650768911	0.0017313745656306607	0.0005194729647692413	0.03930032419233467	0.02873946738482801	0.08422724782426871	0.10508926823909745	0.3531828388154424	0.09227773702999101	0.09028675582857582	0.08786295262685298	0.05955639380673268	0.013590697374060268	0.019477076578244306	0.009608734971229889	0.0020776321658767805	0.0023373253660613704	0.0009522949650768911	0.00043290856470771133	0.0017313745656306607	0.00043290856470771133	0.00017321536452312146	8.665096446159149e-05	0.00017321536452312146	8.656440006152997e-08	0.00034634416464618135	8.656440006152997e-08	0.00017321536452312146	8.656440006152997e-08	8.656440006152997e-08	8.656440006152997e-08	8.656440006152997e-08	8.656440006152997e-08	8.665096446159149e-05	8.656440006152997e-08	8.656440006152997e-08	8.656440006152997e-08	8.656440006152997e-08	8.656440006152997e-08	8.656440006152997e-08	0.00043290856470771133	8.656440006152997e-08	8.656440006152997e-08	8.656440006152997e-08	8.656440006152997e-08	8.656440006152997e-08	0.0002597797645846514	8.656440006152997e-08	0.00034634416464618135	8.656440006152997e-08	8.656440006152997e-08
2 4	1.4976577381803728e-07	1.4976577381803728e-07	1.4976577381803728e-07	1.4976577381803728e-07	1.4976577381803728e-07	1.4976577381803728e-07	1.4976577381803728e-07	1.4976577381803728e-07	1.4976577381803728e-07	1.4976577381803728e-07	1.4976577381803728e-07	1.4976577381803728e-07	1.4976577381803728e-07	1.4976577381803728e-07	0.00014991553959185528	1.4976577381803728e-07	0.00029968131340989254	1.4976577381803728e-07	1.4976577381803728e-07	1.4976577381803728e-07	0.00014991553959185528	1.4976577381803728e-07	1.4976577381803728e-07	1.4976577381803728e-07	1.4976577381803728e-07	1.4976577381803728e-07	1.4976577381803728e-07	1.4976577381803728e-07	1.4976577381803728e-07	0.00014991553959185528	0.00014991553959185528	0.000599212861045967	1.4976577381803728e-07	0.00029968131340989254	0.00029968131340989254	1.4976577381803728e-07	1.4976577381803728e-07	0.000599212861045967	0.00014991553959185528	0.00014991553959185528	0.0004494470872279298	0.00029968131340989254	0.0010485101825000787	0.0010485101825000787	0.0007489786348640042	0.0043433572064968985	0.00644007803994942	0.002246636373044377	0.03055236762465342	0.01752274530248418	0.044181053042094805	0.1048361914383999	0.2974349765683958	0.07563186554388263	0.06035575661444283	0.21386567477793103	0.05526372030462957	0.012880006314125024	0.03414674619628631	0.012280943218852874	0.0038940598850427865	0.0032949967897706375	0.002845699468316526	0.0013480417301361533	0.0014978075039541905	0.000599212861045967	0.0004494470872279298	0.0025461679206804514	0.000599212861045967	0.0007489786348640042	1.4976577381803728e-07	0.00014991553959185528	0.000599212861045967	0.00014991553959185528	1.4976577381803728e-07	0.00014991553959185528	0.00029968131340989254	0.000599212861045967	1.4976577381803728e-07	0.00029968131340989254	0.00014991553959185528	1.4976577381803728e-07	0.00014991553959185528	1.4976577381803728e-07	1.4976577381803728e-07	0.00014991553959185528	1.4976577381803728e-07	1.4976577381803728e-07	0.0007489786348640042	1.4976577381803728e-07	1.4976577381803728e-07	0.00014991553959185528	1.4976577381803728e-07
2 5	1.508501992655707e-07	1.508501992655707e-07	1.508501992655707e-07	1.508501992655707e-07	1.508501992655707e-07	1.508501992655707e-07	1.508501992655707e-07	1.508501992655707e-07	1.508501992655707e-07	1.508501992655707e-07	1.508501992655707e-07	1.508501992655707e-07	1.508501992655707e-07	1.508501992655707e-07	1.508501992655707e-07	1.508501992655707e-07	1.508501992655707e-07	1.508501992655707e-07	1.508501992655707e-07	0.00015100104946483625	1.508501992655707e-07	1.508501992655707e-07	1.508501992655707e-07	1.508501992655707e-07	1.508501992655707e-07	1.508501992655707e-07	1.508501992655707e-07	1.508501992655707e-07	1.508501992655707e-07	1.508501992655707e-07	1.508501992655707e-07	0.00015100104946483625	1.508501992655707e-07	1.508501992655707e-07	0.0004527014479959777	0.00015100104946483625	0.00015100104946483625	0.001206952444323831	1.508501992655707e-07	0.00030185124873040694	0.00030185124873040694	1.508501992655707e-07	1.508501992655707e-07	0.0010561022450582603	1.508501992655707e-07	0.0010561022450582603	0.003620555632572962	0.0009052520457926897	0.003620555632572962	0.006486709418618806	0.0015086528428549725	0.023834482334159437	0.012219016990710494	0.009956264001726932	0.038466951662919795	0.22295674536471277	0.017498773965005467	0.054909623382867	0.2550878378082793	0.03182954289523469	0.06335723454173896	0.07768800347196818	0.04178565604676235	0.036656749271732944	0.021119178747379164	0.0075426608134778	0.0022629038391828262	0.018705575559130033	0.001810353241386114	0.0019612034406516848	0.004223956429635245	0.000754401846527119	0.0022629038391828262	0.0028663046362451088	0.0019612034406516848	0.0004527014479959777	0.005581608223025381	0.0039222560311041035	0.0006035516472615483	0.0045256568281663865	0.0006035516472615483	0.0016595030421205433	0.0022629038391828262	1.508501992655707e-07	0.00015100104946483625	0.0009052520457926897	0.000754401846527119	0.0004527014479959777	0.0009052520457926897	1.508501992655707e-07	0.000754401846527119	0.0025646042377139673	0.0010561022450582603
3 1	9.27960850991087e-05	9.27960850991087e-05	9.27960850991087e-05	9.270338171739132e-08	0.0003709062302512826	9.270338171739132e-08	0.000741719757120848	9.27960850991087e-05	9.27960850991087e-05	9.270338171739132e-08	0.00027820284853389133	9.270338171739132e-08	9.270338171739132e-08	0.0003709062302512826	9.270338171739132e-08	0.0003709062302512826	0.001668753574294761	9.270338171739132e-08	9.27960850991087e-05	0.000741719757120848	9.270338171739132e-08	0.0014833468108599783	0.00018549946681650003	0.00018549946681650003	0.0005563129936860653	0.005469592224707805	0.00046360961196867395	0.006860142950468676	0.006396626041881719	0.008899617348251286	0.021414573880099114	0.025864336202533894	0.020765650208077375	0.028460030890620852	0.09743134688836	0.021785387406968677	0.04885477486844694	0.14081652953209914	0.03263168306790346	0.06832248502909911	0.19588233827222962	0.025308115912229548	0.04282905505681651	0.03253897968618607	0.01344208305240346	0.027903810600316502	0.016872108175946938	0.002781194154903457	0.02484459900364259	0.04412690240085999	0.0013906434291425871	0.012793159380381721	0.006674736187033893	0.00046360961196867395	0.0014833468108599783	0.0039863381172295445	0.00018549946681650003	9.270338171739132e-08	0.0010198299022730218	9.270338171739132e-08	9.27960850991087e-05	0.00018549946681650003	0.0014833468108599783	0.00018549946681650003	0.00018549946681650003	9.270338171739132e-08	9.270338171739132e-08	0.0005563129936860653	9.27960850991087e-05	9.270338171739132e-08	9.27960850991087e-05	9.270338171739132e-08	9.27960850991087e-05	0.00018549946681650003	0.00018549946681650003	9.270338171739132e-08	0.00018549946681650003	9.270338171739132e-08	9.270338171739132e-08	9.270338171739132e-08	9.270338171739132e-08	9.270338171739132e-08	9.270338171739132e-08	9.270338171739132e-08	9.270338171739132e-08	9.270338171739132e-08	9.270338171739132e-08	9.270338171739132e-08	9.270338171739132e-08	9.270338171739132e-08	9.270338171739132e-08	9.270338171739132e-08	9.270338171739132e-08
3 2	8.656440006152997e-08	8.656440006152997e-08	0.00034634416464618135	8.656440006152997e-08	0.0002597797645846514	8.656440006152997e-08	8.656440006152997e-08	8.656440006152997e-08	8.656440006152997e-08	8.656440006152997e-08	0.00043290856470771133	8.656440006152997e-08	8.656440006152997e-08	8.656440006152997e-08	8.656440006152997e-08	8.656440006152997e-08	8.656440006152997e-08	8.665096446159149e-05	8.656440006152997e-08	8.656440006152997e-08	8.656440006152997e-08	8.656440006152997e-08	8.656440006152997e-08	0.00017321536452312146	8.656440006152997e-08	0.00034634416464618135	8.656440006152997e-08	0.00017321536452312146	8.665096446159149e-05	0.00017321536452312146	0.00043290856470771133	0.0017313745656306607	0.00043290856470771133	0.0009522949650768911	0.0023373253660613704	0.0020776321658767805	0.009608734971229889	0.019477076578244306	0.013590697374060268	0.05955639380673268	0.08786295262685298	0.09028675582857582	0.09227773702999101	0.3531828388154424	0.10508926823909745	0.08422724782426871	0.02873946738482801	0.03930032419233467	0.0005194729647692413	0.0017313745656306607	0.0009522949650768911	0.00043290856470771133	0.0008657305650153612	0.00017321536452312146	0.0002597797645846514	0.0005194729647692413	8.665096446159149e-05	0.0002597797645846514	0.0002597797645846514	8.665096446159149e-05	8.665096446159149e-05	8.665096446159149e-05	8.656440006152997e-08	8.656440006152997e-08	8.656440006152997e-08	8.656440006152997e-08	8.656440006152997e-08	8.665096446159149e-05	8.656440006152997e-08	8.656440006152997e-08	8.656440006152997e-08	8.656440006152997e-08	8.656440006152997e-08	8.656440006152997e-08	8.665096446159149e-05	8.656440006152997e-08	8.656440006152997e-08	8.656440006152997e-08	8.665096446159149e-05	8.656440006152997e-08	8.656440006152997e-08	8.656440006152997e-08	8.656440006152997e-08	8.656440006152997e-08	8.656440006152997e-08	8.656440006152997e-08	8.656440006152997e-08	8.656440006152997e-08	0.00017321536452312146	8.656440006152997e-08	8.656440006152997e-08	8.656440006152997e-08	8.656440006152997e-08
3 3	1.470387138229625e-06	1.470387138229625e-06	1.470387138229625e-06	1.470387138229625e-06	1.470387138229625e-06	1.470387138229625e-06	1.470387138229625e-06	1.470387138229625e-06	1.470387138229625e-06	1.470387138229625e-06	1.470387138229625e-06	1.470387138229625e-06	1.470387138229625e-06	1.470387138229625e-06	1.470387138229625e-06	1.470387138229625e-06	1.470387138229625e-06	1.470387138229625e-06	1.470387138229625e-06	1.470387138229625e-06	1.470387138229625e-06	1.470387138229625e-06	1.470387138229625e-06	1.470387138229625e-06	1.470387138229625e-06	0.013234954631204854	1.470387138229625e-06	0.0014718575253678545	1.470387138229625e-06	1.470387138229625e-06	1.470387138229625e-06	0.0029422446635974796	0.0014718575253678545	1.470387138229625e-06	0.022057277460582603	0.004412631801827105	0.011764567492975228	0.02499805173704185	1.470387138229625e-06	0.005883018940056729	0.010294180354745604	0.0029422446635974796	0.01470534176943448	0.023527664598812226	0.005883018940056729	0.013234954631204854	0.6822611025256842	0.013234954631204854	0.005883018940056729	0.023527664598812226	0.01470534176943448	0.0029422446635974796	0.010294180354745604	0.005883018940056729	1.470387138229625e-06	0.02499805173704185	0.011764567492975228	0.004412631801827105	0.022057277460582603	1.470387138229625e-06	0.0014718575253678545	0.0029422446635974796	1.470387138229625e-06	1.470387138229625e-06	1.470387138229625e-06	0.0014718575253678545	1.470387138229625e-06	0.013234954631204854	1.470387138229625e-06	1.470387138229625e-06	1.470387138229625e-06	1.470387138229625e-06	1.470387138229625e-06	1.470387138229625e-06	1.470387138229625e-06	1.470387138229625e-06	1.470387138229625e-06	1.470387138229625e-06	1.470387138229625e-06	1.470387138229625e-06	1.470387138229625e-06	1.470387138229625e-06	1.470387138229625e-06	1.470387138229625e-06	1.470387138229625e-06	1.470387138229625e-06	1.470387138229625e-06	1.470387138229625e-06	1.470387138229625e-06	1.470387138229625e-06	1.470387138229625e-06	1.470387138229625e-06	1.470387138229625e-06
3 4	1.7895192510217702e-07	1.7895192510217702e-07	1.7895192510217702e-07	1.7895192510217702e-07	1.7895192510217702e-07	1.7895192510217702e-07	1.7895192510217702e-07	1.7895192510217702e-07	1.7895192510217702e-07	1.7895192510217702e-07	0.00017913087702727917	1.7895192510217702e-07	1.7895192510217702e-07	1.7895192510217702e-07	1.7895192510217702e-07	1.7895192510217702e-07	1.7895192510217702e-07	1.7895192510217702e-07	1.7895192510217702e-07	1.7895192510217702e-07	0.00017913087702727917	1.7895192510217702e-07	1.7895192510217702e-07	1.7895192510217702e-07	1.7895192510217702e-07	0.0005370347272316332	1.7895192510217702e-07	1.7895192510217702e-07	1.7895192510217702e-07	1.7895192510217702e-07	1.7895192510217702e-07	0.00017913087702727917	1.7895192510217702e-07	1.7895192510217702e-07	0.0007159866523338102	1.7895192510217702e-07	0.00017913087702727917	0.00017913087702727917	1.7895192510217702e-07	1.7895192510217702e-07	0.0012528424276403412	0.0007159866523338102	0.0007159866523338102	0.0023265539782534035	0.0005370347272316332	0.04921195835502378	0.018969083012755867	0.06513867968911753	0.12508757459834682	0.48746522293025535	0.07354942016891985	0.09054985305362667	0.03990645824971058	0.02236916958969723	0.004116073229275173	0.006442448255603475	0.0017896982029468724	0.00017913087702727917	0.0030423616786621113	1.7895192510217702e-07	0.00017913087702727917	0.0008949385774359872	0.0003580828021294562	0.00017913087702727917	0.00017913087702727917	0.0003580828021294562	1.7895192510217702e-07	0.0010738905025381642	0.00017913087702727917	1.7895192510217702e-07	1.7895192510217702e-07	1.7895192510217702e-07	1.7895192510217702e-07	1.7895192510217702e-07	1.7895192510217702e-07	1.7895192510217702e-07	0.00017913087702727917	0.00017913087702727917	1.7895192510217702e-07	1.7895192510217702e-07	1.7895192510217702e-07	1.7895192510217702e-07	1.7895192510217702e-07	1.7895192510217702e-07	1.7895192510217702e-07	1.7895192510217702e-07	1.7895192510217702e-07	1.7895192510217702e-07	0.00017913087702727917	1.7895192510217702e-07	1.7895192510217702e-07	0.0005370347272316332	1.7895192510217702e-07
3 5	1.692307093491336e-07	1.692307093491336e-07	1.692307093491336e-07	1.692307093491336e-07	0.0001693999400584827	1.692307093491336e-07	0.0001693999400584827	1.692307093491336e-07	1.692307093491336e-07	1.692307093491336e-07	1.692307093491336e-07	1.692307093491336e-07	1.692307093491336e-07	1.692307093491336e-07	1.692307093491336e-07	1.692307093491336e-07	1.692307093491336e-07	1.692307093491336e-07	1.692307093491336e-07	1.692307093491336e-07	1.692307093491336e-07	1.692307093491336e-07	1.692307093491336e-07	1.692307093491336e-07	1.692307093491336e-07	0.0001693999400584827	1.692307093491336e-07	1.692307093491336e-07	1.692307093491336e-07	1.692307093491336e-07	0.0003386306494076163	1.692307093491336e-07	1.692307093491336e-07	1.692307093491336e-07	0.0005078613587567499	1.692307093491336e-07	1.692307093491336e-07	0.0005078613587567499	0.0003386306494076163	1.692307093491336e-07	0.0011847841961532843	0.0005078613587567499	0.0011847841961532843	0.004230936964437689	0.0001693999400584827	0.00287709128964462	0.006092474767278158	0.0013540149055024178	0.04112323160254881	0.019461700805859714	0.04044630876515228	0.11558474371616759	0.3157846728761926	0.06972322148255239	0.06261553168988877	0.1509539619701365	0.03503092606598	0.00947708895426083	0.06363091594598358	0.005584782639230758	0.004569398383135956	0.006092474767278158	0.0033847834176920204	0.0035540141270411544	0.006261705476627292	0.0027078605802954864	0.0001693999400584827	0.009138627535562563	0.0010155534868041506	0.000846322777455017	0.0015232456148515513	1.692307093491336e-07	0.0011847841961532843	0.0013540149055024178	1.692307093491336e-07	1.692307093491336e-07	0.0030463219989937534	0.000846322777455017	0.0006770920681058834	0.000846322777455017	0.0001693999400584827	0.0001693999400584827	0.0005078613587567499	0.0005078613587567499	0.0001693999400584827	0.0003386306494076163	0.0005078613587567499	1.692307093491336e-07	1.692307093491336e-07	1.692307093491336e-07	1.692307093491336e-07	0.0010155534868041506	0.0001693999400584827
4 1	0.0007710302318114404	0.004111604473953992	1.2848362469779044e-07	1.2848362469779044e-07	0.0005140629824158595	1.2848362469779044e-07	0.0003855793577180691	0.00025709573302027864	1.2848362469779044e-07	0.0003855793577180691	0.0003855793577180691	0.00012861210832248822	0.0007710302318114404	0.0020558664787893445	1.2848362469779044e-07	0.0016704156046959734	0.002441317352882716	0.00025709573302027864	0.0037261535998606202	0.0023128337281849254	0.001541931979998183	0.007323695091398753	0.00642430971851422	0.0005140629824158595	0.006809760592607591	0.0994464539997145	0.008223080464283286	0.04458394625375798	0.05409173448139447	0.024026566302111512	0.06077288296567957	0.09289378914012718	0.04496939712785135	0.0429136591326867	0.13863395953254057	0.02980832941351208	0.031093165660489985	0.12128867019833887	0.006809760592607591	0.014390294449777227	0.02376959905271593	0.006809760592607591	0.007709145965492124	0.033020420030956836	0.0019273828540915543	0.010921236582936885	0.008351564088981077	0.0010279974812070212	0.008608531338376657	0.016189065195546293	1.2848362469779044e-07	0.007580662340794334	0.004111604473953992	0.0007710302318114404	0.0029552518516738776	0.001541931979998183	0.0007710302318114404	0.00012861210832248822	0.0025698009775805063	0.00012861210832248822	0.00025709573302027864	1.2848362469779044e-07	0.0017988992293937638	0.00012861210832248822	0.00012861210832248822	1.2848362469779044e-07	0.00012861210832248822	0.00064254660711365	1.2848362469779044e-07	1.2848362469779044e-07	0.0005140629824158595	0.00012861210832248822	1.2848362469779044e-07	0.0005140629824158595	1.2848362469779044e-07	1.2848362469779044e-07	1.2848362469779044e-07	0.00012861210832248822	1.2848362469779044e-07	1.2848362469779044e-07	1.2848362469779044e-07	1.2848362469779044e-07	1.2848362469779044e-07	1.2848362469779044e-07	1.2848362469779044e-07	1.2848362469779044e-07	1.2848362469779044e-07	1.2848362469779044e-07	1.2848362469779044e-07	1.2848362469779044e-07	1.2848362469779044e-07	1.2848362469779044e-07	1.2848362469779044e-07
4 2	1.497657738180373e-07	0.00014991553959185533	1.497657738180373e-07	1.497657738180373e-07	0.0007489786348640044	1.497657738180373e-07	1.497657738180373e-07	0.00014991553959185533	1.497657738180373e-07	1.497657738180373e-07	0.00014991553959185533	1.497657738180373e-07	0.00014991553959185533	0.00029968131340989265	1.497657738180373e-07	0.0005992128610459672	0.00029968131340989265	0.00014991553959185533	1.497657738180373e-07	0.00014991553959185533	0.0005992128610459672	0.00014991553959185533	1.497657738180373e-07	0.0007489786348640044	0.0005992128610459672	0.002546167920680452	0.0004494470872279299	0.0005992128610459672	0.001497807503954191	0.0013480417301361537	0.0028456994683165263	0.0032949967897706383	0.003894059885042788	0.012280943218852878	0.034146746196286326	0.012880006314125027	0.05526372030462958	0.2138656747779311	0.06035575661444285	0.07563186554388265	0.2974349765683959	0.10483619143839992	0.04418105304209482	0.017522745302484183	0.03055236762465343	0.0022466363730443777	0.0064400780399494215	0.004343357206496899	0.0007489786348640044	0.0010485101825000792	0.0010485101825000792	0.00029968131340989265	0.0004494470872279299	0.00014991553959185533	0.00014991553959185533	0.0005992128610459672	1.497657738180373e-07	1.497657738180373e-07	0.00029968131340989265	0.00029968131340989265	1.497657738180373e-07	0.0005992128610459672	0.00014991553959185533	0.00014991553959185533	1.497657738180373e-07	1.497657738180373e-07	1.497657738180373e-07	1.497657738180373e-07	1.497657738180373e-07	1.497657738180373e-07	1.497657738180373e-07	1.497657738180373e-07	0.00014991553959185533	1.497657738180373e-07	1.497657738180373e-07	1.497657738180373e-07	0.00029968131340989265	1.497657738180373e-07	0.00014991553959185533	1.497657738180373e-07	1.497657738180373e-07	1.497657738180373e-07	1.497657738180373e-07	1.497657738180373e-07	1.497657738180373e-07	1.497657738180373e-07	1.497657738180373e-07	1.497657738180373e-07	1.497657738180373e-07	1.497657738180373e-07	1.497657738180373e-07	1.497657738180373e-07	1.497657738180373e-07
4 3	1.7895192510217702e-07	0.0005370347272316332	1.7895192510217702e-07	1.7895192510217702e-07	0.00017913087702727917	1.7895192510217702e-07	1.7895192510217702e-07	1.7895192510217702e-07	1.7895192510217702e-07	1.7895192510217702e-07	1.7895192510217702e-07	1.7895192510217702e-07	1.7895192510217702e-07	1.7895192510217702e-07	1.7895192510217702e-07	0.00017913087702727917	0.00017913087702727917	1.7895192510217702e-07	1.7895192510217702e-07	1.7895192510217702e-07	1.7895192510217702e-07	1.7895192510217702e-07	1.7895192510217702e-07	1.7895192510217702e-07	0.00017913087702727917	0.0010738905025381642	1.7895192510217702e-07	0.0003580828021294562	0.00017913087702727917	0.00017913087702727917	0.0003580828021294562	0.0008949385774359872	0.00017913087702727917	1.7895192510217702e-07	0.0030423616786621113	0.00017913087702727917	0.0017896982029468724	0.006442448255603475	0.004116073229275173	0.02236916958969723	0.03990645824971058	0.09054985305362667	0.07354942016891985	0.48746522293025535	0.12508757459834682	0.06513867968911753	0.018969083012755867	0.04921195835502378	0.0005370347272316332	0.0023265539782534035	0.0007159866523338102	0.0007159866523338102	0.0012528424276403412	1.7895192510217702e-07	1.7895192510217702e-07	0.00017913087702727917	0.00017913087702727917	1.7895192510217702e-07	0.0007159866523338102	1.7895192510217702e-07	1.7895192510217702e-07	0.00017913087702727917	1.7895192510217702e-07	1.7895192510217702e-07	1.7895192510217702e-07	1.7895192510217702e-07	1.7895192510217702e-07	0.0005370347272316332	1.7895192510217702e-07	1.7895192510217702e-07	1.7895192510217702e-07	1.7895192510217702e-07	0.00017913087702727917	1.7895192510217702e-07	1.7895192510217702e-07	1.7895192510217702e-07	1.7895192510217702e-07	1.7895192510217702e-07	1.7895192510217702e-07	1.7895192510217702e-07	1.7895192510217702e-07	1.7895192510217702e-07	0.00017913087702727917	1.7895192510217702e-07	1.7895192510217702e-07	1.7895192510217702e-07	1.7895192510217702e-07	1.7895192510217702e-07	1.7895192510217702e-07	1.7895192510217702e-07	1.7895192510217702e-07	1.7895192510217702e-07	1.7895192510217702e-07
4 4	3.5959193507208033e-06	3.5959193507208033e-06	3.5959193507208033e-06	3.5959193507208033e-06	3.5959193507208033e-06	3.5959193507208033e-06	3.5959193507208033e-06	3.5959193507208033e-06	3.5959193507208033e-06	3.5959193507208033e-06	3.5959193507208033e-06	3.5959193507208033e-06	3.5959193507208033e-06	3.5959193507208033e-06	3.5959193507208033e-06	3.5959193507208033e-06	3.5959193507208033e-06	3.5959193507208033e-06	3.5959193507208033e-06	3.5959193507208033e-06	3.5959193507208033e-06	3.5959193507208033e-06	3.5959193507208033e-06	3.5959193507208033e-06	0.0035995152700715235	0.007195434620792327	3.5959193507208033e-06	0.0035995152700715235	3.5959193507208033e-06	3.5959193507208033e-06	0.0035995152700715235	3.5959193507208033e-06	0.0035995152700715235	3.5959193507208033e-06	0.017983192672954736	3.5959193507208033e-06	0.007195434620792327	0.02517503137439634	0.007195434620792327	0.01079135397151313	0.014387273322233931	0.014387273322233931	0.0035995152700715235	0.014387273322233931	0.04315462812800036	0.03955870877727956	0.5609670146317961	0.03955870877727956	0.04315462812800036	0.014387273322233931	0.0035995152700715235	0.014387273322233931	0.014387273322233931	0.01079135397151313	0.007195434620792327	0.02517503137439634	0.007195434620792327	3.5959193507208033e-06	0.017983192672954736	3.5959193507208033e-06	0.0035995152700715235	3.5959193507208033e-06	0.0035995152700715235	3.5959193507208033e-06	3.5959193507208033e-06	0.0035995152700715235	3.5959193507208033e-06	0.007195434620792327	0.0035995152700715235	3.5959193507208033e-06	3.5959193507208033e-06	3.5959193507208033e-06	3.5959193507208033e-06	3.5959193507208033e-06	3.5959193507208033e-06	3.5959193507208033e-06	3.5959193507208033e-06	3.5959193507208033e-06	3.5959193507208033e-06	3.5959193507208033e-06	3.5959193507208033e-06	3.5959193507208033e-06	3.5959193507208033e-06	3.5959193507208033e-06	3.5959193507208033e-06	3.5959193507208033e-06	3.5959193507208033e-06	3.5959193507208033e-06	3.5959193507208033e-06	3.5959193507208033e-06	3.5959193507208033e-06	3.5959193507208033e-06	3.5959193507208033e-06
4 5	2.1767082207521698e-07	2.1767082207521698e-07	2.1767082207521698e-07	2.1767082207521698e-07	2.1767082207521698e-07	2.1767082207521698e-07	2.1767082207521698e-07	2.1767082207521698e-07	2.1767082207521698e-07	2.1767082207521698e-07	2.1767082207521698e-07	2.1767082207521698e-07	2.1767082207521698e-07	0.00043555931497250914	2.1767082207521698e-07	2.1767082207521698e-07	2.1767082207521698e-07	2.1767082207521698e-07	0.0002178884928972922	2.1767082207521698e-07	2.1767082207521698e-07	2.1767082207521698e-07	2.1767082207521698e-07	2.1767082207521698e-07	2.1767082207521698e-07	0.00108857178119816	2.1767082207521698e-07	2.1767082207521698e-07	2.1767082207521698e-07	0.0002178884928972922	2.1767082207521698e-07	0.00043555931497250914	2.1767082207521698e-07	2.1767082207521698e-07	0.00108857178119816	0.0002178884928972922	0.0002178884928972922	0.001306242603273377	2.1767082207521698e-07	0.0006532301370477261	0.001306242603273377	0.001306242603273377	0.002176925891574245	0.005224317400627282	0.0026122675357246787	0.019372920835516387	0.01784922508098987	0.04157534468718852	0.11362438679408533	0.3926783806945135	0.05768298552075457	0.081191434304878	0.0914219629424132	0.03199782851587897	0.009577733842131623	0.022420312344569426	0.0074010256213794525	0.004788975756476848	0.03373919509248071	0.001523913425348594	0.000870900959122943	0.001959255069499028	0.012407454529109444	0.0002178884928972922	0.004788975756476848	0.0028299383577998958	0.00043555931497250914	0.01414882110571118	0.0002178884928972922	0.00043555931497250914	0.00108857178119816	0.00108857178119816	0.0002178884928972922	0.001741584247423811	2.1767082207521698e-07	2.1767082207521698e-07	0.000870900959122943	0.0006532301370477261	0.0006532301370477261	0.006748013155153801	2.1767082207521698e-07	2.1767082207521698e-07	0.0006532301370477261	0.00043555931497250914	2.1767082207521698e-07	0.0002178884928972922	0.0002178884928972922	2.1767082207521698e-07	0.00108857178119816	2.1767082207521698e-07	0.00043555931497250914	0.0002178884928972922	2.1767082207521698e-07
5 1	0.002268004143313186	0.010149121513392256	0.002438100201660216	0.0002835501292644994	0.004932842390749994	5.675538480179243e-05	0.004422554215708903	0.004082362099014842	0.0005103448737272065	0.0021546067710818324	0.005216335821328378	0.0023814015155445394	0.002438100201660216	0.01236037027190365	0.001757715968272095	0.007540981952071125	0.02489077990346821	0.0027215936322386	0.010035724141160902	0.016442675672232374	0.005783322682485145	0.009071846477194397	0.029710168223300738	0.0107728070606647	0.012303671585787972	0.3482433868211728	0.014004632169258275	0.024267094356195767	0.07523921317418918	0.034926447345942996	0.026761836545285543	0.08425430426658177	0.027725714209252048	0.016952963847273465	0.09570743886194848	0.008164667499343569	0.0038555673545521353	0.018030238883471324	0.0013608251654623578	0.0020412093988504787	0.005726623996369469	0.0025514975738915695	0.0009639343626526204	0.0038555673545521353	0.0007371396181899135	0.0006804409320742367	0.007540981952071125	0.0015876199099250647	0.0002835501292644994	0.0006804409320742367	0.00022685144314882268	0.00039694750149585296	0.0009072356765369437	0.0006804409320742367	0.0003402488153801762	0.0007371396181899135	0.0010206330487682973	5.675538480179243e-05	0.0014742225376937112	5.669868611567676e-08	0.00039694750149585296	0.00011345407091746919	0.00022685144314882268	5.669868611567676e-08	5.669868611567676e-08	0.0002835501292644994	5.669868611567676e-08	0.0011907291071153274	5.669868611567676e-08	5.669868611567676e-08	5.675538480179243e-05	5.669868611567676e-08	5.675538480179243e-05	0.00011345407091746919	0.00022685144314882268	5.669868611567676e-08	5.669868611567676e-08	0.0005670435598428832	5.669868611567676e-08	5.669868611567676e-08	5.669868611567676e-08	5.669868611567676e-08	5.669868611567676e-08	5.669868611567676e-08	5.669868611567676e-08	5.669868611567676e-08	5.669868611567676e-08	5.669868611567676e-08	5.669868611567676e-08	5.669868611567676e-08	5.669868611567676e-08	5.675538480179243e-05	5.669868611567676e-08
5 2	0.0010561022450582605	0.0025646042377139677	0.0007544018465271192	1.5085019926557073e-07	0.0009052520457926898	0.00045270144799597773	0.0007544018465271192	0.0009052520457926898	0.00015100104946483628	1.5085019926557073e-07	0.0022629038391828262	0.0016595030421205435	0.0006035516472615484	0.004525656828166387	0.0006035516472615484	0.003922256031104104	0.005581608223025382	0.00045270144799597773	0.0019612034406516848	0.0028663046362451088	0.0022629038391828262	0.0007544018465271192	0.004223956429635246	0.0019612034406516848	0.0018103532413861142	0.018705575559130036	0.0022629038391828262	0.007542660813477801	0.021119178747379168	0.03665674927173295	0.041785656046762355	0.07768800347196818	0.06335723454173897	0.03182954289523469	0.25508783780827937	0.05490962338286701	0.01749877396500547	0.2229567453647128	0.0384669516629198	0.009956264001726934	0.012219016990710495	0.02383448233415944	0.0015086528428549727	0.0064867094186188065	0.0036205556325729625	0.0009052520457926898	0.0036205556325729625	0.0010561022450582605	1.5085019926557073e-07	0.0010561022450582605	1.5085019926557073e-07	1.5085019926557073e-07	0.000301851248730407	0.000301851248730407	1.5085019926557073e-07	0.0012069524443238313	0.00015100104946483628	0.00015100104946483628	0.00045270144799597773	1.5085019926557073e-07	1.5085019926557073e-07	0.00015100104946483628	1.5085019926557073e-07	1.5085019926557073e-07	1.5085019926557073e-07	1.5085019926557073e-07	1.5085019926557073e-07	1.5085019926557073e-07	1.5085019926557073e-07	1.5085019926557073e-07	1.5085019926557073e-07	1.5085019926557073e-07	1.5085019926557073e-07	0.00015100104946483628	1.5085019926557073e-07	1.5085019926557073e-07	1.5085019926557073e-07	1.5085019926557073e-07	1.5085019926557073e-07	1.5085019926557073e-07	1.5085019926557073e-07	1.5085019926557073e-07	1.5085019926557073e-07	1.5085019926557073e-07	1.5085019926557073e-07	1.5085019926557073e-07	1.5085019926557073e-07	1.5085019926557073e-07	1.5085019926557073e-07	1.5085019926557073e-07	1.5085019926557073e-07	1.5085019926557073e-07	1.5085019926557073e-07
5 3	0.00016939994005848273	0.0010155534868041508	1.6923070934913363e-07	1.6923070934913363e-07	1.6923070934913363e-07	1.6923070934913363e-07	0.00050786135875675	0.00033863064940761636	0.00016939994005848273	0.00050786135875675	0.00050786135875675	0.00016939994005848273	0.00016939994005848273	0.0008463227774550172	0.0006770920681058835	0.0008463227774550172	0.003046321998993754	1.6923070934913363e-07	1.6923070934913363e-07	0.001354014905502418	0.0011847841961532843	1.6923070934913363e-07	0.0015232456148515515	0.0008463227774550172	0.0010155534868041508	0.009138627535562565	0.00016939994005848273	0.0027078605802954864	0.0062617054766272925	0.003554014127041155	0.0033847834176920213	0.006092474767278159	0.004569398383135957	0.0055847826392307585	0.06363091594598358	0.009477088954260832	0.03503092606598001	0.15095396197013652	0.06261553168988879	0.0697232214825524	0.31578467287619266	0.1155847437161676	0.04044630876515228	0.019461700805859718	0.04112323160254882	0.001354014905502418	0.006092474767278159	0.0028770912896446204	0.00016939994005848273	0.004230936964437689	0.0011847841961532843	0.00050786135875675	0.0011847841961532843	1.6923070934913363e-07	0.00033863064940761636	0.00050786135875675	1.6923070934913363e-07	1.6923070934913363e-07	0.00050786135875675	1.6923070934913363e-07	1.6923070934913363e-07	1.6923070934913363e-07	0.00033863064940761636	1.6923070934913363e-07	1.6923070934913363e-07	1.6923070934913363e-07	1.6923070934913363e-07	0.00016939994005848273	1.6923070934913363e-07	1.6923070934913363e-07	1.6923070934913363e-07	1.6923070934913363e-07	1.6923070934913363e-07	1.6923070934913363e-07	1.6923070934913363e-07	1.6923070934913363e-07	1.6923070934913363e-07	1.6923070934913363e-07	1.6923070934913363e-07	1.6923070934913363e-07	1.6923070934913363e-07	1.6923070934913363e-07	1.6923070934913363e-07	1.6923070934913363e-07	1.6923070934913363e-07	1.6923070934913363e-07	0.00016939994005848273	1.6923070934913363e-07	0.00016939994005848273	1.6923070934913363e-07	1.6923070934913363e-07	1.6923070934913363e-07	1.6923070934913363e-07
5 4	2.1767082207521704e-07	0.00021788849289729222	0.00043555931497250925	2.1767082207521704e-07	0.0010885717811981602	2.1767082207521704e-07	0.00021788849289729222	0.00021788849289729222	2.1767082207521704e-07	0.00043555931497250925	0.0006532301370477263	2.1767082207521704e-07	2.1767082207521704e-07	0.006748013155153803	0.0006532301370477263	0.0006532301370477263	0.0008709009591229433	2.1767082207521704e-07	2.1767082207521704e-07	0.0017415842474238113	0.00021788849289729222	0.0010885717811981602	0.0010885717811981602	0.00043555931497250925	0.00021788849289729222	0.014148821105711184	0.00043555931497250925	0.0028299383577998966	0.004788975756476849	0.00021788849289729222	0.012407454529109446	0.0019592550694990285	0.0008709009591229433	0.0015239134253485942	0.03373919509248072	0.004788975756476849	0.007401025621379453	0.02242031234456943	0.009577733842131625	0.03199782851587898	0.09142196294241323	0.08119143430487802	0.057682985520754584	0.3926783806945136	0.11362438679408536	0.04157534468718853	0.017849225080989874	0.01937292083551639	0.0026122675357246796	0.005224317400627283	0.0021769258915742455	0.0013062426032733772	0.0013062426032733772	0.0006532301370477263	2.1767082207521704e-07	0.0013062426032733772	0.00021788849289729222	0.00021788849289729222	0.0010885717811981602	2.1767082207521704e-07	2.1767082207521704e-07	0.00043555931497250925	2.1767082207521704e-07	0.00021788849289729222	2.1767082207521704e-07	2.1767082207521704e-07	2.1767082207521704e-07	0.0010885717811981602	2.1767082207521704e-07	2.1767082207521704e-07	2.1767082207521704e-07	2.1767082207521704e-07	2.1767082207521704e-07	2.1767082207521704e-07	0.00021788849289729222	2.1767082207521704e-07	2.1767082207521704e-07	2.1767082207521704e-07	2.1767082207521704e-07	0.00043555931497250925	2.1767082207521704e-07	2.1767082207521704e-07	2.1767082207521704e-07	2.1767082207521704e-07	2.1767082207521704e-07	2.1767082207521704e-07	2.1767082207521704e-07	2.1767082207521704e-07	2.1767082207521704e-07	2.1767082207521704e-07	2.1767082207521704e-07	2.1767082207521704e-07	2.1767082207521704e-07
5 5	0.000538145135753965	0.000538145135753965	5.376075282257394e-07	5.376075282257394e-07	0.0016133601922054437	5.376075282257394e-07	5.376075282257394e-07	0.0021509677204311827	5.376075282257394e-07	0.005376612889785619	5.376075282257394e-07	5.376075282257394e-07	0.000538145135753965	0.017741586038977623	0.000538145135753965	0.016666370982526144	0.002688575248656922	5.376075282257394e-07	5.376075282257394e-07	5.376075282257394e-07	0.000538145135753965	5.376075282257394e-07	0.0016133601922054437	5.376075282257394e-07	0.0016133601922054437	0.08870577976477523	5.376075282257394e-07	0.00483900536155988	0.0021509677204311827	5.376075282257394e-07	0.046234785034941814	0.017741586038977623	0.005914220418011359	0.004301397833334141	0.06558865605106844	0.0075270430026885765	0.013978333341397448	0.04247153233736164	0.0032261827768826617	0.0032261827768826617	0.0032261827768826617	0.005376612889785619	0.01236551075672023	0.026343306490589455	0.006451827946237098	0.0069894354744628375	0.1623580111317015	0.0069894354744628375	0.006451827946237098	0.026343306490589455	0.01236551075672023	0.005376612889785619	0.0032261827768826617	0.0032261827768826617	0.0032261827768826617	0.04247153233736164	0.013978333341397448	0.0075270430026885765	0.06558865605106844	0.004301397833334141	0.005914220418011359	0.017741586038977623	0.046234785034941814	5.376075282257394e-07	0.0021509677204311827	0.00483900536155988	5.376075282257394e-07	0.08870577976477523	0.0016133601922054437	5.376075282257394e-07	0.0016133601922054437	5.376075282257394e-07	0.000538145135753965	5.376075282257394e-07	5.376075282257394e-07	5.376075282257394e-07	0.002688575248656922	0.016666370982526144	0.000538145135753965	0.017741586038977623	0.000538145135753965	5.376075282257394e-07	5.376075282257394e-07	0.005376612889785619	5.376075282257394e-07	0.0021509677204311827	5.376075282257394e-07	5.376075282257394e-07	0.0016133601922054437	5.376075282257394e-07	5.376075282257394e-07	0.000538145135753965	0.000538145135753965
### Output Prob Left
1 1	0.0013996594364143714	0.0018660571159926356	4.663976795782644e-07	4.663976795782644e-07	0.0018660571159926356	4.663976795782644e-07	0.0004668640772578426	0.0004668640772578426	4.663976795782644e-07	4.663976795782644e-07	4.663976795782644e-07	0.0018660571159926356	4.663976795782644e-07	0.0018660571159926356	0.0004668640772578426	4.663976795782644e-07	0.0004668640772578426	4.663976795782644e-07	4.663976795782644e-07	0.0004668640772578426	0.0004668640772578426	0.0004668640772578426	0.0013996594364143714	4.663976795782644e-07	4.663976795782644e-07	0.015857987503340568	4.663976795782644e-07	4.663976795782644e-07	0.006063636232197015	0.0004668640772578426	0.0037316478343056934	0.00979481766882313	0.0027988524751491645	0.0023324547955709	0.019122771260388416	0.0051308408730404865	0.0013996594364143714	0.022853952697014533	0.0018660571159926356	0.008395624630088337	0.012126806066714452	0.00653003391177528	0.021921157337858002	0.10400714894363254	0.01958916893996668	0.01725718054207536	0.41043042442655225	0.01725718054207536	0.01958916893996668	0.10400714894363254	0.021921157337858002	0.00653003391177528	0.012126806066714452	0.008395624630088337	0.0018660571159926356	0.022853952697014533	0.0013996594364143714	0.0051308408730404865	0.019122771260388416	0.0023324547955709	0.0027988524751491645	0.00979481766882313	0.0037316478343056934	0.0004668640772578426	0.006063636232197015	4.663976795782644e-07	4.663976795782644e-07	0.015857987503340568	4.663976795782644e-07	4.663976795782644e-07	0.0013996594364143714	0.0004668640772578426	0.0004668640772578426	0.0004668640772578426	4.663976795782644e-07	4.663976795782644e-07	0.0004668640772578426	4.663976795782644e-07	0.0004668640772578426	0.0018660571159926356	4.663976795782644e-07	0.0018660571159926356	4.663976795782644e-07	4.663976795782644e-07	4.663976795782644e-07	0.0004668640772578426	0.0004668640772578426	4.663976795782644e-07	0.0018660571159926356	4.663976795782644e-07	4.663976795782644e-07	0.0018660571159926356	0.0013996594364143714
1 2	5.165264443719355e-08	5.165264443719355e-08	5.165264443719355e-08	5.165264443719355e-08	0.00010335694151882428	5.165264443719355e-08	5.165264443719355e-08	5.165264443719355e-08	0.00020666223039321135	5.165264443719355e-08	5.165264443719355e-08	5.165264443719355e-08	5.165264443719355e-08	5.165264443719355e-08	5.170429708163074e-05	5.165264443719355e-08	0.00010335694151882428	5.165264443719355e-08	5.170429708163074e-05	0.00010335694151882428	5.165264443719355e-08	5.170429708163074e-05	0.00020666223039321135	0.00015500958595601784	0.00010335694151882428	0.001136409830262695	0.00020666223039321135	0.0005682307414535662	0.0007231886747651469	0.000361620163704792	0.003202515607750437	0.00382234734099676	0.002634336518941308	0.010278927895645953	0.030733375092774597	0.010278927895645953	0.03135320682602092	0.1084706049707509	0.0491217165124155	0.04545437875737476	0.1315593370341764	0.08093974548572673	0.03987589315815786	0.20800525080122287	0.06874972139854905	0.01255164425088247	0.023140436360507145	0.05593986557812505	0.0017045889190718242	0.02133259380520537	0.030423459226151438	0.0007748413192023404	0.004958705518615018	0.00862604327365576	0.0005682307414535662	0.002892599741127276	0.0015496309857602436	0.0005682307414535662	0.00149797834132305	0.000361620163704792	0.0004132728081419856	0.0004132728081419856	0.0009814518969511144	0.00030996751926759845	0.00020666223039321135	0.0007231886747651469	5.165264443719355e-08	0.0005165780970163727	5.170429708163074e-05	5.170429708163074e-05	5.165264443719355e-08	0.00010335694151882428	5.165264443719355e-08	0.00010335694151882428	5.165264443719355e-08	5.170429708163074e-05	0.00010335694151882428	5.165264443719355e-08	5.165264443719355e-08	0.00010335694151882428	5.165264443719355e-08	0.00010335694151882428	5.165264443719355e-08	5.165264443719355e-08	5.165264443719355e-08	5.165264443719355e-08	5.165264443719355e-08	5.165264443719355e-08	5.165264443719355e-08	5.170429708163074e-05	5.165264443719355e-08	0.00015500958595601784	5.170429708163074e-05
1 3	9.27960850991087e-05	9.27960850991087e-05	9.27960850991087e-05	9.270338171739132e-08	0.0003709062302512826	9.270338171739132e-08	9.27960850991087e-05	9.27960850991087e-05	0.000741719757120848	9.270338171739132e-08	0.00027820284853389133	9.270338171739132e-08	9.270338171739132e-08	0.0003709062302512826	9.270338171739132e-08	9.270338171739132e-08	0.001668753574294761	0.0003709062302512826	9.270338171739132e-08	0.000741719757120848	9.27960850991087e-05	0.00018549946681650003	0.00018549946681650003	0.0014833468108599783	0.00046360961196867395	0.005469592224707805	0.0005563129936860653	0.008899617348251286	0.006396626041881719	0.006860142950468676	0.020765650208077375	0.025864336202533894	0.021414573880099114	0.021785387406968677	0.09743134688836	0.028460030890620852	0.03263168306790346	0.14081652953209914	0.04885477486844694	0.025308115912229548	0.19588233827222962	0.06832248502909911	0.01344208305240346	0.03253897968618607	0.04282905505681651	0.002781194154903457	0.016872108175946938	0.027903810600316502	0.0013906434291425871	0.04412690240085999	0.02484459900364259	0.00046360961196867395	0.006674736187033893	0.012793159380381721	0.00018549946681650003	0.0039863381172295445	0.0014833468108599783	9.270338171739132e-08	0.0010198299022730218	9.270338171739132e-08	0.0014833468108599783	0.00018549946681650003	9.27960850991087e-05	9.270338171739132e-08	0.00018549946681650003	0.00018549946681650003	9.27960850991087e-05	0.0005563129936860653	9.270338171739132e-08	9.270338171739132e-08	9.27960850991087e-05	9.270338171739132e-08	0.00018549946681650003	0.00018549946681650003	9.27960850991087e-05	9.270338171739132e-08	0.00018549946681650003	9.270338171739132e-08	9.270338171739132e-08	9.270338171739132e-08	9.270338171739132e-08	9.270338171739132e-08	9.270338171739132e-08	9.270338171739132e-08	9.270338171739132e-08	9.270338171739132e-08	9.270338171739132e-08	9.270338171739132e-08	9.270338171739132e-08	9.270338171739132e-08	9.270338171739132e-08	9.270338171739132e-08	9.270338171739132e-08
1 4	1.2848362469779047e-07	0.004111604473953992	0.0007710302318114405	1.2848362469779047e-07	0.0005140629824158595	1.2848362469779047e-07	1.2848362469779047e-07	0.0002570957330202787	0.00038557935771806913	0.00012861210832248822	0.00038557935771806913	0.00038557935771806913	1.2848362469779047e-07	0.002055866478789345	0.0007710302318114405	0.0002570957330202787	0.0024413173528827162	0.0016704156046959736	0.0015419319799981832	0.002312833728184926	0.0037261535998606207	0.0005140629824158595	0.00642430971851422	0.007323695091398754	0.008223080464283288	0.09944645399971451	0.006809760592607592	0.024026566302111512	0.054091734481394475	0.044583946253757986	0.044969397127851356	0.09289378914012719	0.06077288296567958	0.029808329413512084	0.1386339595325406	0.04291365913268671	0.006809760592607592	0.12128867019833889	0.031093165660489988	0.006809760592607592	0.02376959905271593	0.014390294449777229	0.0019273828540915545	0.03302042003095684	0.007709145965492125	0.0010279974812070214	0.008351564088981078	0.010921236582936887	1.2848362469779047e-07	0.016189065195546297	0.00860853133837666	0.0007710302318114405	0.004111604473953992	0.007580662340794335	0.0007710302318114405	0.0015419319799981832	0.002955251851673878	0.00012861210832248822	0.0025698009775805067	0.00012861210832248822	0.001798899229393764	1.2848362469779047e-07	0.0002570957330202787	1.2848362469779047e-07	0.00012861210832248822	0.00012861210832248822	1.2848362469779047e-07	0.00064254660711365	0.00012861210832248822	0.00012861210832248822	0.0005140629824158595	1.2848362469779047e-07	1.2848362469779047e-07	0.0005140629824158595	1.2848362469779047e-07	0.00012861210832248822	1.2848362469779047e-07	1.2848362469779047e-07	1.2848362469779047e-07	1.2848362469779047e-07	1.2848362469779047e-07	1.2848362469779047e-07	1.2848362469779047e-07	1.2848362469779047e-07	1.2848362469779047e-07	1.2848362469779047e-07	1.2848362469779047e-07	1.2848362469779047e-07	1.2848362469779047e-07	1.2848362469779047e-07	1.2848362469779047e-07	1.2848362469779047e-07	1.2848362469779047e-07
1 5	0.002438100201660216	0.010149121513392256	0.002268004143313186	5.675538480179243e-05	0.004932842390749994	0.0002835501292644994	0.0005103448737272065	0.004082362099014842	0.004422554215708903	0.0023814015155445394	0.005216335821328378	0.0021546067710818324	0.001757715968272095	0.01236037027190365	0.002438100201660216	0.0027215936322386	0.02489077990346821	0.007540981952071125	0.005783322682485145	0.016442675672232374	0.010035724141160902	0.0107728070606647	0.029710168223300738	0.009071846477194397	0.014004632169258275	0.3482433868211728	0.012303671585787972	0.034926447345942996	0.07523921317418918	0.024267094356195767	0.027725714209252048	0.08425430426658177	0.026761836545285543	0.008164667499343569	0.09570743886194848	0.016952963847273465	0.0013608251654623578	0.018030238883471324	0.0038555673545521353	0.0025514975738915695	0.005726623996369469	0.0020412093988504787	0.0007371396181899135	0.0038555673545521353	0.0009639343626526204	0.0015876199099250647	0.007540981952071125	0.0006804409320742367	0.00022685144314882268	0.0006804409320742367	0.0002835501292644994	0.0006804409320742367	0.0009072356765369437	0.00039694750149585296	0.0010206330487682973	0.0007371396181899135	0.0003402488153801762	5.669868611567676e-08	0.0014742225376937112	5.675538480179243e-05	0.00022685144314882268	0.00011345407091746919	0.00039694750149585296	0.0002835501292644994	5.669868611567676e-08	5.669868611567676e-08	5.669868611567676e-08	0.0011907291071153274	5.669868611567676e-08	5.669868611567676e-08	5.675538480179243e-05	5.669868611567676e-08	0.00022685144314882268	0.00011345407091746919	5.675538480179243e-05	0.0005670435598428832	5.669868611567676e-08	5.669868611567676e-08	5.669868611567676e-08	5.669868611567676e-08	5.669868611567676e-08	5.669868611567676e-08	5.669868611567676e-08	5.669868611567676e-08	5.669868611567676e-08	5.669868611567676e-08	5.669868611567676e-08	5.669868611567676e-08	5.669868611567676e-08	5.669868611567676e-08	5.669868611567676e-08	5.675538480179243e-05	5.669868611567676e-08
2 1	5.170429708163074e-05	0.00015500958595601784	5.165264443719355e-08	5.170429708163074e-05	5.165264443719355e-08	5.165264443719355e-08	5.165264443719355e-08	5.165264443719355e-08	5.165264443719355e-08	5.165264443719355e-08	5.165264443719355e-08	0.00010335694151882428	5.165264443719355e-08	0.00010335694151882428	5.165264443719355e-08	5.165264443719355e-08	0.00010335694151882428	5.170429708163074e-05	5.165264443719355e-08	0.00010335694151882428	5.165264443719355e-08	0.00010335694151882428	5.165264443719355e-08	5.170429708163074e-05	5.170429708163074e-05	0.0005165780970163727	5.165264443719355e-08	0.0007231886747651469	0.00020666223039321135	0.00030996751926759845	0.0009814518969511144	0.0004132728081419856	0.0004132728081419856	0.000361620163704792	0.00149797834132305	0.0005682307414535662	0.0015496309857602436	0.002892599741127276	0.0005682307414535662	0.00862604327365576	0.004958705518615018	0.0007748413192023404	0.030423459226151438	0.02133259380520537	0.0017045889190718242	0.05593986557812505	0.023140436360507145	0.01255164425088247	0.06874972139854905	0.20800525080122287	0.03987589315815786	0.08093974548572673	0.1315593370341764	0.04545437875737476	0.0491217165124155	0.1084706049707509	0.03135320682602092	0.010278927895645953	0.030733375092774597	0.010278927895645953	0.002634336518941308	0.00382234734099676	0.003202515607750437	0.000361620163704792	0.0007231886747651469	0.0005682307414535662	0.00020666223039321135	0.001136409830262695	0.00010335694151882428	0.00015500958595601784	0.00020666223039321135	5.170429708163074e-05	5.165264443719355e-08	0.00010335694151882428	5.170429708163074e-05	5.165264443719355e-08	0.00010335694151882428	5.165264443719355e-08	5.170429708163074e-05	5.165264443719355e-08	5.165264443719355e-08	5.165264443719355e-08	5.165264443719355e-08	5.165264443719355e-08	0.00020666223039321135	5.165264443719355e-08	5.165264443719355e-08	5.165264443719355e-08	0.00010335694151882428	5.165264443719355e-08	5.165264443719355e-08	5.165264443719355e-08	5.165264443719355e-08
2 2	0.0011775182244766166	1.1763418825940227e-06	1.1763418825940227e-06	1.1763418825940227e-06	1.1763418825940227e-06	1.1763418825940227e-06	1.1763418825940227e-06	1.1763418825940227e-06	1.1763418825940227e-06	1.1763418825940227e-06	1.1763418825940227e-06	1.1763418825940227e-06	1.1763418825940227e-06	0.002353860107070639	1.1763418825940227e-06	1.1763418825940227e-06	1.1763418825940227e-06	1.1763418825940227e-06	1.1763418825940227e-06	1.1763418825940227e-06	1.1763418825940227e-06	0.0011775182244766166	0.0011775182244766166	1.1763418825940227e-06	1.1763418825940227e-06	0.010588253285228796	0.0011775182244766166	0.0011775182244766166	0.0035302019896646616	1.1763418825940227e-06	0.0011775182244766166	0.0011775182244766166	0.002353860107070639	0.0011775182244766166	0.0035302019896646616	0.0011775182244766166	0.005882885754852706	0.019998988345980975	0.011764595167822819	0.007059227637446729	0.01646996269819891	0.009411911402634775	0.014117278933010865	0.03058606528932718	0.014117278933010865	0.009411911402634775	0.6563999468293472	0.009411911402634775	0.014117278933010865	0.03058606528932718	0.014117278933010865	0.009411911402634775	0.01646996269819891	0.007059227637446729	0.011764595167822819	0.019998988345980975	0.005882885754852706	0.0011775182244766166	0.0035302019896646616	0.0011775182244766166	0.002353860107070639	0.0011775182244766166	0.0011775182244766166	1.1763418825940227e-06	0.0035302019896646616	0.0011775182244766166	0.0011775182244766166	0.010588253285228796	1.1763418825940227e-06	1.1763418825940227e-06	0.0011775182244766166	0.0011775182244766166	1.1763418825940227e-06	1.1763418825940227e-06	1.1763418825940227e-06	1.1763418825940227e-06	1.1763418825940227e-06	1.1763418825940227e-06	1.1763418825940227e-06	0.002353860107070639	1.1763418825940227e-06	1.1763418825940227e-06	1.1763418825940227e-06	1.1763418825940227e-06	1.1763418825940227e-06	1.1763418825940227e-06	1.1763418825940227e-06	1.1763418825940227e-06	1.1763418825940227e-06	1.1763418825940227e-06	1.1763418825940227e-06	1.1763418825940227e-06	0.0011775182244766166
2 3	0.00034634416464618135	8.656440006152997e-08	8.656440006152997e-08	8.656440006152997e-08	0.0002597797645846514	8.656440006152997e-08	8.656440006152997e-08	8.656440006152997e-08	8.656440006152997e-08	8.656440006152997e-08	0.00043290856470771133	8.656440006152997e-08	8.656440006152997e-08	8.656440006152997e-08	8.656440006152997e-08	8.665096446159149e-05	8.656440006152997e-08	8.656440006152997e-08	8.656440006152997e-08	8.656440006152997e-08	8.656440006152997e-08	0.00017321536452312146	8.656440006152997e-08	8.656440006152997e-08	8.656440006152997e-08	0.00034634416464618135	8.656440006152997e-08	0.00017321536452312146	8.665096446159149e-05	0.00017321536452312146	0.00043290856470771133	0.0017313745656306607	0.00043290856470771133	0.0020776321658767805	0.0023373253660613704	0.0009522949650768911	0.013590697374060268	0.019477076578244306	0.009608734971229889	0.09028675582857582	0.08786295262685298	0.05955639380673268	0.10508926823909745	0.3531828388154424	0.09227773702999101	0.03930032419233467	0.02873946738482801	0.08422724782426871	0.0009522949650768911	0.0017313745656306607	0.0005194729647692413	0.00017321536452312146	0.0008657305650153612	0.00043290856470771133	8.665096446159149e-05	0.0005194729647692413	0.0002597797645846514	8.665096446159149e-05	0.0002597797645846514	0.0002597797645846514	8.656440006152997e-08	8.665096446159149e-05	8.665096446159149e-05	8.656440006152997e-08	8.656440006152997e-08	8.656440006152997e-08	8.656440006152997e-08	8.665096446159149e-05	8.656440006152997e-08	8.656440006152997e-08	8.656440006152997e-08	8.656440006152997e-08	8.665096446159149e-05	8.656440006152997e-08	8.656440006152997e-08	8.656440006152997e-08	8.656440006152997e-08	8.656440006152997e-08	8.656440006152997e-08	8.656440006152997e-08	8.665096446159149e-05	8.656440006152997e-08	8.656440006152997e-08	8.656440006152997e-08	8.656440006152997e-08	8.656440006152997e-08	8.656440006152997e-08	8.656440006152997e-08	0.00017321536452312146	8.656440006152997e-08	8.656440006152997e-08	8.656440006152997e-08	8.656440006152997e-08
2 4	1.497657738180373e-07	0.00014991553959185533	1.497657738180373e-07	1.497657738180373e-07	0.0007489786348640044	1.497657738180373e-07	1.497657738180373e-07	0.00014991553959185533	1.497657738180373e-07	1.497657738180373e-07	0.00014991553959185533	1.497657738180373e-07	1.497657738180373e-07	0.00029968131340989265	0.00014991553959185533	0.00014991553959185533	0.00029968131340989265	0.0005992128610459672	0.0005992128610459672	0.00014991553959185533	1.497657738180373e-07	0.0007489786348640044	1.497657738180373e-07	0.00014991553959185533	0.0004494470872279299	0.002546167920680452	0.0005992128610459672	0.0013480417301361537	0.001497807503954191	0.0005992128610459672	0.003894059885042788	0.0032949967897706383	0.0028456994683165263	0.012880006314125027	0.034146746196286326	0.012280943218852878	0.06035575661444285	0.2138656747779311	0.05526372030462958	0.10483619143839992	0.2974349765683959	0.07563186554388265	0.03055236762465343	0.017522745302484183	0.04418105304209482	0.004343357206496899	0.0064400780399494215	0.0022466363730443777	0.0010485101825000792	0.0010485101825000792	0.0007489786348640044	0.00014991553959185533	0.0004494470872279299	0.00029968131340989265	1.497657738180373e-07	0.0005992128610459672	0.00014991553959185533	0.00029968131340989265	0.00029968131340989265	1.497657738180373e-07	0.00014991553959185533	0.0005992128610459672	1.497657738180373e-07	1.497657738180373e-07	1.497657738180373e-07	0.00014991553959185533	1.497657738180373e-07	1.497657738180373e-07	1.497657738180373e-07	1.497657738180373e-07	1.497657738180373e-07	1.497657738180373e-07	1.497657738180373e-07	1.497657738180373e-07	0.00014991553959185533	1.497657738180373e-07	0.00029968131340989265	1.497657738180373e-07	1.497657738180373e-07	1.497657738180373e-07	0.00014991553959185533	1.497657738180373e-07	1.497657738180373e-07	1.497657738180373e-07	1.497657738180373e-07	1.497657738180373e-07	1.497657738180373e-07	1.497657738180373e-07	1.497657738180373e-07	1.497657738180373e-07	1.497657738180373e-07	1.497657738180373e-07	1.497657738180373e-07
2 5	0.0007544018465271192	0.0025646042377139677	0.0010561022450582607	0.0004527014479959778	0.0009052520457926899	1.5085019926557075e-07	0.0001510010494648363	0.0009052520457926899	0.0007544018465271192	0.0016595030421205437	0.0022629038391828267	1.5085019926557075e-07	0.0006035516472615484	0.004525656828166387	0.0006035516472615484	0.0004527014479959778	0.005581608223025383	0.003922256031104104	0.0022629038391828267	0.002866304636245109	0.001961203440651685	0.001961203440651685	0.004223956429635246	0.0007544018465271192	0.0022629038391828267	0.01870557555913004	0.0018103532413861144	0.03665674927173296	0.02111917874737917	0.007542660813477802	0.06335723454173897	0.07768800347196819	0.041785656046762355	0.054909623382867014	0.25508783780827937	0.031829542895234694	0.03846695166291981	0.22295674536471283	0.017498773965005474	0.023834482334159444	0.012219016990710497	0.009956264001726936	0.003620555632572963	0.006486709418618807	0.001508652842854973	0.0010561022450582607	0.003620555632572963	0.0009052520457926899	1.5085019926557075e-07	0.0010561022450582607	1.5085019926557075e-07	0.00030185124873040705	0.00030185124873040705	1.5085019926557075e-07	0.0001510010494648363	0.0012069524443238315	1.5085019926557075e-07	1.5085019926557075e-07	0.0004527014479959778	0.0001510010494648363	1.5085019926557075e-07	0.0001510010494648363	1.5085019926557075e-07	1.5085019926557075e-07	1.5085019926557075e-07	1.5085019926557075e-07	1.5085019926557075e-07	1.5085019926557075e-07	1.5085019926557075e-07	1.5085019926557075e-07	1.5085019926557075e-07	1.5085019926557075e-07	1.5085019926557075e-07	0.0001510010494648363	1.5085019926557075e-07	1.5085019926557075e-07	1.5085019926557075e-07	1.5085019926557075e-07	1.5085019926557075e-07	1.5085019926557075e-07	1.5085019926557075e-07	1.5085019926557075e-07	1.5085019926557075e-07	1.5085019926557075e-07	1.5085019926557075e-07	1.5085019926557075e-07	1.5085019926557075e-07	1.5085019926557075e-07	1.5085019926557075e-07	1.5085019926557075e-07	1.5085019926557075e-07	1.5085019926557075e-07	1.5085019926557075e-07
3 1	9.270338171739132e-08	9.270338171739132e-08	9.270338171739132e-08	9.270338171739132e-08	9.270338171739132e-08	9.270338171739132e-08	9.270338171739132e-08	9.270338171739132e-08	9.270338171739132e-08	9.270338171739132e-08	9.270338171739132e-08	9.270338171739132e-08	9.270338171739132e-08	9.270338171739132e-08	9.270338171739132e-08	9.270338171739132e-08	0.00018549946681650003	9.270338171739132e-08	9.27960850991087e-05	0.00018549946681650003	0.00018549946681650003	9.270338171739132e-08	9.27960850991087e-05	9.270338171739132e-08	9.270338171739132e-08	0.0005563129936860653	9.27960850991087e-05	0.00018549946681650003	0.00018549946681650003	9.270338171739132e-08	9.27960850991087e-05	0.00018549946681650003	0.0014833468108599783	9.270338171739132e-08	0.0010198299022730218	9.270338171739132e-08	0.0014833468108599783	0.0039863381172295445	0.00018549946681650003	0.012793159380381721	0.006674736187033893	0.00046360961196867395	0.02484459900364259	0.04412690240085999	0.0013906434291425871	0.027903810600316502	0.016872108175946938	0.002781194154903457	0.04282905505681651	0.03253897968618607	0.01344208305240346	0.06832248502909911	0.19588233827222962	0.025308115912229548	0.04885477486844694	0.14081652953209914	0.03263168306790346	0.028460030890620852	0.09743134688836	0.021785387406968677	0.021414573880099114	0.025864336202533894	0.020765650208077375	0.006860142950468676	0.006396626041881719	0.008899617348251286	0.0005563129936860653	0.005469592224707805	0.00046360961196867395	0.0014833468108599783	0.00018549946681650003	0.00018549946681650003	9.27960850991087e-05	0.000741719757120848	9.270338171739132e-08	0.0003709062302512826	0.001668753574294761	9.270338171739132e-08	9.270338171739132e-08	0.0003709062302512826	9.270338171739132e-08	9.270338171739132e-08	0.00027820284853389133	9.270338171739132e-08	0.000741719757120848	9.27960850991087e-05	9.27960850991087e-05	9.270338171739132e-08	0.0003709062302512826	9.270338171739132e-08	9.27960850991087e-05	9.27960850991087e-05	9.27960850991087e-05
3 2	8.656440006152997e-08	8.656440006152997e-08	8.656440006152997e-08	8.656440006152997e-08	0.00017321536452312146	8.656440006152997e-08	8.656440006152997e-08	8.656440006152997e-08	8.656440006152997e-08	8.656440006152997e-08	8.656440006152997e-08	8.656440006152997e-08	8.665096446159149e-05	8.656440006152997e-08	8.656440006152997e-08	8.656440006152997e-08	8.656440006152997e-08	8.656440006152997e-08	8.656440006152997e-08	8.656440006152997e-08	8.665096446159149e-05	8.656440006152997e-08	8.656440006152997e-08	8.656440006152997e-08	8.656440006152997e-08	8.665096446159149e-05	8.656440006152997e-08	8.656440006152997e-08	8.656440006152997e-08	8.656440006152997e-08	8.665096446159149e-05	8.665096446159149e-05	8.656440006152997e-08	0.0002597797645846514	0.0002597797645846514	8.665096446159149e-05	0.0002597797645846514	0.0005194729647692413	8.665096446159149e-05	0.00043290856470771133	0.0008657305650153612	0.00017321536452312146	0.0005194729647692413	0.0017313745656306607	0.0009522949650768911	0.08422724782426871	0.02873946738482801	0.03930032419233467	0.09227773702999101	0.3531828388154424	0.10508926823909745	0.05955639380673268	0.08786295262685298	0.09028675582857582	0.009608734971229889	0.019477076578244306	0.013590697374060268	0.0009522949650768911	0.0023373253660613704	0.0020776321658767805	0.00043290856470771133	0.0017313745656306607	0.00043290856470771133	0.00017321536452312146	8.665096446159149e-05	0.00017321536452312146	8.656440006152997e-08	0.00034634416464618135	8.656440006152997e-08	8.656440006152997e-08	8.656440006152997e-08	0.00017321536452312146	8.656440006152997e-08	8.656440006152997e-08	8.656440006152997e-08	8.656440006152997e-08	8.656440006152997e-08	8.665096446159149e-05	8.656440006152997e-08	8.656440006152997e-08	8.656440006152997e-08	8.656440006152997e-08	0.00043290856470771133	8.656440006152997e-08	8.656440006152997e-08	8.656440006152997e-08	8.656440006152997e-08	8.656440006152997e-08	0.0002597797645846514	8.656440006152997e-08	8.656440006152997e-08	8.656440006152997e-08	0.00034634416464618135
3 3	1.470387138229625e-06	1.470387138229625e-06	1.470387138229625e-06	1.470387138229625e-06	1.470387138229625e-06	1.470387138229625e-06	1.470387138229625e-06	1.470387138229625e-06	1.470387138229625e-06	1.470387138229625e-06	1.470387138229625e-06	1.470387138229625e-06	1.470387138229625e-06	1.470387138229625e-06	1.470387138229625e-06	1.470387138229625e-06	1.470387138229625e-06	1.470387138229625e-06	1.470387138229625e-06	1.470387138229625e-06	1.470387138229625e-06	1.470387138229625e-06	1.470387138229625e-06	1.470387138229625e-06	1.470387138229625e-06	0.013234954631204854	1.470387138229625e-06	1.470387138229625e-06	1.470387138229625e-06	0.0014718575253678545	0.0014718575253678545	0.0029422446635974796	1.470387138229625e-06	0.004412631801827105	0.022057277460582603	1.470387138229625e-06	1.470387138229625e-06	0.02499805173704185	0.011764567492975228	0.0029422446635974796	0.010294180354745604	0.005883018940056729	0.005883018940056729	0.023527664598812226	0.01470534176943448	0.013234954631204854	0.6822611025256842	0.013234954631204854	0.01470534176943448	0.023527664598812226	0.005883018940056729	0.005883018940056729	0.010294180354745604	0.0029422446635974796	0.011764567492975228	0.02499805173704185	1.470387138229625e-06	1.470387138229625e-06	0.022057277460582603	0.004412631801827105	1.470387138229625e-06	0.0029422446635974796	0.0014718575253678545	0.0014718575253678545	1.470387138229625e-06	1.470387138229625e-06	1.470387138229625e-06	0.013234954631204854	1.470387138229625e-06	1.470387138229625e-06	1.470387138229625e-06	1.470387138229625e-06	1.470387138229625e-06	1.470387138229625e-06	1.470387138229625e-06	1.470387138229625e-06	1.470387138229625e-06	1.470387138229625e-06	1.470387138229625e-06	1.470387138229625e-06	1.470387138229625e-06	1.470387138229625e-06	1.470387138229625e-06	1.470387138229625e-06	1.470387138229625e-06	1.470387138229625e-06	1.470387138229625e-06	1.470387138229625e-06	1.470387138229625e-06	1.470387138229625e-06	1.470387138229625e-06	1.470387138229625e-06	1.470387138229625e-06
3 4	1.7895192510217702e-07	0.0005370347272316332	1.7895192510217702e-07	1.7895192510217702e-07	0.00017913087702727917	1.7895192510217702e-07	1.7895192510217702e-07	1.7895192510217702e-07	1.7895192510217702e-07	1.7895192510217702e-07	1.7895192510217702e-07	1.7895192510217702e-07	1.7895192510217702e-07	1.7895192510217702e-07	1.7895192510217702e-07	1.7895192510217702e-07	0.00017913087702727917	0.00017913087702727917	1.7895192510217702e-07	1.7895192510217702e-07	1.7895192510217702e-07	1.7895192510217702e-07	1.7895192510217702e-07	1.7895192510217702e-07	1.7895192510217702e-07	0.0010738905025381642	0.00017913087702727917	0.00017913087702727917	0.00017913087702727917	0.0003580828021294562	0.00017913087702727917	0.0008949385774359872	0.0003580828021294562	0.00017913087702727917	0.0030423616786621113	1.7895192510217702e-07	0.004116073229275173	0.006442448255603475	0.0017896982029468724	0.09054985305362667	0.03990645824971058	0.02236916958969723	0.12508757459834682	0.48746522293025535	0.07354942016891985	0.04921195835502378	0.018969083012755867	0.06513867968911753	0.0007159866523338102	0.0023265539782534035	0.0005370347272316332	1.7895192510217702e-07	0.0012528424276403412	0.0007159866523338102	0.00017913087702727917	0.00017913087702727917	1.7895192510217702e-07	1.7895192510217702e-07	0.0007159866523338102	1.7895192510217702e-07	1.7895192510217702e-07	0.00017913087702727917	1.7895192510217702e-07	1.7895192510217702e-07	1.7895192510217702e-07	1.7895192510217702e-07	1.7895192510217702e-07	0.0005370347272316332	1.7895192510217702e-07	1.7895192510217702e-07	1.7895192510217702e-07	1.7895192510217702e-07	1.7895192510217702e-07	1.7895192510217702e-07	0.00017913087702727917	1.7895192510217702e-07	1.7895192510217702e-07	1.7895192510217702e-07	1.7895192510217702e-07	1.7895192510217702e-07	1.7895192510217702e-07	1.7895192510217702e-07	0.00017913087702727917	1.7895192510217702e-07	1.7895192510217702e-07	1.7895192510217702e-07	1.7895192510217702e-07	1.7895192510217702e-07	1.7895192510217702e-07	1.7895192510217702e-07	1.7895192510217702e-07	1.7895192510217702e-07	1.7895192510217702e-07
3 5	1.6923070934913363e-07	0.0010155534868041508	0.00016939994005848273	1.6923070934913363e-07	1.6923070934913363e-07	1.6923070934913363e-07	0.00016939994005848273	0.00033863064940761636	0.00050786135875675	0.00016939994005848273	0.00050786135875675	0.00050786135875675	0.0006770920681058835	0.0008463227774550172	0.00016939994005848273	1.6923070934913363e-07	0.003046321998993754	0.0008463227774550172	0.0011847841961532843	0.001354014905502418	1.6923070934913363e-07	0.0008463227774550172	0.0015232456148515515	1.6923070934913363e-07	0.00016939994005848273	0.009138627535562565	0.0010155534868041508	0.003554014127041155	0.0062617054766272925	0.0027078605802954864	0.004569398383135957	0.006092474767278159	0.0033847834176920213	0.009477088954260832	0.06363091594598358	0.0055847826392307585	0.06261553168988879	0.15095396197013652	0.03503092606598001	0.1155847437161676	0.31578467287619266	0.0697232214825524	0.04112323160254882	0.019461700805859718	0.04044630876515228	0.0028770912896446204	0.006092474767278159	0.001354014905502418	0.0011847841961532843	0.004230936964437689	0.00016939994005848273	1.6923070934913363e-07	0.0011847841961532843	0.00050786135875675	1.6923070934913363e-07	0.00050786135875675	0.00033863064940761636	1.6923070934913363e-07	0.00050786135875675	1.6923070934913363e-07	0.00033863064940761636	1.6923070934913363e-07	1.6923070934913363e-07	1.6923070934913363e-07	1.6923070934913363e-07	1.6923070934913363e-07	1.6923070934913363e-07	0.00016939994005848273	1.6923070934913363e-07	1.6923070934913363e-07	1.6923070934913363e-07	1.6923070934913363e-07	1.6923070934913363e-07	1.6923070934913363e-07	1.6923070934913363e-07	1.6923070934913363e-07	1.6923070934913363e-07	1.6923070934913363e-07	1.6923070934913363e-07	1.6923070934913363e-07	1.6923070934913363e-07	1.6923070934913363e-07	1.6923070934913363e-07	1.6923070934913363e-07	0.00016939994005848273	1.6923070934913363e-07	1.6923070934913363e-07	1.6923070934913363e-07	0.00016939994005848273	1.6923070934913363e-07	1.6923070934913363e-07	1.6923070934913363e-07	1.6923070934913363e-07
4 1	1.2848362469779044e-07	1.2848362469779044e-07	1.2848362469779044e-07	1.2848362469779044e-07	1.2848362469779044e-07	1.2848362469779044e-07	1.2848362469779044e-07	1.2848362469779044e-07	1.2848362469779044e-07	1.2848362469779044e-07	1.2848362469779044e-07	1.2848362469779044e-07	1.2848362469779044e-07	1.2848362469779044e-07	1.2848362469779044e-07	1.2848362469779044e-07	1.2848362469779044e-07	0.00012861210832248822	1.2848362469779044e-07	0.0005140629824158595	1.2848362469779044e-07	1.2848362469779044e-07	0.0005140629824158595	0.00012861210832248822	0.00012861210832248822	0.00064254660711365	1.2848362469779044e-07	0.00012861210832248822	0.00012861210832248822	1.2848362469779044e-07	0.00025709573302027864	1.2848362469779044e-07	0.0017988992293937638	0.00012861210832248822	0.0025698009775805063	0.00012861210832248822	0.0029552518516738776	0.001541931979998183	0.0007710302318114404	0.007580662340794334	0.004111604473953992	0.0007710302318114404	0.008608531338376657	0.016189065195546293	1.2848362469779044e-07	0.010921236582936885	0.008351564088981077	0.0010279974812070212	0.007709145965492124	0.033020420030956836	0.0019273828540915543	0.014390294449777227	0.02376959905271593	0.006809760592607591	0.031093165660489985	0.12128867019833887	0.006809760592607591	0.0429136591326867	0.13863395953254057	0.02980832941351208	0.06077288296567957	0.09289378914012718	0.04496939712785135	0.04458394625375798	0.05409173448139447	0.024026566302111512	0.006809760592607591	0.0994464539997145	0.008223080464283286	0.007323695091398753	0.00642430971851422	0.0005140629824158595	0.0037261535998606202	0.0023128337281849254	0.001541931979998183	0.0016704156046959734	0.002441317352882716	0.00025709573302027864	0.0007710302318114404	0.0020558664787893445	1.2848362469779044e-07	0.0003855793577180691	0.0003855793577180691	0.00012861210832248822	0.0003855793577180691	0.00025709573302027864	1.2848362469779044e-07	1.2848362469779044e-07	0.0005140629824158595	1.2848362469779044e-07	0.0007710302318114404	0.004111604473953992	1.2848362469779044e-07
4 2	1.4976577381803728e-07	1.4976577381803728e-07	1.4976577381803728e-07	1.4976577381803728e-07	1.4976577381803728e-07	1.4976577381803728e-07	1.4976577381803728e-07	1.4976577381803728e-07	1.4976577381803728e-07	1.4976577381803728e-07	1.4976577381803728e-07	1.4976577381803728e-07	0.00014991553959185528	1.4976577381803728e-07	1.4976577381803728e-07	1.4976577381803728e-07	0.00029968131340989254	1.4976577381803728e-07	0.00014991553959185528	1.4976577381803728e-07	1.4976577381803728e-07	1.4976577381803728e-07	1.4976577381803728e-07	1.4976577381803728e-07	1.4976577381803728e-07	1.4976577381803728e-07	1.4976577381803728e-07	0.00014991553959185528	1.4976577381803728e-07	1.4976577381803728e-07	1.4976577381803728e-07	0.000599212861045967	0.00014991553959185528	1.4976577381803728e-07	0.00029968131340989254	0.00029968131340989254	0.00014991553959185528	0.000599212861045967	1.4976577381803728e-07	0.00029968131340989254	0.0004494470872279298	0.00014991553959185528	0.0007489786348640042	0.0010485101825000787	0.0010485101825000787	0.002246636373044377	0.00644007803994942	0.0043433572064968985	0.044181053042094805	0.01752274530248418	0.03055236762465342	0.07563186554388263	0.2974349765683958	0.1048361914383999	0.05526372030462957	0.21386567477793103	0.06035575661444283	0.012280943218852874	0.03414674619628631	0.012880006314125024	0.002845699468316526	0.0032949967897706375	0.0038940598850427865	0.000599212861045967	0.0014978075039541905	0.0013480417301361533	0.000599212861045967	0.0025461679206804514	0.0004494470872279298	0.00014991553959185528	1.4976577381803728e-07	0.0007489786348640042	1.4976577381803728e-07	0.00014991553959185528	0.000599212861045967	0.000599212861045967	0.00029968131340989254	0.00014991553959185528	0.00014991553959185528	0.00029968131340989254	1.4976577381803728e-07	1.4976577381803728e-07	0.00014991553959185528	1.4976577381803728e-07	1.4976577381803728e-07	0.00014991553959185528	1.4976577381803728e-07	1.4976577381803728e-07	0.0007489786348640042	1.4976577381803728e-07	1.4976577381803728e-07	0.00014991553959185528	1.4976577381803728e-07
4 3	1.7895192510217702e-07	1.7895192510217702e-07	1.7895192510217702e-07	1.7895192510217702e-07	1.7895192510217702e-07	1.7895192510217702e-07	1.7895192510217702e-07	1.7895192510217702e-07	1.7895192510217702e-07	1.7895192510217702e-07	0.00017913087702727917	1.7895192510217702e-07	1.7895192510217702e-07	1.7895192510217702e-07	1.7895192510217702e-07	1.7895192510217702e-07	1.7895192510217702e-07	1.7895192510217702e-07	0.00017913087702727917	1.7895192510217702e-07	1.7895192510217702e-07	1.7895192510217702e-07	1.7895192510217702e-07	1.7895192510217702e-07	1.7895192510217702e-07	0.0005370347272316332	1.7895192510217702e-07	1.7895192510217702e-07	1.7895192510217702e-07	1.7895192510217702e-07	1.7895192510217702e-07	0.00017913087702727917	1.7895192510217702e-07	1.7895192510217702e-07	0.0007159866523338102	1.7895192510217702e-07	1.7895192510217702e-07	0.00017913087702727917	0.00017913087702727917	0.0007159866523338102	0.0012528424276403412	1.7895192510217702e-07	0.0005370347272316332	0.0023265539782534035	0.0007159866523338102	0.06513867968911753	0.018969083012755867	0.04921195835502378	0.07354942016891985	0.48746522293025535	0.12508757459834682	0.02236916958969723	0.03990645824971058	0.09054985305362667	0.0017896982029468724	0.006442448255603475	0.004116073229275173	1.7895192510217702e-07	0.0030423616786621113	0.00017913087702727917	0.0003580828021294562	0.0008949385774359872	0.00017913087702727917	0.0003580828021294562	0.00017913087702727917	0.00017913087702727917	0.00017913087702727917	0.0010738905025381642	1.7895192510217702e-07	1.7895192510217702e-07	1.7895192510217702e-07	1.7895192510217702e-07	1.7895192510217702e-07	1.7895192510217702e-07	1.7895192510217702e-07	0.00017913087702727917	0.00017913087702727917	1.7895192510217702e-07	1.7895192510217702e-07	1.7895192510217702e-07	1.7895192510217702e-07	1.7895192510217702e-07	1.7895192510217702e-07	1.7895192510217702e-07	1.7895192510217702e-07	1.7895192510217702e-07	1.7895192510217702e-07	1.7895192510217702e-07	0.00017913087702727917	1.7895192510217702e-07	1.7895192510217702e-07	0.0005370347272316332	1.7895192510217702e-07
4 4	3.595919350720804e-06	3.595919350720804e-06	3.595919350720804e-06	3.595919350720804e-06	3.595919350720804e-06	3.595919350720804e-06	3.595919350720804e-06	3.595919350720804e-06	3.595919350720804e-06	3.595919350720804e-06	3.595919350720804e-06	3.595919350720804e-06	3.595919350720804e-06	3.595919350720804e-06	3.595919350720804e-06	3.595919350720804e-06	3.595919350720804e-06	3.595919350720804e-06	3.595919350720804e-06	3.595919350720804e-06	3.595919350720804e-06	3.595919350720804e-06	3.595919350720804e-06	3.595919350720804e-06	3.595919350720804e-06	0.007195434620792329	0.0035995152700715244	3.595919350720804e-06	3.595919350720804e-06	0.0035995152700715244	0.0035995152700715244	3.595919350720804e-06	0.0035995152700715244	3.595919350720804e-06	0.01798319267295474	3.595919350720804e-06	0.007195434620792329	0.025175031374396348	0.007195434620792329	0.014387273322233935	0.014387273322233935	0.010791353971513132	0.04315462812800037	0.014387273322233935	0.0035995152700715244	0.039558708777279565	0.5609670146317962	0.039558708777279565	0.0035995152700715244	0.014387273322233935	0.04315462812800037	0.010791353971513132	0.014387273322233935	0.014387273322233935	0.007195434620792329	0.025175031374396348	0.007195434620792329	3.595919350720804e-06	0.01798319267295474	3.595919350720804e-06	0.0035995152700715244	3.595919350720804e-06	0.0035995152700715244	0.0035995152700715244	3.595919350720804e-06	3.595919350720804e-06	0.0035995152700715244	0.007195434620792329	3.595919350720804e-06	3.595919350720804e-06	3.595919350720804e-06	3.595919350720804e-06	3.595919350720804e-06	3.595919350720804e-06	3.595919350720804e-06	3.595919350720804e-06	3.595919350720804e-06	3.595919350720804e-06	3.595919350720804e-06	3.595919350720804e-06	3.595919350720804e-06	3.595919350720804e-06	3.595919350720804e-06	3.595919350720804e-06	3.595919350720804e-06	3.595919350720804e-06	3.595919350720804e-06	3.595919350720804e-06	3.595919350720804e-06	3.595919350720804e-06	3.595919350720804e-06	3.595919350720804e-06	3.595919350720804e-06
4 5	0.00043555931497250914	0.0002178884928972922	2.1767082207521698e-07	2.1767082207521698e-07	0.00108857178119816	2.1767082207521698e-07	2.1767082207521698e-07	0.0002178884928972922	0.0002178884928972922	2.1767082207521698e-07	0.0006532301370477261	0.00043555931497250914	0.0006532301370477261	0.006748013155153801	2.1767082207521698e-07	2.1767082207521698e-07	0.000870900959122943	0.0006532301370477261	0.0002178884928972922	0.001741584247423811	2.1767082207521698e-07	0.00043555931497250914	0.00108857178119816	0.00108857178119816	0.00043555931497250914	0.01414882110571118	0.0002178884928972922	0.0002178884928972922	0.004788975756476848	0.0028299383577998958	0.000870900959122943	0.001959255069499028	0.012407454529109444	0.004788975756476848	0.03373919509248071	0.001523913425348594	0.009577733842131623	0.022420312344569426	0.0074010256213794525	0.081191434304878	0.0914219629424132	0.03199782851587897	0.11362438679408533	0.3926783806945135	0.05768298552075457	0.019372920835516387	0.01784922508098987	0.04157534468718852	0.002176925891574245	0.005224317400627282	0.0026122675357246787	0.0006532301370477261	0.001306242603273377	0.001306242603273377	0.0002178884928972922	0.001306242603273377	2.1767082207521698e-07	2.1767082207521698e-07	0.00108857178119816	0.0002178884928972922	2.1767082207521698e-07	0.00043555931497250914	2.1767082207521698e-07	2.1767082207521698e-07	2.1767082207521698e-07	0.0002178884928972922	2.1767082207521698e-07	0.00108857178119816	2.1767082207521698e-07	2.1767082207521698e-07	2.1767082207521698e-07	2.1767082207521698e-07	0.0002178884928972922	2.1767082207521698e-07	2.1767082207521698e-07	2.1767082207521698e-07	2.1767082207521698e-07	2.1767082207521698e-07	2.1767082207521698e-07	0.00043555931497250914	2.1767082207521698e-07	2.1767082207521698e-07	2.1767082207521698e-07	2.1767082207521698e-07	2.1767082207521698e-07	2.1767082207521698e-07	2.1767082207521698e-07	2.1767082207521698e-07	2.1767082207521698e-07	2.1767082207521698e-07	2.1767082207521698e-07	2.1767082207521698e-07	2.1767082207521698e-07
5 1	5.669868611567676e-08	5.675538480179243e-05	5.669868611567676e-08	5.669868611567676e-08	5.669868611567676e-08	5.669868611567676e-08	5.669868611567676e-08	5.669868611567676e-08	5.669868611567676e-08	5.669868611567676e-08	5.669868611567676e-08	5.669868611567676e-08	5.669868611567676e-08	5.669868611567676e-08	5.669868611567676e-08	5.669868611567676e-08	5.669868611567676e-08	0.0005670435598428832	5.675538480179243e-05	0.00011345407091746919	0.00022685144314882268	5.669868611567676e-08	5.675538480179243e-05	5.669868611567676e-08	5.669868611567676e-08	0.0011907291071153274	5.669868611567676e-08	5.669868611567676e-08	5.669868611567676e-08	0.0002835501292644994	0.00039694750149585296	0.00011345407091746919	0.00022685144314882268	5.675538480179243e-05	0.0014742225376937112	5.669868611567676e-08	0.0003402488153801762	0.0007371396181899135	0.0010206330487682973	0.00039694750149585296	0.0009072356765369437	0.0006804409320742367	0.0002835501292644994	0.0006804409320742367	0.00022685144314882268	0.0006804409320742367	0.007540981952071125	0.0015876199099250647	0.0009639343626526204	0.0038555673545521353	0.0007371396181899135	0.0020412093988504787	0.005726623996369469	0.0025514975738915695	0.0038555673545521353	0.018030238883471324	0.0013608251654623578	0.016952963847273465	0.09570743886194848	0.008164667499343569	0.026761836545285543	0.08425430426658177	0.027725714209252048	0.024267094356195767	0.07523921317418918	0.034926447345942996	0.012303671585787972	0.3482433868211728	0.014004632169258275	0.009071846477194397	0.029710168223300738	0.0107728070606647	0.010035724141160902	0.016442675672232374	0.005783322682485145	0.007540981952071125	0.02489077990346821	0.0027215936322386	0.002438100201660216	0.01236037027190365	0.001757715968272095	0.0021546067710818324	0.005216335821328378	0.0023814015155445394	0.004422554215708903	0.004082362099014842	0.0005103448737272065	0.0002835501292644994	0.004932842390749994	5.675538480179243e-05	0.002268004143313186	0.010149121513392256	0.002438100201660216
5 2	1.508501992655707e-07	1.508501992655707e-07	1.508501992655707e-07	1.508501992655707e-07	1.508501992655707e-07	1.508501992655707e-07	1.508501992655707e-07	1.508501992655707e-07	1.508501992655707e-07	1.508501992655707e-07	1.508501992655707e-07	1.508501992655707e-07	1.508501992655707e-07	1.508501992655707e-07	1.508501992655707e-07	1.508501992655707e-07	1.508501992655707e-07	1.508501992655707e-07	1.508501992655707e-07	0.00015100104946483625	1.508501992655707e-07	1.508501992655707e-07	1.508501992655707e-07	1.508501992655707e-07	1.508501992655707e-07	1.508501992655707e-07	1.508501992655707e-07	1.508501992655707e-07	1.508501992655707e-07	1.508501992655707e-07	1.508501992655707e-07	0.00015100104946483625	1.508501992655707e-07	0.00015100104946483625	0.0004527014479959777	1.508501992655707e-07	1.508501992655707e-07	0.001206952444323831	0.00015100104946483625	1.508501992655707e-07	0.00030185124873040694	0.00030185124873040694	1.508501992655707e-07	0.0010561022450582603	1.508501992655707e-07	0.0009052520457926897	0.003620555632572962	0.0010561022450582603	0.0015086528428549725	0.006486709418618806	0.003620555632572962	0.009956264001726932	0.012219016990710494	0.023834482334159437	0.017498773965005467	0.22295674536471277	0.038466951662919795	0.03182954289523469	0.2550878378082793	0.054909623382867	0.04178565604676235	0.07768800347196818	0.06335723454173896	0.0075426608134778	0.021119178747379164	0.036656749271732944	0.001810353241386114	0.018705575559130033	0.0022629038391828262	0.000754401846527119	0.004223956429635245	0.0019612034406516848	0.0019612034406516848	0.0028663046362451088	0.0022629038391828262	0.0039222560311041035	0.005581608223025381	0.0004527014479959777	0.0006035516472615483	0.0045256568281663865	0.0006035516472615483	1.508501992655707e-07	0.0022629038391828262	0.0016595030421205433	0.000754401846527119	0.0009052520457926897	0.00015100104946483625	1.508501992655707e-07	0.0009052520457926897	0.0004527014479959777	0.0010561022450582603	0.0025646042377139673	0.000754401846527119
5 3	1.692307093491336e-07	1.692307093491336e-07	1.692307093491336e-07	1.692307093491336e-07	0.0001693999400584827	1.692307093491336e-07	1.692307093491336e-07	1.692307093491336e-07	0.0001693999400584827	1.692307093491336e-07	1.692307093491336e-07	1.692307093491336e-07	1.692307093491336e-07	1.692307093491336e-07	1.692307093491336e-07	1.692307093491336e-07	1.692307093491336e-07	1.692307093491336e-07	1.692307093491336e-07	1.692307093491336e-07	1.692307093491336e-07	1.692307093491336e-07	1.692307093491336e-07	1.692307093491336e-07	1.692307093491336e-07	0.0001693999400584827	1.692307093491336e-07	1.692307093491336e-07	1.692307093491336e-07	1.692307093491336e-07	1.692307093491336e-07	1.692307093491336e-07	0.0003386306494076163	1.692307093491336e-07	0.0005078613587567499	1.692307093491336e-07	0.0003386306494076163	0.0005078613587567499	1.692307093491336e-07	0.0005078613587567499	0.0011847841961532843	1.692307093491336e-07	0.0001693999400584827	0.004230936964437689	0.0011847841961532843	0.0013540149055024178	0.006092474767278158	0.00287709128964462	0.04044630876515228	0.019461700805859714	0.04112323160254881	0.06972322148255239	0.3157846728761926	0.11558474371616759	0.03503092606598	0.1509539619701365	0.06261553168988877	0.005584782639230758	0.06363091594598358	0.00947708895426083	0.0033847834176920204	0.006092474767278158	0.004569398383135956	0.0027078605802954864	0.006261705476627292	0.0035540141270411544	0.0010155534868041506	0.009138627535562563	0.0001693999400584827	1.692307093491336e-07	0.0015232456148515513	0.000846322777455017	1.692307093491336e-07	0.0013540149055024178	0.0011847841961532843	0.000846322777455017	0.0030463219989937534	1.692307093491336e-07	0.0001693999400584827	0.000846322777455017	0.0006770920681058834	0.0005078613587567499	0.0005078613587567499	0.0001693999400584827	0.0005078613587567499	0.0003386306494076163	0.0001693999400584827	1.692307093491336e-07	1.692307093491336e-07	1.692307093491336e-07	0.0001693999400584827	0.0010155534868041506	1.692307093491336e-07
5 4	2.1767082207521698e-07	2.1767082207521698e-07	2.1767082207521698e-07	2.1767082207521698e-07	2.1767082207521698e-07	2.1767082207521698e-07	2.1767082207521698e-07	2.1767082207521698e-07	2.1767082207521698e-07	2.1767082207521698e-07	2.1767082207521698e-07	2.1767082207521698e-07	2.1767082207521698e-07	0.00043555931497250914	2.1767082207521698e-07	2.1767082207521698e-07	2.1767082207521698e-07	2.1767082207521698e-07	2.1767082207521698e-07	2.1767082207521698e-07	0.0002178884928972922	2.1767082207521698e-07	2.1767082207521698e-07	2.1767082207521698e-07	2.1767082207521698e-07	0.00108857178119816	2.1767082207521698e-07	0.0002178884928972922	2.1767082207521698e-07	2.1767082207521698e-07	2.1767082207521698e-07	0.00043555931497250914	2.1767082207521698e-07	0.0002178884928972922	0.00108857178119816	2.1767082207521698e-07	2.1767082207521698e-07	0.001306242603273377	0.0002178884928972922	0.001306242603273377	0.001306242603273377	0.0006532301370477261	0.0026122675357246787	0.005224317400627282	0.002176925891574245	0.04157534468718852	0.01784922508098987	0.019372920835516387	0.05768298552075457	0.3926783806945135	0.11362438679408533	0.03199782851587897	0.0914219629424132	0.081191434304878	0.0074010256213794525	0.022420312344569426	0.009577733842131623	0.001523913425348594	0.03373919509248071	0.004788975756476848	0.012407454529109444	0.001959255069499028	0.000870900959122943	0.0028299383577998958	0.004788975756476848	0.0002178884928972922	0.0002178884928972922	0.01414882110571118	0.00043555931497250914	0.00108857178119816	0.00108857178119816	0.00043555931497250914	2.1767082207521698e-07	0.001741584247423811	0.0002178884928972922	0.0006532301370477261	0.000870900959122943	2.1767082207521698e-07	2.1767082207521698e-07	0.006748013155153801	0.0006532301370477261	0.00043555931497250914	0.0006532301370477261	2.1767082207521698e-07	0.0002178884928972922	0.0002178884928972922	2.1767082207521698e-07	2.1767082207521698e-07	0.00108857178119816	2.1767082207521698e-07	2.1767082207521698e-07	0.0002178884928972922	0.00043555931497250914
5 5	5.376075282257394e-07	0.000538145135753965	0.000538145135753965	5.376075282257394e-07	0.0016133601922054437	5.376075282257394e-07	5.376075282257394e-07	0.0021509677204311827	5.376075282257394e-07	5.376075282257394e-07	5.376075282257394e-07	0.005376612889785619	0.000538145135753965	0.017741586038977623	0.000538145135753965	5.376075282257394e-07	0.002688575248656922	0.016666370982526144	0.000538145135753965	5.376075282257394e-07	5.376075282257394e-07	5.376075282257394e-07	0.0016133601922054437	5.376075282257394e-07	5.376075282257394e-07	0.08870577976477523	0.0016133601922054437	5.376075282257394e-07	0.0021509677204311827	0.00483900536155988	0.005914220418011359	0.017741586038977623	0.046234785034941814	0.0075270430026885765	0.06558865605106844	0.004301397833334141	0.0032261827768826617	0.04247153233736164	0.013978333341397448	0.005376612889785619	0.0032261827768826617	0.0032261827768826617	0.006451827946237098	0.026343306490589455	0.01236551075672023	0.0069894354744628375	0.1623580111317015	0.0069894354744628375	0.01236551075672023	0.026343306490589455	0.006451827946237098	0.0032261827768826617	0.0032261827768826617	0.005376612889785619	0.013978333341397448	0.04247153233736164	0.0032261827768826617	0.004301397833334141	0.06558865605106844	0.0075270430026885765	0.046234785034941814	0.017741586038977623	0.005914220418011359	0.00483900536155988	0.0021509677204311827	5.376075282257394e-07	0.0016133601922054437	0.08870577976477523	5.376075282257394e-07	5.376075282257394e-07	0.0016133601922054437	5.376075282257394e-07	5.376075282257394e-07	5.376075282257394e-07	0.000538145135753965	0.016666370982526144	0.002688575248656922	5.376075282257394e-07	0.000538145135753965	0.017741586038977623	0.000538145135753965	0.005376612889785619	5.376075282257394e-07	5.376075282257394e-07	5.376075282257394e-07	0.0021509677204311827	5.376075282257394e-07	5.376075282257394e-07	0.0016133601922054437	5.376075282257394e-07	0.000538145135753965	0.000538145135753965	5.376075282257394e-07
### Output Prob 2nd Right
1 1	5.079728110600716e-08	0.0009144018571892348	0.00015244264059912748	5.079728110600716e-08	0.000660415451659199	5.079728110600716e-08	0.0004572263272351704	0.00030483448391714895	0.00010164535949312032	0.00010164535949312032	0.0005588208894471848	0.00015244264059912748	0.00030483448391714895	0.0014223746682493063	0.00010164535949312032	0.0002540372028111418	0.0005588208894471848	5.079728110600716e-08	0.001320780106037292	0.0008128072949772204	0.00010164535949312032	0.0006096181705531918	0.0011175909816132634	0.0004572263272351704	0.0004572263272351704	0.007924426649818224	5.084807838711316e-05	0.0011175909816132634	0.002235131165945421	0.0007112127327652062	0.0018287529170973637	0.002946293101429521	0.0017271583548853493	0.002641509414793478	0.011073858078390666	0.003708252318019629	0.0026923066958994854	0.022554043608348284	0.0032002795069595567	0.008330804898666281	0.028294136373327092	0.014883654161341202	0.021842881672864183	0.07568799964523178	0.02097932789406206	0.027278190751206948	0.45473731125825717	0.027278190751206948	0.02097932789406206	0.07568799964523178	0.021842881672864183	0.014883654161341202	0.028294136373327092	0.008330804898666281	0.0032002795069595567	0.022554043608348284	0.0026923066958994854	0.003708252318019629	0.011073858078390666	0.002641509414793478	0.0017271583548853493	0.002946293101429521	0.0018287529170973637	0.0007112127327652062	0.002235131165945421	0.0011175909816132634	5.084807838711316e-05	0.007924426649818224	0.0004572263272351704	0.0004572263272351704	0.0011175909816132634	0.0006096181705531918	0.00010164535949312032	0.0008128072949772204	0.001320780106037292	5.079728110600716e-08	0.0005588208894471848	0.0002540372028111418	0.00010164535949312032	0.0014223746682493063	0.00030483448391714895	0.00015244264059912748	0.0005588208894471848	0.00010164535949312032	0.00010164535949312032	0.00030483448391714895	0.0004572263272351704	5.079728110600716e-08	0.000660415451659199	5.079728110600716e-08	0.00015244264059912748	0.0009144018571892348	5.079728110600716e-08
1 2	9.684204858507472e-08	0.0003874650363888839	9.684204858507472e-08	9.684204858507472e-08	9.684204858507472e-08	9.693889063365979e-05	9.693889063365979e-05	9.693889063365979e-05	0.0001937809392187345	9.693889063365979e-05	0.0001937809392187345	9.684204858507472e-08	9.684204858507472e-08	0.0008716752793142574	9.684204858507472e-08	0.0001937809392187345	0.0004843070849739586	9.693889063365979e-05	0.0011622014250694816	0.001065359376484407	0.000677991182144108	0.0004843070849739586	0.0007748332307291828	0.000677991182144108	9.684204858507472e-08	0.0011622014250694816	9.693889063365979e-05	0.004067462882621723	0.0021306219109202286	0.0019369378137500792	0.001646411667994855	0.005229567465642619	0.0009685173278993322	0.0003874650363888839	0.009296933506215759	0.002614832153845602	0.0007748332307291828	0.008037986874609788	0.012299037012353074	0.001646411667994855	0.043966386899672506	0.02208008391944562	0.004551673125547096	0.022854820308126217	0.04028638905343966	0.009296933506215759	0.06294742842234714	0.03418533999257996	0.027019028397284428	0.13412633413237707	0.06265690227659193	0.04532217557986355	0.0876421508115412	0.055200064535541174	0.027987448883135174	0.09800425001014419	0.04077059929636504	0.01568850871283069	0.04716217450297997	0.01036219604065158	0.004939041319887395	0.009393775554800834	0.006294830000078442	0.0017432537165799297	0.004454831076962022	0.0025179901052605276	0.0011622014250694816	0.007166408437344115	0.0003874650363888839	0.0001937809392187345	0.0015495696194097804	0.0004843070849739586	0.0003874650363888839	0.0005811491335590333	0.0007748332307291828	9.684204858507472e-08	0.0011622014250694816	0.0014527275708247057	9.684204858507472e-08	0.0004843070849739586	0.0003874650363888839	9.693889063365979e-05	9.693889063365979e-05	0.0002906229878038092	9.693889063365979e-05	9.684204858507472e-08	0.0002906229878038092	9.684204858507472e-08	0.000677991182144108	9.684204858507472e-08	9.684204858507472e-08	0.0008716752793142574	9.684204858507472e-08
1 3	8.615130285987037e-05	8.606523762224813e-08	8.606523762224813e-08	8.606523762224813e-08	8.606523762224813e-08	8.606523762224813e-08	8.606523762224813e-08	8.615130285987037e-05	0.0001722165404821185	8.606523762224813e-08	0.00043041225334886286	8.606523762224813e-08	8.606523762224813e-08	0.000516477490971111	8.606523762224813e-08	8.606523762224813e-08	0.00034434701572661473	8.606523762224813e-08	0.0008607384414601035	0.000516477490971111	8.615130285987037e-05	0.0001722165404821185	0.00025828177810436665	8.615130285987037e-05	8.606523762224813e-08	0.0006886079662156072	8.606523762224813e-08	0.00043041225334886286	0.00043041225334886286	0.00025828177810436665	0.000516477490971111	0.0007746732038378554	0.00034434701572661473	0.0001722165404821185	0.003098434619638555	0.001118934154326848	0.0009468036790823516	0.002668108431527314	0.004131217471105533	0.002065651768171577	0.01067217553039639	0.0057664569859282476	0.00043041225334886286	0.008262348876973443	0.007659892213617707	0.0012910646295713442	0.05034825007425278	0.004991869847328014	0.010758240768018639	0.022377047847022134	0.06231131810374527	0.024270483074711593	0.19054852216089502	0.07393012518274877	0.02478687450044508	0.09226202079628762	0.052672011490053475	0.021258199757932913	0.12186846253834098	0.04991792388614154	0.018504112154020973	0.033909789688403386	0.02668030972813454	0.008176283639351195	0.011877088857107865	0.01531969836199779	0.001204999391949096	0.012393480282841355	0.001979586530549329	0.0006025427285933591	0.0023238474810383216	0.0010328689167045998	0.0008607384414601035	0.001118934154326848	0.00025828177810436665	0.00034434701572661473	0.0022377822434160735	0.00025828177810436665	8.615130285987037e-05	0.0006025427285933591	0.00034434701572661473	8.615130285987037e-05	0.0001722165404821185	0.00025828177810436665	8.615130285987037e-05	8.606523762224813e-08	8.615130285987037e-05	8.606523762224813e-08	8.615130285987037e-05	0.00043041225334886286	0.00025828177810436665	0.0006886079662156072	8.615130285987037e-05
1 4	1.4005419817360922e-07	0.0001401942523717828	1.4005419817360922e-07	1.4005419817360922e-07	1.4005419817360922e-07	1.4005419817360922e-07	1.4005419817360922e-07	1.4005419817360922e-07	0.000280248450545392	1.4005419817360922e-07	1.4005419817360922e-07	1.4005419817360922e-07	1.4005419817360922e-07	0.0015407362341078748	1.4005419817360922e-07	1.4005419817360922e-07	0.000280248450545392	1.4005419817360922e-07	0.0001401942523717828	1.4005419817360922e-07	1.4005419817360922e-07	1.4005419817360922e-07	1.4005419817360922e-07	0.0001401942523717828	1.4005419817360922e-07	0.000980519441413438	1.4005419817360922e-07	0.0001401942523717828	0.0001401942523717828	0.0004203026487190012	0.0007004110450662196	0.0004203026487190012	0.0001401942523717828	1.4005419817360922e-07	0.00420176599940645	0.000280248450545392	0.0001401942523717828	0.0015407362341078748	0.0007004110450662196	0.0004203026487190012	0.0019608988286287025	0.0014006820359342656	0.0007004110450662196	0.0075630667555730705	0.001120573639587047	0.0007004110450662196	0.02030799878937151	0.0018208446304550931	0.0022410072249759204	0.012745072087996611	0.010364150719045256	0.0057423621793161505	0.023109082752843693	0.019467673600329853	0.01330528888069105	0.12618897260862005	0.022969028554670083	0.026050220914489487	0.15630062521594604	0.04635807964966282	0.05546160253094742	0.1145644741602105	0.06554550479944728	0.025069841527274223	0.05602181932364186	0.09131547726339137	0.005322199584795323	0.04159623691176011	0.003921657603059231	0.0028012240176703575	0.006162524773836979	0.001680790432281484	0.003781603404885622	0.003081332414017576	0.0018208446304550931	1.4005419817360922e-07	0.0022410072249759204	0.000280248450545392	1.4005419817360922e-07	0.0005603568468926103	0.000280248450545392	0.000280248450545392	0.0005603568468926103	0.0004203026487190012	1.4005419817360922e-07	0.0007004110450662196	0.0004203026487190012	1.4005419817360922e-07	0.000280248450545392	0.0012606278377606565	0.0001401942523717828	0.001120573639587047	0.0001401942523717828
1 5	1.1604841679206664e-07	1.1604841679206664e-07	1.1604841679206664e-07	1.1604841679206664e-07	1.1604841679206664e-07	1.1604841679206664e-07	1.1604841679206664e-07	1.1604841679206664e-07	1.1604841679206664e-07	1.1604841679206664e-07	1.1604841679206664e-07	1.1604841679206664e-07	1.1604841679206664e-07	0.0001161644652088587	1.1604841679206664e-07	1.1604841679206664e-07	1.1604841679206664e-07	1.1604841679206664e-07	1.1604841679206664e-07	1.1604841679206664e-07	1.1604841679206664e-07	1.1604841679206664e-07	0.0001161644652088587	1.1604841679206664e-07	1.1604841679206664e-07	0.00034826129879299197	1.1604841679206664e-07	1.1604841679206664e-07	1.1604841679206664e-07	1.1604841679206664e-07	1.1604841679206664e-07	1.1604841679206664e-07	1.1604841679206664e-07	1.1604841679206664e-07	0.0001161644652088587	0.0001161644652088587	1.1604841679206664e-07	0.0009285033827533251	0.00023221288200092534	0.0001161644652088587	0.0013926970499215916	0.0001161644652088587	0.00023221288200092534	0.0011606002163374585	0.00023221288200092534	0.0001161644652088587	0.009167940974990057	0.001276648633129525	0.00034826129879299197	0.004642052720099457	0.0032494717185946576	0.0023210843842581246	0.006730924222356657	0.003945762219347057	0.001624793883505725	0.029824559163977915	0.005918585304812191	0.015434555481761656	0.1126831287535135	0.017523426984018854	0.042357788177521116	0.1105942572512563	0.030985043331898582	0.019264153235899854	0.08425126663945717	0.036091173670749516	0.01218519981158379	0.28408664035539594	0.007891408390277323	0.011024715643663124	0.026923348744176255	0.005918585304812191	0.01009632830932659	0.019264153235899854	0.007775359973485258	0.002901326468218458	0.01253334506195999	0.008935844141405924	0.0006964065491691919	0.009980279892534524	0.0010445517995453918	0.004293907469723257	0.0020889875506739913	0.003133423301802591	0.0004643097155850586	0.0024371328010501913	0.0024371328010501913	0.00034826129879299197	0.008239553640653523	0.0015087454667136583	0.0005803581323771252	0.005570440054435991	0.004061810636139124
2 1	9.684204858507472e-08	0.0008716752793142574	9.684204858507472e-08	9.684204858507472e-08	0.000677991182144108	9.684204858507472e-08	0.0002906229878038092	9.684204858507472e-08	9.693889063365979e-05	0.0002906229878038092	9.693889063365979e-05	9.693889063365979e-05	0.0003874650363888839	0.0004843070849739586	9.684204858507472e-08	0.0014527275708247057	0.0011622014250694816	9.684204858507472e-08	0.0007748332307291828	0.0005811491335590333	0.0003874650363888839	0.0004843070849739586	0.0015495696194097804	0.0001937809392187345	0.0003874650363888839	0.007166408437344115	0.0011622014250694816	0.0025179901052605276	0.004454831076962022	0.0017432537165799297	0.006294830000078442	0.009393775554800834	0.004939041319887395	0.01036219604065158	0.04716217450297997	0.01568850871283069	0.04077059929636504	0.09800425001014419	0.027987448883135174	0.055200064535541174	0.0876421508115412	0.04532217557986355	0.06265690227659193	0.13412633413237707	0.027019028397284428	0.03418533999257996	0.06294742842234714	0.009296933506215759	0.04028638905343966	0.022854820308126217	0.004551673125547096	0.02208008391944562	0.043966386899672506	0.001646411667994855	0.012299037012353074	0.008037986874609788	0.0007748332307291828	0.002614832153845602	0.009296933506215759	0.0003874650363888839	0.0009685173278993322	0.005229567465642619	0.001646411667994855	0.0019369378137500792	0.0021306219109202286	0.004067462882621723	9.693889063365979e-05	0.0011622014250694816	9.684204858507472e-08	0.000677991182144108	0.0007748332307291828	0.0004843070849739586	0.000677991182144108	0.001065359376484407	0.0011622014250694816	9.693889063365979e-05	0.0004843070849739586	0.0001937809392187345	9.684204858507472e-08	0.0008716752793142574	9.684204858507472e-08	9.684204858507472e-08	0.0001937809392187345	9.693889063365979e-05	0.0001937809392187345	9.693889063365979e-05	9.693889063365979e-05	9.693889063365979e-05	9.684204858507472e-08	9.684204858507472e-08	9.684204858507472e-08	0.0003874650363888839	9.684204858507472e-08
2 2	0.00017205365425710696	0.00017205365425710696	8.5983835210948e-08	8.606981904615894e-05	0.000258037489468055	8.5983835210948e-08	8.5983835210948e-08	0.000258037489468055	8.5983835210948e-08	8.606981904615894e-05	0.00017205365425710696	8.606981904615894e-05	0.000258037489468055	0.000258037489468055	8.5983835210948e-08	8.5983835210948e-08	0.001117875841577535	8.5983835210948e-08	0.00034402132467900294	0.00017205365425710696	8.606981904615894e-05	8.5983835210948e-08	8.606981904615894e-05	0.000773940500733743	0.00043000515988995096	0.004557229250015455	0.00034402132467900294	0.000945908171155639	0.0014618111824213269	0.0005159889951008989	0.001289843511999431	0.002665584875374599	0.0014618111824213269	0.001977714193687015	0.008340517999297168	0.003955342403538819	0.003353455557062183	0.012725693595055517	0.008082566493664324	0.006276905954234416	0.0327599271992064	0.020550222599251784	0.01212380674857888	0.03215804035272976	0.018228659048556188	0.006276905954234416	0.6302615980800841	0.006276905954234416	0.018228659048556188	0.03215804035272976	0.01212380674857888	0.020550222599251784	0.0327599271992064	0.006276905954234416	0.008082566493664324	0.012725693595055517	0.003353455557062183	0.003955342403538819	0.008340517999297168	0.001977714193687015	0.0014618111824213269	0.002665584875374599	0.001289843511999431	0.0005159889951008989	0.0014618111824213269	0.000945908171155639	0.00034402132467900294	0.004557229250015455	0.00043000515988995096	0.000773940500733743	8.606981904615894e-05	8.5983835210948e-08	8.606981904615894e-05	0.00017205365425710696	0.00034402132467900294	8.5983835210948e-08	0.001117875841577535	8.5983835210948e-08	8.5983835210948e-08	0.000258037489468055	0.000258037489468055	8.606981904615894e-05	0.00017205365425710696	8.606981904615894e-05	8.5983835210948e-08	0.000258037489468055	8.5983835210948e-08	8.5983835210948e-08	0.000258037489468055	8.606981904615894e-05	8.5983835210948e-08	0.00017205365425710696	0.00017205365425710696
2 3	1.634763440738926e-07	1.634763440738926e-07	1.634763440738926e-07	1.634763440738926e-07	0.00032711616449185906	1.634763440738926e-07	1.634763440738926e-07	0.00016363982041796648	1.634763440738926e-07	1.634763440738926e-07	0.00016363982041796648	1.634763440738926e-07	1.634763440738926e-07	1.634763440738926e-07	1.634763440738926e-07	0.00016363982041796648	0.00016363982041796648	1.634763440738926e-07	0.00016363982041796648	0.00016363982041796648	1.634763440738926e-07	1.634763440738926e-07	1.634763440738926e-07	0.00016363982041796648	1.634763440738926e-07	0.0006540688526396442	0.00032711616449185906	0.0013079742289352145	0.001144497884861322	0.0006540688526396442	0.0021253559493046776	0.005231406486708636	0.002615784981526355	0.0006540688526396442	0.01291479465818159	0.0016349269170829997	0.005231406486708636	0.004904453798560852	0.01291479465818159	0.008173980680038703	0.06097683981590601	0.026483331216314673	0.011443507561516556	0.019453848421137294	0.01781908498039837	0.030897192506309776	0.09350863228661063	0.03874405702185662	0.06506374841775332	0.23507914625460163	0.05280302261221138	0.056236025837763125	0.05607254949368923	0.04855263766629017	0.020271230141506755	0.03678234089296991	0.007193122615595348	0.008991362400408166	0.01602084519558555	0.0029427376696741403	0.003760119390043603	0.004904453798560852	0.0032696903578219253	0.0016349269170829997	0.001961879605230785	0.0013079742289352145	0.0021253559493046776	0.0032696903578219253	0.00032711616449185906	0.0008175451967135368	0.0008175451967135368	0.0009810215407874293	0.0006540688526396442	0.0004905925085657517	0.0006540688526396442	0.00032711616449185906	0.0024523086374524626	0.00032711616449185906	1.634763440738926e-07	0.00016363982041796648	0.00032711616449185906	1.634763440738926e-07	0.00032711616449185906	0.00016363982041796648	0.00016363982041796648	0.00032711616449185906	1.634763440738926e-07	0.00032711616449185906	0.0004905925085657517	0.00016363982041796648	1.634763440738926e-07	0.00016363982041796648	1.634763440738926e-07
2 4	1.5446179101844844e-07	1.5446179101844844e-07	1.5446179101844844e-07	1.5446179101844844e-07	1.5446179101844844e-07	1.5446179101844844e-07	1.5446179101844844e-07	1.5446179101844844e-07	1.5446179101844844e-07	1.5446179101844844e-07	0.0003090780438279153	1.5446179101844844e-07	0.00015461625280946685	1.5446179101844844e-07	1.5446179101844844e-07	1.5446179101844844e-07	1.5446179101844844e-07	1.5446179101844844e-07	1.5446179101844844e-07	1.5446179101844844e-07	1.5446179101844844e-07	1.5446179101844844e-07	1.5446179101844844e-07	1.5446179101844844e-07	1.5446179101844844e-07	0.00015461625280946685	1.5446179101844844e-07	0.00015461625280946685	0.000926925207901709	1.5446179101844844e-07	0.00015461625280946685	0.0013903105809570542	0.0012358487899386057	0.000926925207901709	0.010040170877990168	0.00015461625280946685	0.0006180016258648121	0.0006180016258648121	0.005251855356418265	0.0026260049091046413	0.017299875055857245	0.008650014758824131	0.0018536959540123995	0.009422323713916372	0.0015447723719755027	0.003089390282159987	0.03707098430621864	0.003861699237252229	0.034136210276868126	0.026258658934927254	0.053289472363155725	0.10163601295193009	0.2744787571015739	0.055297475646395554	0.05189931624398969	0.1207892750382177	0.03521744281399726	0.019925725503170868	0.04201376161880899	0.014365101026506724	0.012048174161229996	0.013592792071414481	0.006333087893547404	0.004325084610307574	0.005251855356418265	0.0018536959540123995	0.000926925207901709	0.004942931774381368	0.00046353983484636376	0.0010813869989201575	0.0012358487899386057	0.00046353983484636376	0.0007724634168832606	0.0018536959540123995	0.00046353983484636376	0.0006180016258648121	0.0013903105809570542	0.0007724634168832606	0.00046353983484636376	0.0006180016258648121	1.5446179101844844e-07	1.5446179101844844e-07	0.0003090780438279153	0.00046353983484636376	1.5446179101844844e-07	0.00046353983484636376	0.000926925207901709	1.5446179101844844e-07	0.0006180016258648121	1.5446179101844844e-07	1.5446179101844844e-07	1.5446179101844844e-07	0.000926925207901709
2 5	9.811527426211672e-08	9.811527426211672e-08	9.811527426211672e-08	9.821338953637882e-05	9.811527426211672e-08	9.811527426211672e-08	9.811527426211672e-08	9.811527426211672e-08	9.811527426211672e-08	9.811527426211672e-08	9.811527426211672e-08	9.811527426211672e-08	9.811527426211672e-08	9.821338953637882e-05	9.811527426211672e-08	9.811527426211672e-08	9.821338953637882e-05	9.811527426211672e-08	9.811527426211672e-08	9.811527426211672e-08	9.811527426211672e-08	9.811527426211672e-08	9.811527426211672e-08	9.821338953637882e-05	9.811527426211672e-08	0.00019632866379849554	9.811527426211672e-08	9.821338953637882e-05	9.811527426211672e-08	0.00019632866379849554	9.811527426211672e-08	0.00019632866379849554	9.821338953637882e-05	0.00019632866379849554	0.0011774814064196627	9.811527426211672e-08	9.811527426211672e-08	0.002354864697565063	0.0006869050351090791	0.0006869050351090791	0.0011774814064196627	0.0008831355836333125	0.0019624036005165962	0.002354864697565063	0.0005887897608469623	0.0011774814064196627	0.011087124106893451	0.0007850203093711958	0.003826593811496814	0.007947435330505716	0.00274732579461353	0.020898651533105123	0.018151423853765853	0.009811625541485933	0.029140334571122924	0.1453088192974691	0.015109850351640237	0.05828057102697159	0.18416246790526733	0.041699089676673864	0.060046645963689686	0.06760152208187267	0.02717802908588059	0.023842109760968625	0.03492913575258781	0.008732357524602651	0.0051020923769043314	0.07584320511989048	0.007162513136408782	0.005592668748214915	0.011283354655417684	0.002354864697565063	0.007162513136408782	0.011087124106893451	0.011381469929679802	0.0026492105203514134	0.01530608090016447	0.007653089507719367	0.00333601744018623	0.014913619803116004	0.0008831355836333125	0.0034341327144483467	0.00274732579461353	0.0019624036005165962	0.0017661730519923627	0.0022567494233029462	0.0004906744865848456	0.0011774814064196627	0.005592668748214915	0.0005887897608469623	0.0028454410688756467	0.006377590942311849	0.00333601744018623
3 1	8.615130285987036e-05	0.0006886079662156071	0.0002582817781043666	0.0004304122533488628	8.615130285987036e-05	8.606523762224812e-08	8.615130285987036e-05	8.606523762224812e-08	8.615130285987036e-05	0.0002582817781043666	0.00017221654048211847	8.615130285987036e-05	0.0003443470157266147	0.000602542728593359	8.615130285987036e-05	0.0002582817781043666	0.002237782243416073	0.0003443470157266147	0.0002582817781043666	0.0011189341543268478	0.0008607384414601034	0.0010328689167045995	0.002323847481038321	0.000602542728593359	0.0019795865305493286	0.012393480282841351	0.0012049993919490958	0.015319698361997787	0.011877088857107863	0.008176283639351195	0.026680309728134538	0.03390978968840338	0.01850411215402097	0.04991792388614153	0.12186846253834095	0.02125819975793291	0.05267201149005347	0.0922620207962876	0.024786874500445078	0.07393012518274876	0.190548522160895	0.02427048307471159	0.06231131810374526	0.02237704784702213	0.010758240768018637	0.004991869847328013	0.05034825007425277	0.001291064629571344	0.007659892213617706	0.008262348876973443	0.0004304122533488628	0.005766456985928247	0.010672175530396389	0.002065651768171577	0.004131217471105532	0.0026681084315273136	0.0009468036790823515	0.0011189341543268478	0.003098434619638554	0.00017221654048211847	0.0003443470157266147	0.0007746732038378553	0.0005164774909711109	0.0002582817781043666	0.0004304122533488628	0.0004304122533488628	8.606523762224812e-08	0.0006886079662156071	8.606523762224812e-08	8.615130285987036e-05	0.0002582817781043666	0.00017221654048211847	8.615130285987036e-05	0.0005164774909711109	0.0008607384414601034	8.606523762224812e-08	0.0003443470157266147	8.606523762224812e-08	8.606523762224812e-08	0.0005164774909711109	8.606523762224812e-08	8.606523762224812e-08	0.0004304122533488628	8.606523762224812e-08	0.00017221654048211847	8.615130285987036e-05	8.606523762224812e-08	8.606523762224812e-08	8.606523762224812e-08	8.606523762224812e-08	8.606523762224812e-08	8.606523762224812e-08	8.615130285987036e-05
3 2	1.6347634407389264e-07	0.0001636398204179665	1.6347634407389264e-07	0.0001636398204179665	0.0004905925085657518	0.00032711616449185917	1.6347634407389264e-07	0.00032711616449185917	0.0001636398204179665	0.0001636398204179665	0.00032711616449185917	1.6347634407389264e-07	0.00032711616449185917	0.0001636398204179665	1.6347634407389264e-07	0.00032711616449185917	0.0024523086374524635	0.00032711616449185917	0.0006540688526396444	0.0004905925085657518	0.0006540688526396444	0.0009810215407874297	0.000817545196713537	0.000817545196713537	0.00032711616449185917	0.003269690357821926	0.002125355949304678	0.001307974228935215	0.0019618796052307853	0.0016349269170830003	0.003269690357821926	0.0049044537985608525	0.0037601193900436043	0.002942737669674141	0.016020845195585554	0.00899136240040817	0.00719312261559535	0.03678234089296992	0.020271230141506762	0.048552637666290185	0.05607254949368925	0.05623602583776314	0.05280302261221139	0.2350791462546017	0.06506374841775334	0.03874405702185663	0.09350863228661066	0.030897192506309783	0.017819084980398373	0.019453848421137298	0.01144350756151656	0.026483331216314684	0.06097683981590603	0.008173980680038705	0.012914794658181593	0.0049044537985608525	0.005231406486708638	0.0016349269170830003	0.012914794658181593	0.0006540688526396444	0.0026157849815263558	0.005231406486708638	0.002125355949304678	0.0006540688526396444	0.0011444978848613224	0.001307974228935215	0.00032711616449185917	0.0006540688526396444	1.6347634407389264e-07	0.0001636398204179665	1.6347634407389264e-07	1.6347634407389264e-07	1.6347634407389264e-07	0.0001636398204179665	0.0001636398204179665	1.6347634407389264e-07	0.0001636398204179665	0.0001636398204179665	1.6347634407389264e-07	1.6347634407389264e-07	1.6347634407389264e-07	1.6347634407389264e-07	0.0001636398204179665	1.6347634407389264e-07	1.6347634407389264e-07	0.0001636398204179665	1.6347634407389264e-07	1.6347634407389264e-07	0.00032711616449185917	1.6347634407389264e-07	1.6347634407389264e-07	1.6347634407389264e-07	1.6347634407389264e-07
3 3	1.393127673324934e-07	1.393127673324934e-07	1.393127673324934e-07	1.393127673324934e-07	0.0001394520800998259	1.393127673324934e-07	1.393127673324934e-07	1.393127673324934e-07	0.0001394520800998259	1.393127673324934e-07	0.0001394520800998259	0.0001394520800998259	0.0002787648474323193	0.0002787648474323193	1.393127673324934e-07	1.393127673324934e-07	0.0002787648474323193	0.0001394520800998259	0.0002787648474323193	1.393127673324934e-07	0.0001394520800998259	1.393127673324934e-07	1.393127673324934e-07	0.0001394520800998259	1.393127673324934e-07	0.0018112052880897467	0.0001394520800998259	0.0006967031494297995	0.0008360159167622929	0.0001394520800998259	0.0004180776147648127	0.0026470818920847072	0.0005573903820973061	0.0006967031494297995	0.004318835100074628	0.0025077691247522137	0.0018112052880897467	0.010030658560706859	0.005433337238734575	0.005154711704069588	0.013931416046016675	0.010309284095371846	0.010169971328039352	0.030788260893248376	0.012677601140024234	0.008219592585384444	0.749224202026917	0.008219592585384444	0.012677601140024234	0.030788260893248376	0.010169971328039352	0.010309284095371846	0.013931416046016675	0.005154711704069588	0.005433337238734575	0.010030658560706859	0.0018112052880897467	0.0025077691247522137	0.004318835100074628	0.0006967031494297995	0.0005573903820973061	0.0026470818920847072	0.0004180776147648127	0.0001394520800998259	0.0008360159167622929	0.0006967031494297995	0.0001394520800998259	0.0018112052880897467	1.393127673324934e-07	0.0001394520800998259	1.393127673324934e-07	1.393127673324934e-07	0.0001394520800998259	1.393127673324934e-07	0.0002787648474323193	0.0001394520800998259	0.0002787648474323193	1.393127673324934e-07	1.393127673324934e-07	0.0002787648474323193	0.0002787648474323193	0.0001394520800998259	0.0001394520800998259	1.393127673324934e-07	0.0001394520800998259	1.393127673324934e-07	1.393127673324934e-07	1.393127673324934e-07	0.0001394520800998259	1.393127673324934e-07	1.393127673324934e-07	1.393127673324934e-07	1.393127673324934e-07
3 4	2.6808983046803386e-07	2.6808983046803386e-07	2.6808983046803386e-07	2.6808983046803386e-07	0.00026835792029850184	2.6808983046803386e-07	2.6808983046803386e-07	2.6808983046803386e-07	2.6808983046803386e-07	2.6808983046803386e-07	0.00026835792029850184	2.6808983046803386e-07	2.6808983046803386e-07	2.6808983046803386e-07	2.6808983046803386e-07	2.6808983046803386e-07	2.6808983046803386e-07	2.6808983046803386e-07	2.6808983046803386e-07	2.6808983046803386e-07	2.6808983046803386e-07	2.6808983046803386e-07	2.6808983046803386e-07	2.6808983046803386e-07	2.6808983046803386e-07	0.0005364477507665358	2.6808983046803386e-07	0.00026835792029850184	0.0026811663945108064	2.6808983046803386e-07	2.6808983046803386e-07	0.0008045375812345696	0.0008045375812345696	2.6808983046803386e-07	0.003753525716382942	0.0005364477507665358	0.0013407172421706372	0.0048258850382550764	0.001608807072638671	0.003217346055446874	0.017694196900720705	0.007506783342935416	0.01340475961323216	0.03404767655927077	0.00991959181714772	0.022519813849145313	0.07452924095994387	0.05576295282718151	0.10348294265049153	0.3431552510889138	0.06648654604590286	0.06085665960607416	0.04637980876080033	0.03940947316863144	0.010991951139019856	0.026273071475697785	0.005898244360127212	0.00294925622497884	0.010455771478083787	0.002144986733574739	0.00294925622497884	0.003753525716382942	0.00026835792029850184	0.002144986733574739	0.00026835792029850184	0.0013407172421706372	0.0008045375812345696	0.003753525716382942	0.0005364477507665358	0.0008045375812345696	0.002144986733574739	0.0010726274117026033	2.6808983046803386e-07	0.0005364477507665358	0.0005364477507665358	0.0005364477507665358	0.00026835792029850184	0.0005364477507665358	2.6808983046803386e-07	0.00026835792029850184	0.0005364477507665358	2.6808983046803386e-07	2.6808983046803386e-07	0.0005364477507665358	2.6808983046803386e-07	0.00026835792029850184	2.6808983046803386e-07	2.6808983046803386e-07	0.0008045375812345696	0.00026835792029850184	2.6808983046803386e-07	0.00026835792029850184	2.6808983046803386e-07
3 5	1.77806448079717e-07	1.77806448079717e-07	1.77806448079717e-07	1.77806448079717e-07	1.77806448079717e-07	1.77806448079717e-07	1.77806448079717e-07	1.77806448079717e-07	1.77806448079717e-07	1.77806448079717e-07	0.00017798425452779672	1.77806448079717e-07	1.77806448079717e-07	1.77806448079717e-07	1.77806448079717e-07	1.77806448079717e-07	1.77806448079717e-07	1.77806448079717e-07	0.0003557907026075137	0.0003557907026075137	1.77806448079717e-07	1.77806448079717e-07	1.77806448079717e-07	0.00017798425452779672	0.0003557907026075137	0.0007114035987669477	0.00017798425452779672	0.00017798425452779672	1.77806448079717e-07	0.00017798425452779672	0.00017798425452779672	0.0005335971506872307	0.0003557907026075137	0.0012448229430060986	0.0014226293910858158	0.00017798425452779672	0.0005335971506872307	0.002133855183404684	1.77806448079717e-07	0.0014226293910858158	0.005867790593078741	0.0005335971506872307	0.009601726002752798	0.007823661521955627	0.0014226293910858158	0.006934629281557043	0.03093849977231884	0.0037341132161221365	0.029338241739601388	0.03324998359735516	0.030049467531920254	0.08765875670974856	0.23754959244095	0.036628306110869785	0.06863346676521884	0.13868920730862735	0.02329282250489101	0.012980048516267422	0.056898241191957515	0.011024177587390533	0.008712693762354213	0.019736693543296668	0.007468048625796193	0.011024177587390533	0.013335661412426857	0.006756822833477325	0.0010670164949263816	0.029338241739601388	0.008179274418115062	0.0007114035987669477	0.004800951904600438	0.0012448229430060986	0.0028450809757235513	0.0035563067680424196	0.006579016385397609	0.0003557907026075137	0.00533437124883959	0.004445339008441004	0.0005335971506872307	0.008179274418115062	0.0005335971506872307	0.0005335971506872307	0.00017798425452779672	0.00017798425452779672	0.0003557907026075137	0.001956048735324967	1.77806448079717e-07	0.0008892100468466647	0.0024894680795641178	1.77806448079717e-07	0.0003557907026075137	0.003911919664201853	0.0008892100468466647
4 1	0.00014019425237178282	0.0011205736395870473	0.00014019425237178282	0.0012606278377606565	0.00028024845054539204	1.4005419817360922e-07	0.00042030264871900126	0.0007004110450662197	1.4005419817360922e-07	0.00042030264871900126	0.0005603568468926104	0.00028024845054539204	0.00028024845054539204	0.0005603568468926104	1.4005419817360922e-07	0.00028024845054539204	0.002241007224975921	1.4005419817360922e-07	0.0018208446304550936	0.0030813324140175763	0.0037816034048856226	0.0016807904322814842	0.006162524773836979	0.002801224017670358	0.003921657603059231	0.041596236911760114	0.005322199584795324	0.09131547726339138	0.056021819323641864	0.025069841527274227	0.06554550479944729	0.11456447416021051	0.055461602530947424	0.04635807964966283	0.15630062521594607	0.02605022091448949	0.022969028554670087	0.12618897260862008	0.013305288880691052	0.019467673600329857	0.023109082752843697	0.005742362179316151	0.010364150719045256	0.012745072087996613	0.002241007224975921	0.0018208446304550936	0.020307998789371513	0.0007004110450662197	0.0011205736395870473	0.007563066755573071	0.0007004110450662197	0.0014006820359342659	0.0019608988286287025	0.00042030264871900126	0.0007004110450662197	0.001540736234107875	0.00014019425237178282	0.00028024845054539204	0.0042017659994064505	1.4005419817360922e-07	0.00014019425237178282	0.00042030264871900126	0.0007004110450662197	0.00042030264871900126	0.00014019425237178282	0.00014019425237178282	1.4005419817360922e-07	0.0009805194414134381	1.4005419817360922e-07	0.00014019425237178282	1.4005419817360922e-07	1.4005419817360922e-07	1.4005419817360922e-07	1.4005419817360922e-07	0.00014019425237178282	1.4005419817360922e-07	0.00028024845054539204	1.4005419817360922e-07	1.4005419817360922e-07	0.001540736234107875	1.4005419817360922e-07	1.4005419817360922e-07	1.4005419817360922e-07	1.4005419817360922e-07	0.00028024845054539204	1.4005419817360922e-07	1.4005419817360922e-07	1.4005419817360922e-07	1.4005419817360922e-07	1.4005419817360922e-07	1.4005419817360922e-07	0.00014019425237178282	1.4005419817360922e-07
4 2	0.000926925207901709	1.5446179101844844e-07	1.5446179101844844e-07	1.5446179101844844e-07	0.0006180016258648121	1.5446179101844844e-07	0.000926925207901709	0.00046353983484636376	1.5446179101844844e-07	0.00046353983484636376	0.0003090780438279153	1.5446179101844844e-07	1.5446179101844844e-07	0.0006180016258648121	0.00046353983484636376	0.0007724634168832606	0.0013903105809570542	0.0006180016258648121	0.00046353983484636376	0.0018536959540123995	0.0007724634168832606	0.00046353983484636376	0.0012358487899386057	0.0010813869989201575	0.00046353983484636376	0.004942931774381368	0.000926925207901709	0.0018536959540123995	0.005251855356418265	0.004325084610307574	0.006333087893547404	0.013592792071414481	0.012048174161229996	0.014365101026506724	0.04201376161880899	0.019925725503170868	0.03521744281399726	0.1207892750382177	0.05189931624398969	0.055297475646395554	0.2744787571015739	0.10163601295193009	0.053289472363155725	0.026258658934927254	0.034136210276868126	0.003861699237252229	0.03707098430621864	0.003089390282159987	0.0015447723719755027	0.009422323713916372	0.0018536959540123995	0.008650014758824131	0.017299875055857245	0.0026260049091046413	0.005251855356418265	0.0006180016258648121	0.0006180016258648121	0.00015461625280946685	0.010040170877990168	0.000926925207901709	0.0012358487899386057	0.0013903105809570542	0.00015461625280946685	1.5446179101844844e-07	0.000926925207901709	0.00015461625280946685	1.5446179101844844e-07	0.00015461625280946685	1.5446179101844844e-07	1.5446179101844844e-07	1.5446179101844844e-07	1.5446179101844844e-07	1.5446179101844844e-07	1.5446179101844844e-07	1.5446179101844844e-07	1.5446179101844844e-07	1.5446179101844844e-07	1.5446179101844844e-07	1.5446179101844844e-07	1.5446179101844844e-07	0.00015461625280946685	1.5446179101844844e-07	0.0003090780438279153	1.5446179101844844e-07	1.5446179101844844e-07	1.5446179101844844e-07	1.5446179101844844e-07	1.5446179101844844e-07	1.5446179101844844e-07	1.5446179101844844e-07	1.5446179101844844e-07	1.5446179101844844e-07	1.5446179101844844e-07
4 3	2.680898304680339e-07	0.0002683579202985019	2.680898304680339e-07	0.0002683579202985019	0.0008045375812345696	2.680898304680339e-07	2.680898304680339e-07	0.0002683579202985019	2.680898304680339e-07	0.0005364477507665358	2.680898304680339e-07	2.680898304680339e-07	0.0005364477507665358	0.0002683579202985019	2.680898304680339e-07	0.0005364477507665358	0.0002683579202985019	0.0005364477507665358	0.0005364477507665358	0.0005364477507665358	2.680898304680339e-07	0.0010726274117026035	0.002144986733574739	0.0008045375812345696	0.0005364477507665358	0.0037535257163829423	0.0008045375812345696	0.0013407172421706372	0.0002683579202985019	0.002144986733574739	0.0002683579202985019	0.0037535257163829423	0.0029492562249788406	0.002144986733574739	0.010455771478083789	0.0029492562249788406	0.005898244360127213	0.02627307147569779	0.010991951139019856	0.03940947316863145	0.046379808760800334	0.060856659606074164	0.06648654604590287	0.3431552510889138	0.10348294265049154	0.055762952827181515	0.07452924095994388	0.022519813849145316	0.009919591817147721	0.034047676559270774	0.013404759613232162	0.0075067833429354166	0.017694196900720705	0.0032173460554468744	0.0016088070726386712	0.004825885038255077	0.0013407172421706372	0.0005364477507665358	0.0037535257163829423	2.680898304680339e-07	0.0008045375812345696	0.0008045375812345696	2.680898304680339e-07	2.680898304680339e-07	0.002681166394510807	0.0002683579202985019	2.680898304680339e-07	0.0005364477507665358	2.680898304680339e-07	2.680898304680339e-07	2.680898304680339e-07	2.680898304680339e-07	2.680898304680339e-07	2.680898304680339e-07	2.680898304680339e-07	2.680898304680339e-07	2.680898304680339e-07	2.680898304680339e-07	2.680898304680339e-07	2.680898304680339e-07	2.680898304680339e-07	2.680898304680339e-07	0.0002683579202985019	2.680898304680339e-07	2.680898304680339e-07	2.680898304680339e-07	2.680898304680339e-07	2.680898304680339e-07	0.0002683579202985019	2.680898304680339e-07	2.680898304680339e-07	2.680898304680339e-07	2.680898304680339e-07
4 4	2.788550101740248e-07	0.0008368438855322485	2.788550101740248e-07	2.788550101740248e-07	0.0011156988957062733	2.788550101740248e-07	2.788550101740248e-07	0.0008368438855322485	2.788550101740248e-07	2.788550101740248e-07	0.0005579888753582237	2.788550101740248e-07	2.788550101740248e-07	2.788550101740248e-07	2.788550101740248e-07	2.788550101740248e-07	2.788550101740248e-07	2.788550101740248e-07	0.0008368438855322485	2.788550101740248e-07	0.00027913386518419885	0.00027913386518419885	0.0005579888753582237	0.00027913386518419885	0.00027913386518419885	0.003067683966924447	2.788550101740248e-07	2.788550101740248e-07	0.0011156988957062733	0.00027913386518419885	0.00027913386518419885	0.0027888289567504225	0.0008368438855322485	0.0011156988957062733	0.0058562340686646955	0.001673408916054323	0.0008368438855322485	0.007808219139882869	0.0011156988957062733	0.0027888289567504225	0.01477959439423349	0.004740814027968596	0.01701043447562569	0.039597690299721704	0.016173869445103614	0.009202494190752994	0.7261387253481709	0.009202494190752994	0.016173869445103614	0.039597690299721704	0.01701043447562569	0.004740814027968596	0.01477959439423349	0.0027888289567504225	0.0011156988957062733	0.007808219139882869	0.0008368438855322485	0.001673408916054323	0.0058562340686646955	0.0011156988957062733	0.0008368438855322485	0.0027888289567504225	0.00027913386518419885	0.00027913386518419885	0.0011156988957062733	2.788550101740248e-07	2.788550101740248e-07	0.003067683966924447	0.00027913386518419885	0.00027913386518419885	0.0005579888753582237	0.00027913386518419885	0.00027913386518419885	2.788550101740248e-07	0.0008368438855322485	2.788550101740248e-07	2.788550101740248e-07	2.788550101740248e-07	2.788550101740248e-07	2.788550101740248e-07	2.788550101740248e-07	2.788550101740248e-07	0.0005579888753582237	2.788550101740248e-07	2.788550101740248e-07	0.0008368438855322485	2.788550101740248e-07	2.788550101740248e-07	0.0011156988957062733	2.788550101740248e-07	2.788550101740248e-07	0.0008368438855322485	2.788550101740248e-07
4 5	0.0002598587313442328	2.595991322120208e-07	2.595991322120208e-07	0.0002598587313442328	2.595991322120208e-07	2.595991322120208e-07	2.595991322120208e-07	2.595991322120208e-07	2.595991322120208e-07	0.0002598587313442328	0.0002598587313442328	2.595991322120208e-07	0.0002598587313442328	0.001038656127980295	2.595991322120208e-07	2.595991322120208e-07	0.0005194578635562536	2.595991322120208e-07	0.001038656127980295	2.595991322120208e-07	2.595991322120208e-07	2.595991322120208e-07	2.595991322120208e-07	2.595991322120208e-07	0.0007790569957682743	0.002336651789040399	2.595991322120208e-07	0.0002598587313442328	0.0002598587313442328	0.0002598587313442328	0.002336651789040399	0.0028558500534644404	0.0002598587313442328	0.0015578543924043367	0.0028558500534644404	2.595991322120208e-07	0.00259625092125242	0.003634647450100503	0.0005194578635562536	0.008826630094340919	0.006749837036644752	0.003894246582312524	0.03997852595978341	0.029334961539090564	0.006490237904432731	0.0547756764958686	0.050362491248264245	0.036863336373239165	0.11370467950799731	0.22896669421013455	0.047506900793932015	0.06619803831319751	0.06464044351992539	0.02907536240687854	0.017653000589549626	0.04179571988526756	0.008567030962128897	0.009865026623189001	0.026479371084758334	0.004673043978948585	0.0020770526568283784	0.005971039640008689	0.0018174535246163574	0.0018174535246163574	0.007269035301068793	0.001038656127980295	0.0002598587313442328	0.014018612738581335	0.0012982552601923157	0.0018174535246163574	0.007788233565492835	0.0005194578635562536	0.002336651789040399	0.0028558500534644404	0.006749837036644752	2.595991322120208e-07	0.00259625092125242	0.002336651789040399	0.0002598587313442328	0.007788233565492835	0.0005194578635562536	0.0005194578635562536	0.0005194578635562536	0.0007790569957682743	0.0002598587313442328	0.0012982552601923157	2.595991322120208e-07	2.595991322120208e-07	0.0028558500534644404	2.595991322120208e-07	2.595991322120208e-07	0.0015578543924043367	0.0002598587313442328
5 1	0.004061810636139124	0.005570440054435991	0.0005803581323771252	0.0015087454667136583	0.008239553640653523	0.00034826129879299197	0.0024371328010501913	0.0024371328010501913	0.0004643097155850586	0.003133423301802591	0.0020889875506739913	0.004293907469723257	0.0010445517995453918	0.009980279892534524	0.0006964065491691919	0.008935844141405924	0.01253334506195999	0.002901326468218458	0.007775359973485258	0.019264153235899854	0.01009632830932659	0.005918585304812191	0.026923348744176255	0.011024715643663124	0.007891408390277323	0.28408664035539594	0.01218519981158379	0.036091173670749516	0.08425126663945717	0.019264153235899854	0.030985043331898582	0.1105942572512563	0.042357788177521116	0.017523426984018854	0.1126831287535135	0.015434555481761656	0.005918585304812191	0.029824559163977915	0.001624793883505725	0.003945762219347057	0.006730924222356657	0.0023210843842581246	0.0032494717185946576	0.004642052720099457	0.00034826129879299197	0.001276648633129525	0.009167940974990057	0.0001161644652088587	0.00023221288200092534	0.0011606002163374585	0.00023221288200092534	0.0001161644652088587	0.0013926970499215916	0.0001161644652088587	0.00023221288200092534	0.0009285033827533251	1.1604841679206664e-07	0.0001161644652088587	0.0001161644652088587	1.1604841679206664e-07	1.1604841679206664e-07	1.1604841679206664e-07	1.1604841679206664e-07	1.1604841679206664e-07	1.1604841679206664e-07	1.1604841679206664e-07	1.1604841679206664e-07	0.00034826129879299197	1.1604841679206664e-07	1.1604841679206664e-07	0.0001161644652088587	1.1604841679206664e-07	1.1604841679206664e-07	1.1604841679206664e-07	1.1604841679206664e-07	1.1604841679206664e-07	1.1604841679206664e-07	1.1604841679206664e-07	1.1604841679206664e-07	0.0001161644652088587	1.1604841679206664e-07	1.1604841679206664e-07	1.1604841679206664e-07	1.1604841679206664e-07	1.1604841679206664e-07	1.1604841679206664e-07	1.1604841679206664e-07	1.1604841679206664e-07	1.1604841679206664e-07	1.1604841679206664e-07	1.1604841679206664e-07	1.1604841679206664e-07	1.1604841679206664e-07
5 2	0.0033360174401862296	0.006377590942311848	0.0028454410688756463	0.0005887897608469622	0.005592668748214914	0.0011774814064196624	0.0004906744865848455	0.002256749423302946	0.0017661730519923625	0.001962403600516596	0.0027473257946135296	0.0034341327144483463	0.0008831355836333123	0.014913619803116	0.0033360174401862296	0.007653089507719365	0.015306080900164467	0.0026492105203514125	0.0113814699296798	0.01108712410689345	0.0071625131364087815	0.0023548646975650625	0.011283354655417683	0.005592668748214914	0.0071625131364087815	0.07584320511989047	0.00510209237690433	0.00873235752460265	0.034929135752587805	0.023842109760968618	0.027178029085880583	0.06760152208187266	0.06004664596368968	0.04169908967667386	0.1841624679052673	0.058280571026971574	0.015109850351640234	0.14530881929746908	0.02914033457112292	0.009811625541485932	0.018151423853765853	0.02089865153310512	0.0027473257946135296	0.007947435330505716	0.003826593811496813	0.0007850203093711956	0.01108712410689345	0.0011774814064196624	0.0005887897608469622	0.0023548646975650625	0.001962403600516596	0.0008831355836333123	0.0011774814064196624	0.000686905035109079	0.000686905035109079	0.0023548646975650625	9.81152742621167e-08	9.81152742621167e-08	0.0011774814064196624	0.0001963286637984955	9.82133895363788e-05	0.0001963286637984955	9.81152742621167e-08	0.0001963286637984955	9.81152742621167e-08	9.82133895363788e-05	9.81152742621167e-08	0.0001963286637984955	9.81152742621167e-08	9.82133895363788e-05	9.81152742621167e-08	9.81152742621167e-08	9.81152742621167e-08	9.81152742621167e-08	9.81152742621167e-08	9.81152742621167e-08	9.82133895363788e-05	9.81152742621167e-08	9.81152742621167e-08	9.82133895363788e-05	9.81152742621167e-08	9.81152742621167e-08	9.81152742621167e-08	9.81152742621167e-08	9.81152742621167e-08	9.81152742621167e-08	9.81152742621167e-08	9.81152742621167e-08	9.81152742621167e-08	9.82133895363788e-05	9.81152742621167e-08	9.81152742621167e-08	9.81152742621167e-08
5 3	0.000889210046846665	0.003911919664201855	0.0003557907026075138	1.7780644807971706e-07	0.0024894680795641186	0.000889210046846665	1.7780644807971706e-07	0.0019560487353249673	0.0003557907026075138	0.00017798425452779677	0.00017798425452779677	0.0005335971506872309	0.0005335971506872309	0.008179274418115064	0.0005335971506872309	0.004445339008441006	0.005334371248839591	0.0003557907026075138	0.0065790163853976106	0.0035563067680424204	0.002845080975723552	0.001244822943006099	0.00480095190460044	0.0007114035987669479	0.008179274418115064	0.029338241739601395	0.001067016494926382	0.006756822833477328	0.01333566141242686	0.011024177587390537	0.007468048625796196	0.019736693543296675	0.008712693762354215	0.011024177587390537	0.056898241191957535	0.012980048516267426	0.023292822504891016	0.13868920730862738	0.06863346676521886	0.0366283061108698	0.23754959244095009	0.08765875670974858	0.030049467531920265	0.03324998359735517	0.029338241739601395	0.003734113216122138	0.03093849977231885	0.0069346292815570445	0.0014226293910858162	0.00782366152195563	0.009601726002752801	0.0005335971506872309	0.005867790593078743	0.0014226293910858162	1.7780644807971706e-07	0.0021338551834046843	0.0005335971506872309	0.00017798425452779677	0.0014226293910858162	0.001244822943006099	0.0003557907026075138	0.0005335971506872309	0.00017798425452779677	0.00017798425452779677	1.7780644807971706e-07	0.00017798425452779677	0.00017798425452779677	0.0007114035987669479	0.0003557907026075138	0.00017798425452779677	1.7780644807971706e-07	1.7780644807971706e-07	1.7780644807971706e-07	0.0003557907026075138	0.0003557907026075138	1.7780644807971706e-07	1.7780644807971706e-07	1.7780644807971706e-07	1.7780644807971706e-07	1.7780644807971706e-07	1.7780644807971706e-07	1.7780644807971706e-07	0.00017798425452779677	1.7780644807971706e-07	1.7780644807971706e-07	1.7780644807971706e-07	1.7780644807971706e-07	1.7780644807971706e-07	1.7780644807971706e-07	1.7780644807971706e-07	1.7780644807971706e-07	1.7780644807971706e-07	1.7780644807971706e-07
5 4	0.00025985873134423286	0.001557854392404337	2.5959913221202087e-07	2.5959913221202087e-07	0.0028558500534644413	2.5959913221202087e-07	2.5959913221202087e-07	0.0012982552601923162	0.00025985873134423286	0.0007790569957682746	0.0005194578635562537	0.0005194578635562537	0.0005194578635562537	0.007788233565492837	0.00025985873134423286	0.0023366517890403993	0.0025962509212524203	2.5959913221202087e-07	0.006749837036644754	0.0028558500534644413	0.0023366517890403993	0.0005194578635562537	0.007788233565492837	0.0018174535246163579	0.0012982552601923162	0.014018612738581338	0.00025985873134423286	0.0010386561279802952	0.007269035301068795	0.0018174535246163579	0.0018174535246163579	0.005971039640008691	0.002077052656828379	0.004673043978948587	0.02647937108475834	0.009865026623189005	0.008567030962128899	0.04179571988526757	0.01765300058954963	0.02907536240687855	0.0646404435199254	0.06619803831319752	0.04750690079393203	0.2289666942101346	0.11370467950799734	0.03686333637323917	0.05036249124826426	0.05477567649586861	0.006490237904432733	0.02933496153909057	0.03997852595978343	0.0038942465823125247	0.006749837036644754	0.00882663009434092	0.0005194578635562537	0.0036346474501005037	0.0025962509212524203	2.5959913221202087e-07	0.0028558500534644413	0.001557854392404337	0.00025985873134423286	0.0028558500534644413	0.0023366517890403993	0.00025985873134423286	0.00025985873134423286	0.00025985873134423286	2.5959913221202087e-07	0.0023366517890403993	0.0007790569957682746	2.5959913221202087e-07	2.5959913221202087e-07	2.5959913221202087e-07	2.5959913221202087e-07	2.5959913221202087e-07	0.0010386561279802952	2.5959913221202087e-07	0.0005194578635562537	2.5959913221202087e-07	2.5959913221202087e-07	0.0010386561279802952	0.00025985873134423286	2.5959913221202087e-07	0.00025985873134423286	0.00025985873134423286	2.5959913221202087e-07	2.5959913221202087e-07	2.5959913221202087e-07	2.5959913221202087e-07	2.5959913221202087e-07	0.00025985873134423286	2.5959913221202087e-07	2.5959913221202087e-07	0.00025985873134423286
5 5	0.0020870127556854553	0.0004911556988116879	0.00012288099337928008	1.2275823514413597e-07	0.0030690786368385427	1.2275823514413597e-07	0.0006139139339558238	0.0004911556988116879	1.2275823514413597e-07	0.000368397463667552	0.00012288099337928008	0.0007366721690999598	0.00012288099337928008	0.0031918368719826787	0.00012288099337928008	0.0025780456962619987	0.0011049468745323676	0.0004911556988116879	0.0007366721690999598	0.0008594304042440958	0.000368397463667552	1.2275823514413597e-07	0.0007366721690999598	0.000368397463667552	0.0020870127556854553	0.014976627445819731	1.2275823514413597e-07	0.0013504633448206396	0.002455287461117863	0.00024563922852341604	0.0018414962853971835	0.001964254520541319	0.0025780456962619987	0.0012277051096765037	0.017309033913558314	0.002946320401694407	0.002946320401694407	0.028602791546818822	0.002455287461117863	0.007120100396595029	0.021237297438170665	0.010557330980630837	0.027866242135954008	0.07390058031500499	0.01620420979726109	0.02590211037364783	0.43088152811415237	0.02590211037364783	0.01620420979726109	0.07390058031500499	0.027866242135954008	0.010557330980630837	0.021237297438170665	0.007120100396595029	0.002455287461117863	0.028602791546818822	0.002946320401694407	0.002946320401694407	0.017309033913558314	0.0012277051096765037	0.0025780456962619987	0.001964254520541319	0.0018414962853971835	0.00024563922852341604	0.002455287461117863	0.0013504633448206396	1.2275823514413597e-07	0.014976627445819731	0.0020870127556854553	0.000368397463667552	0.0007366721690999598	1.2275823514413597e-07	0.000368397463667552	0.0008594304042440958	0.0007366721690999598	0.0004911556988116879	0.0011049468745323676	0.0025780456962619987	0.00012288099337928008	0.0031918368719826787	0.00012288099337928008	0.0007366721690999598	0.00012288099337928008	0.000368397463667552	1.2275823514413597e-07	0.0004911556988116879	0.0006139139339558238	1.2275823514413597e-07	0.0030690786368385427	1.2275823514413597e-07	0.00012288099337928008	0.0004911556988116879	0.0020870127556854553
### Output Prob 2nd Left
1 1	0.00015244264059912748	0.0009144018571892348	5.079728110600716e-08	5.079728110600716e-08	0.000660415451659199	5.079728110600716e-08	0.00010164535949312032	0.00030483448391714895	0.0004572263272351704	0.00015244264059912748	0.0005588208894471848	0.00010164535949312032	0.00010164535949312032	0.0014223746682493063	0.00030483448391714895	5.079728110600716e-08	0.0005588208894471848	0.0002540372028111418	0.00010164535949312032	0.0008128072949772204	0.001320780106037292	0.0004572263272351704	0.0011175909816132634	0.0006096181705531918	5.084807838711316e-05	0.007924426649818224	0.0004572263272351704	0.0007112127327652062	0.002235131165945421	0.0011175909816132634	0.0017271583548853493	0.002946293101429521	0.0018287529170973637	0.003708252318019629	0.011073858078390666	0.002641509414793478	0.0032002795069595567	0.022554043608348284	0.0026923066958994854	0.014883654161341202	0.028294136373327092	0.008330804898666281	0.02097932789406206	0.07568799964523178	0.021842881672864183	0.027278190751206948	0.45473731125825717	0.027278190751206948	0.021842881672864183	0.07568799964523178	0.02097932789406206	0.008330804898666281	0.028294136373327092	0.014883654161341202	0.0026923066958994854	0.022554043608348284	0.0032002795069595567	0.002641509414793478	0.011073858078390666	0.003708252318019629	0.0018287529170973637	0.002946293101429521	0.0017271583548853493	0.0011175909816132634	0.002235131165945421	0.0007112127327652062	0.0004572263272351704	0.007924426649818224	5.084807838711316e-05	0.0006096181705531918	0.0011175909816132634	0.0004572263272351704	0.001320780106037292	0.0008128072949772204	0.00010164535949312032	0.0002540372028111418	0.0005588208894471848	5.079728110600716e-08	0.00030483448391714895	0.0014223746682493063	0.00010164535949312032	0.00010164535949312032	0.0005588208894471848	0.00015244264059912748	0.0004572263272351704	0.00030483448391714895	0.00010164535949312032	5.079728110600716e-08	0.000660415451659199	5.079728110600716e-08	5.079728110600716e-08	0.0009144018571892348	0.00015244264059912748
1 2	9.684204858507472e-08	0.0008716752793142574	9.684204858507472e-08	9.684204858507472e-08	0.000677991182144108	9.684204858507472e-08	9.693889063365979e-05	9.684204858507472e-08	0.0002906229878038092	9.693889063365979e-05	9.693889063365979e-05	0.0002906229878038092	9.684204858507472e-08	0.0004843070849739586	0.0003874650363888839	9.684204858507472e-08	0.0011622014250694816	0.0014527275708247057	0.0003874650363888839	0.0005811491335590333	0.0007748332307291828	0.0001937809392187345	0.0015495696194097804	0.0004843070849739586	0.0011622014250694816	0.007166408437344115	0.0003874650363888839	0.0017432537165799297	0.004454831076962022	0.0025179901052605276	0.004939041319887395	0.009393775554800834	0.006294830000078442	0.01568850871283069	0.04716217450297997	0.01036219604065158	0.027987448883135174	0.09800425001014419	0.04077059929636504	0.04532217557986355	0.0876421508115412	0.055200064535541174	0.027019028397284428	0.13412633413237707	0.06265690227659193	0.009296933506215759	0.06294742842234714	0.03418533999257996	0.004551673125547096	0.022854820308126217	0.04028638905343966	0.001646411667994855	0.043966386899672506	0.02208008391944562	0.0007748332307291828	0.008037986874609788	0.012299037012353074	0.0003874650363888839	0.009296933506215759	0.002614832153845602	0.001646411667994855	0.005229567465642619	0.0009685173278993322	0.004067462882621723	0.0021306219109202286	0.0019369378137500792	9.684204858507472e-08	0.0011622014250694816	9.693889063365979e-05	0.0004843070849739586	0.0007748332307291828	0.000677991182144108	0.0011622014250694816	0.001065359376484407	0.000677991182144108	0.0001937809392187345	0.0004843070849739586	9.693889063365979e-05	9.684204858507472e-08	0.0008716752793142574	9.684204858507472e-08	9.693889063365979e-05	0.0001937809392187345	9.684204858507472e-08	9.693889063365979e-05	9.693889063365979e-05	0.0001937809392187345	9.684204858507472e-08	9.684204858507472e-08	9.693889063365979e-05	9.684204858507472e-08	0.0003874650363888839	9.684204858507472e-08
1 3	0.00025828177810436665	0.0006886079662156072	8.615130285987037e-05	8.606523762224813e-08	8.615130285987037e-05	0.00043041225334886286	8.615130285987037e-05	8.606523762224813e-08	8.615130285987037e-05	8.615130285987037e-05	0.0001722165404821185	0.00025828177810436665	8.615130285987037e-05	0.0006025427285933591	0.00034434701572661473	0.00034434701572661473	0.0022377822434160735	0.00025828177810436665	0.0008607384414601035	0.001118934154326848	0.00025828177810436665	0.0006025427285933591	0.0023238474810383216	0.0010328689167045998	0.001204999391949096	0.012393480282841355	0.001979586530549329	0.008176283639351195	0.011877088857107865	0.01531969836199779	0.018504112154020973	0.033909789688403386	0.02668030972813454	0.021258199757932913	0.12186846253834098	0.04991792388614154	0.02478687450044508	0.09226202079628762	0.052672011490053475	0.024270483074711593	0.19054852216089502	0.07393012518274877	0.010758240768018639	0.022377047847022134	0.06231131810374527	0.0012910646295713442	0.05034825007425278	0.004991869847328014	0.00043041225334886286	0.008262348876973443	0.007659892213617707	0.002065651768171577	0.01067217553039639	0.0057664569859282476	0.0009468036790823516	0.002668108431527314	0.004131217471105533	0.0001722165404821185	0.003098434619638555	0.001118934154326848	0.000516477490971111	0.0007746732038378554	0.00034434701572661473	0.00043041225334886286	0.00043041225334886286	0.00025828177810436665	8.606523762224813e-08	0.0006886079662156072	8.606523762224813e-08	0.0001722165404821185	0.00025828177810436665	8.615130285987037e-05	0.0008607384414601035	0.000516477490971111	8.615130285987037e-05	8.606523762224813e-08	0.00034434701572661473	8.606523762224813e-08	8.606523762224813e-08	0.000516477490971111	8.606523762224813e-08	8.606523762224813e-08	0.00043041225334886286	8.606523762224813e-08	8.606523762224813e-08	8.615130285987037e-05	0.0001722165404821185	8.606523762224813e-08	8.606523762224813e-08	8.606523762224813e-08	8.615130285987037e-05	8.606523762224813e-08	8.606523762224813e-08
1 4	0.00014019425237178282	0.0011205736395870473	0.00014019425237178282	1.4005419817360922e-07	0.00028024845054539204	0.0012606278377606565	1.4005419817360922e-07	0.0007004110450662197	0.00042030264871900126	0.00028024845054539204	0.0005603568468926104	0.00042030264871900126	1.4005419817360922e-07	0.0005603568468926104	0.00028024845054539204	1.4005419817360922e-07	0.002241007224975921	0.00028024845054539204	0.0037816034048856226	0.0030813324140175763	0.0018208446304550936	0.002801224017670358	0.006162524773836979	0.0016807904322814842	0.005322199584795324	0.041596236911760114	0.003921657603059231	0.025069841527274227	0.056021819323641864	0.09131547726339138	0.055461602530947424	0.11456447416021051	0.06554550479944729	0.02605022091448949	0.15630062521594607	0.04635807964966283	0.013305288880691052	0.12618897260862008	0.022969028554670087	0.005742362179316151	0.023109082752843697	0.019467673600329857	0.002241007224975921	0.012745072087996613	0.010364150719045256	0.0007004110450662197	0.020307998789371513	0.0018208446304550936	0.0007004110450662197	0.007563066755573071	0.0011205736395870473	0.00042030264871900126	0.0019608988286287025	0.0014006820359342659	0.00014019425237178282	0.001540736234107875	0.0007004110450662197	1.4005419817360922e-07	0.0042017659994064505	0.00028024845054539204	0.0007004110450662197	0.00042030264871900126	0.00014019425237178282	0.00014019425237178282	0.00014019425237178282	0.00042030264871900126	1.4005419817360922e-07	0.0009805194414134381	1.4005419817360922e-07	1.4005419817360922e-07	1.4005419817360922e-07	0.00014019425237178282	0.00014019425237178282	1.4005419817360922e-07	1.4005419817360922e-07	1.4005419817360922e-07	0.00028024845054539204	1.4005419817360922e-07	1.4005419817360922e-07	0.001540736234107875	1.4005419817360922e-07	1.4005419817360922e-07	1.4005419817360922e-07	1.4005419817360922e-07	1.4005419817360922e-07	1.4005419817360922e-07	0.00028024845054539204	1.4005419817360922e-07	1.4005419817360922e-07	1.4005419817360922e-07	1.4005419817360922e-07	0.00014019425237178282	1.4005419817360922e-07
1 5	0.0005803581323771252	0.005570440054435991	0.004061810636139124	0.00034826129879299197	0.008239553640653523	0.0015087454667136583	0.0004643097155850586	0.0024371328010501913	0.0024371328010501913	0.004293907469723257	0.0020889875506739913	0.003133423301802591	0.0006964065491691919	0.009980279892534524	0.0010445517995453918	0.002901326468218458	0.01253334506195999	0.008935844141405924	0.01009632830932659	0.019264153235899854	0.007775359973485258	0.011024715643663124	0.026923348744176255	0.005918585304812191	0.01218519981158379	0.28408664035539594	0.007891408390277323	0.019264153235899854	0.08425126663945717	0.036091173670749516	0.042357788177521116	0.1105942572512563	0.030985043331898582	0.015434555481761656	0.1126831287535135	0.017523426984018854	0.001624793883505725	0.029824559163977915	0.005918585304812191	0.0023210843842581246	0.006730924222356657	0.003945762219347057	0.00034826129879299197	0.004642052720099457	0.0032494717185946576	0.0001161644652088587	0.009167940974990057	0.001276648633129525	0.00023221288200092534	0.0011606002163374585	0.00023221288200092534	0.0001161644652088587	0.0013926970499215916	0.0001161644652088587	1.1604841679206664e-07	0.0009285033827533251	0.00023221288200092534	1.1604841679206664e-07	0.0001161644652088587	0.0001161644652088587	1.1604841679206664e-07	1.1604841679206664e-07	1.1604841679206664e-07	1.1604841679206664e-07	1.1604841679206664e-07	1.1604841679206664e-07	1.1604841679206664e-07	0.00034826129879299197	1.1604841679206664e-07	1.1604841679206664e-07	0.0001161644652088587	1.1604841679206664e-07	1.1604841679206664e-07	1.1604841679206664e-07	1.1604841679206664e-07	1.1604841679206664e-07	1.1604841679206664e-07	1.1604841679206664e-07	1.1604841679206664e-07	0.0001161644652088587	1.1604841679206664e-07	1.1604841679206664e-07	1.1604841679206664e-07	1.1604841679206664e-07	1.1604841679206664e-07	1.1604841679206664e-07	1.1604841679206664e-07	1.1604841679206664e-07	1.1604841679206664e-07	1.1604841679206664e-07	1.1604841679206664e-07	1.1604841679206664e-07	1.1604841679206664e-07
2 1	9.684204858507472e-08	0.0003874650363888839	9.684204858507472e-08	9.693889063365979e-05	9.684204858507472e-08	9.684204858507472e-08	0.0001937809392187345	9.693889063365979e-05	9.693889063365979e-05	9.684204858507472e-08	0.0001937809392187345	9.693889063365979e-05	9.684204858507472e-08	0.0008716752793142574	9.684204858507472e-08	9.693889063365979e-05	0.0004843070849739586	0.0001937809392187345	0.000677991182144108	0.001065359376484407	0.0011622014250694816	0.000677991182144108	0.0007748332307291828	0.0004843070849739586	9.693889063365979e-05	0.0011622014250694816	9.684204858507472e-08	0.0019369378137500792	0.0021306219109202286	0.004067462882621723	0.0009685173278993322	0.005229567465642619	0.001646411667994855	0.002614832153845602	0.009296933506215759	0.0003874650363888839	0.012299037012353074	0.008037986874609788	0.0007748332307291828	0.02208008391944562	0.043966386899672506	0.001646411667994855	0.04028638905343966	0.022854820308126217	0.004551673125547096	0.03418533999257996	0.06294742842234714	0.009296933506215759	0.06265690227659193	0.13412633413237707	0.027019028397284428	0.055200064535541174	0.0876421508115412	0.04532217557986355	0.04077059929636504	0.09800425001014419	0.027987448883135174	0.01036219604065158	0.04716217450297997	0.01568850871283069	0.006294830000078442	0.009393775554800834	0.004939041319887395	0.0025179901052605276	0.004454831076962022	0.0017432537165799297	0.0003874650363888839	0.007166408437344115	0.0011622014250694816	0.0004843070849739586	0.0015495696194097804	0.0001937809392187345	0.0007748332307291828	0.0005811491335590333	0.0003874650363888839	0.0014527275708247057	0.0011622014250694816	9.684204858507472e-08	0.0003874650363888839	0.0004843070849739586	9.684204858507472e-08	0.0002906229878038092	9.693889063365979e-05	9.693889063365979e-05	0.0002906229878038092	9.684204858507472e-08	9.693889063365979e-05	9.684204858507472e-08	0.000677991182144108	9.684204858507472e-08	9.684204858507472e-08	0.0008716752793142574	9.684204858507472e-08
2 2	8.598383521094799e-08	0.00017205365425710693	0.00017205365425710693	8.598383521094799e-08	0.0002580374894680549	8.606981904615893e-05	8.598383521094799e-08	0.0002580374894680549	8.598383521094799e-08	8.606981904615893e-05	0.00017205365425710693	8.606981904615893e-05	8.598383521094799e-08	0.0002580374894680549	0.0002580374894680549	8.598383521094799e-08	0.0011178758415775348	8.598383521094799e-08	8.606981904615893e-05	0.00017205365425710693	0.0003440213246790029	0.0007739405007337429	8.606981904615893e-05	8.598383521094799e-08	0.0003440213246790029	0.004557229250015454	0.00043000515988995085	0.0005159889951008988	0.0014618111824213267	0.0009459081711556388	0.0014618111824213267	0.0026655848753745987	0.0012898435119994309	0.003955342403538818	0.008340517999297166	0.0019777141936870146	0.008082566493664322	0.012725693595055515	0.0033534555570621824	0.02055022259925178	0.032759927199206396	0.006276905954234415	0.018228659048556185	0.03215804035272976	0.012123806748578879	0.006276905954234415	0.630261598080084	0.006276905954234415	0.012123806748578879	0.03215804035272976	0.018228659048556185	0.006276905954234415	0.032759927199206396	0.02055022259925178	0.0033534555570621824	0.012725693595055515	0.008082566493664322	0.0019777141936870146	0.008340517999297166	0.003955342403538818	0.0012898435119994309	0.0026655848753745987	0.0014618111824213267	0.0009459081711556388	0.0014618111824213267	0.0005159889951008988	0.00043000515988995085	0.004557229250015454	0.0003440213246790029	8.598383521094799e-08	8.606981904615893e-05	0.0007739405007337429	0.0003440213246790029	0.00017205365425710693	8.606981904615893e-05	8.598383521094799e-08	0.0011178758415775348	8.598383521094799e-08	0.0002580374894680549	0.0002580374894680549	8.598383521094799e-08	8.606981904615893e-05	0.00017205365425710693	8.606981904615893e-05	8.598383521094799e-08	0.0002580374894680549	8.598383521094799e-08	8.606981904615893e-05	0.0002580374894680549	8.598383521094799e-08	0.00017205365425710693	0.00017205365425710693	8.598383521094799e-08
2 3	1.6347634407389264e-07	0.0001636398204179665	1.6347634407389264e-07	0.00032711616449185917	0.0004905925085657518	0.0001636398204179665	0.0001636398204179665	0.00032711616449185917	1.6347634407389264e-07	1.6347634407389264e-07	0.00032711616449185917	0.0001636398204179665	1.6347634407389264e-07	0.0001636398204179665	0.00032711616449185917	0.00032711616449185917	0.0024523086374524635	0.00032711616449185917	0.0006540688526396444	0.0004905925085657518	0.0006540688526396444	0.000817545196713537	0.000817545196713537	0.0009810215407874297	0.002125355949304678	0.003269690357821926	0.00032711616449185917	0.0016349269170830003	0.0019618796052307853	0.001307974228935215	0.0037601193900436043	0.0049044537985608525	0.003269690357821926	0.00899136240040817	0.016020845195585554	0.002942737669674141	0.020271230141506762	0.03678234089296992	0.00719312261559535	0.05623602583776314	0.05607254949368925	0.048552637666290185	0.06506374841775334	0.2350791462546017	0.05280302261221139	0.030897192506309783	0.09350863228661066	0.03874405702185663	0.01144350756151656	0.019453848421137298	0.017819084980398373	0.008173980680038705	0.06097683981590603	0.026483331216314684	0.005231406486708638	0.0049044537985608525	0.012914794658181593	0.0006540688526396444	0.012914794658181593	0.0016349269170830003	0.002125355949304678	0.005231406486708638	0.0026157849815263558	0.001307974228935215	0.0011444978848613224	0.0006540688526396444	1.6347634407389264e-07	0.0006540688526396444	0.00032711616449185917	1.6347634407389264e-07	1.6347634407389264e-07	0.0001636398204179665	0.0001636398204179665	0.0001636398204179665	1.6347634407389264e-07	0.0001636398204179665	0.0001636398204179665	1.6347634407389264e-07	1.6347634407389264e-07	1.6347634407389264e-07	1.6347634407389264e-07	1.6347634407389264e-07	0.0001636398204179665	1.6347634407389264e-07	1.6347634407389264e-07	0.0001636398204179665	1.6347634407389264e-07	1.6347634407389264e-07	0.00032711616449185917	1.6347634407389264e-07	1.6347634407389264e-07	1.6347634407389264e-07	1.6347634407389264e-07
2 4	1.544617910184485e-07	1.544617910184485e-07	0.0009269252079017092	1.544617910184485e-07	0.0006180016258648123	1.544617910184485e-07	1.544617910184485e-07	0.00046353983484636387	0.0009269252079017092	1.544617910184485e-07	0.0003090780438279154	0.00046353983484636387	0.00046353983484636387	0.0006180016258648123	1.544617910184485e-07	0.0006180016258648123	0.0013903105809570547	0.0007724634168832608	0.0007724634168832608	0.0018536959540124002	0.00046353983484636387	0.0010813869989201577	0.0012358487899386062	0.00046353983484636387	0.0009269252079017092	0.004942931774381369	0.00046353983484636387	0.004325084610307575	0.005251855356418266	0.0018536959540124002	0.01204817416123	0.013592792071414485	0.006333087893547406	0.01992572550317087	0.042013761618809	0.014365101026506727	0.051899316243989704	0.12078927503821772	0.035217442813997274	0.10163601295193012	0.27447875710157393	0.05529747564639557	0.03413621027686813	0.02625865893492726	0.05328947236315574	0.0030893902821599877	0.037070984306218656	0.00386169923725223	0.0018536959540124002	0.009422323713916375	0.0015447723719755032	0.002626004909104642	0.01729987505585725	0.008650014758824133	0.0006180016258648123	0.0006180016258648123	0.005251855356418266	0.0009269252079017092	0.01004017087799017	0.0001546162528094669	0.0001546162528094669	0.0013903105809570547	0.0012358487899386062	0.0001546162528094669	0.0009269252079017092	1.544617910184485e-07	1.544617910184485e-07	0.0001546162528094669	1.544617910184485e-07	1.544617910184485e-07	1.544617910184485e-07	1.544617910184485e-07	1.544617910184485e-07	1.544617910184485e-07	1.544617910184485e-07	1.544617910184485e-07	1.544617910184485e-07	1.544617910184485e-07	0.0001546162528094669	1.544617910184485e-07	1.544617910184485e-07	1.544617910184485e-07	0.0003090780438279154	1.544617910184485e-07	1.544617910184485e-07	1.544617910184485e-07	1.544617910184485e-07	1.544617910184485e-07	1.544617910184485e-07	1.544617910184485e-07	1.544617910184485e-07	1.544617910184485e-07	1.544617910184485e-07
2 5	0.0028454410688756463	0.006377590942311848	0.0033360174401862296	0.0011774814064196624	0.005592668748214914	0.0005887897608469622	0.0017661730519923625	0.002256749423302946	0.0004906744865848455	0.0034341327144483463	0.0027473257946135296	0.001962403600516596	0.0033360174401862296	0.014913619803116	0.0008831355836333123	0.0026492105203514125	0.015306080900164467	0.007653089507719365	0.0071625131364087815	0.01108712410689345	0.0113814699296798	0.005592668748214914	0.011283354655417683	0.0023548646975650625	0.00510209237690433	0.07584320511989047	0.0071625131364087815	0.023842109760968618	0.034929135752587805	0.00873235752460265	0.06004664596368968	0.06760152208187266	0.027178029085880583	0.058280571026971574	0.1841624679052673	0.04169908967667386	0.02914033457112292	0.14530881929746908	0.015109850351640234	0.02089865153310512	0.018151423853765853	0.009811625541485932	0.003826593811496813	0.007947435330505716	0.0027473257946135296	0.0011774814064196624	0.01108712410689345	0.0007850203093711956	0.001962403600516596	0.0023548646975650625	0.0005887897608469622	0.000686905035109079	0.0011774814064196624	0.0008831355836333123	9.81152742621167e-08	0.0023548646975650625	0.000686905035109079	0.0001963286637984955	0.0011774814064196624	9.81152742621167e-08	9.81152742621167e-08	0.0001963286637984955	9.82133895363788e-05	9.82133895363788e-05	9.81152742621167e-08	0.0001963286637984955	9.81152742621167e-08	0.0001963286637984955	9.81152742621167e-08	9.81152742621167e-08	9.81152742621167e-08	9.82133895363788e-05	9.81152742621167e-08	9.81152742621167e-08	9.81152742621167e-08	9.81152742621167e-08	9.82133895363788e-05	9.81152742621167e-08	9.81152742621167e-08	9.82133895363788e-05	9.81152742621167e-08	9.81152742621167e-08	9.81152742621167e-08	9.81152742621167e-08	9.81152742621167e-08	9.81152742621167e-08	9.81152742621167e-08	9.82133895363788e-05	9.81152742621167e-08	9.81152742621167e-08	9.81152742621167e-08	9.81152742621167e-08	9.81152742621167e-08
3 1	8.606523762224813e-08	8.606523762224813e-08	8.615130285987037e-05	8.606523762224813e-08	8.606523762224813e-08	8.606523762224813e-08	0.0001722165404821185	8.615130285987037e-05	8.606523762224813e-08	8.606523762224813e-08	0.00043041225334886286	8.606523762224813e-08	8.606523762224813e-08	0.000516477490971111	8.606523762224813e-08	8.606523762224813e-08	0.00034434701572661473	8.606523762224813e-08	8.615130285987037e-05	0.000516477490971111	0.0008607384414601035	8.615130285987037e-05	0.00025828177810436665	0.0001722165404821185	8.606523762224813e-08	0.0006886079662156072	8.606523762224813e-08	0.00025828177810436665	0.00043041225334886286	0.00043041225334886286	0.00034434701572661473	0.0007746732038378554	0.000516477490971111	0.001118934154326848	0.003098434619638555	0.0001722165404821185	0.004131217471105533	0.002668108431527314	0.0009468036790823516	0.0057664569859282476	0.01067217553039639	0.002065651768171577	0.007659892213617707	0.008262348876973443	0.00043041225334886286	0.004991869847328014	0.05034825007425278	0.0012910646295713442	0.06231131810374527	0.022377047847022134	0.010758240768018639	0.07393012518274877	0.19054852216089502	0.024270483074711593	0.052672011490053475	0.09226202079628762	0.02478687450044508	0.04991792388614154	0.12186846253834098	0.021258199757932913	0.02668030972813454	0.033909789688403386	0.018504112154020973	0.01531969836199779	0.011877088857107865	0.008176283639351195	0.001979586530549329	0.012393480282841355	0.001204999391949096	0.0010328689167045998	0.0023238474810383216	0.0006025427285933591	0.00025828177810436665	0.001118934154326848	0.0008607384414601035	0.00025828177810436665	0.0022377822434160735	0.00034434701572661473	0.00034434701572661473	0.0006025427285933591	8.615130285987037e-05	0.00025828177810436665	0.0001722165404821185	8.615130285987037e-05	8.615130285987037e-05	8.606523762224813e-08	8.615130285987037e-05	0.00043041225334886286	8.615130285987037e-05	8.606523762224813e-08	8.615130285987037e-05	0.0006886079662156072	0.00025828177810436665
3 2	1.634763440738926e-07	1.634763440738926e-07	1.634763440738926e-07	1.634763440738926e-07	0.00032711616449185906	1.634763440738926e-07	1.634763440738926e-07	0.00016363982041796648	1.634763440738926e-07	1.634763440738926e-07	0.00016363982041796648	1.634763440738926e-07	1.634763440738926e-07	1.634763440738926e-07	1.634763440738926e-07	1.634763440738926e-07	0.00016363982041796648	0.00016363982041796648	1.634763440738926e-07	0.00016363982041796648	0.00016363982041796648	0.00016363982041796648	1.634763440738926e-07	1.634763440738926e-07	0.00032711616449185906	0.0006540688526396442	1.634763440738926e-07	0.0006540688526396442	0.001144497884861322	0.0013079742289352145	0.002615784981526355	0.005231406486708636	0.0021253559493046776	0.0016349269170829997	0.01291479465818159	0.0006540688526396442	0.01291479465818159	0.004904453798560852	0.005231406486708636	0.026483331216314673	0.06097683981590601	0.008173980680038703	0.01781908498039837	0.019453848421137294	0.011443507561516556	0.03874405702185662	0.09350863228661063	0.030897192506309776	0.05280302261221138	0.23507914625460163	0.06506374841775332	0.04855263766629017	0.05607254949368923	0.056236025837763125	0.007193122615595348	0.03678234089296991	0.020271230141506755	0.0029427376696741403	0.01602084519558555	0.008991362400408166	0.0032696903578219253	0.004904453798560852	0.003760119390043603	0.0013079742289352145	0.001961879605230785	0.0016349269170829997	0.00032711616449185906	0.0032696903578219253	0.0021253559493046776	0.0009810215407874293	0.0008175451967135368	0.0008175451967135368	0.0006540688526396442	0.0004905925085657517	0.0006540688526396442	0.00032711616449185906	0.0024523086374524626	0.00032711616449185906	0.00032711616449185906	0.00016363982041796648	1.634763440738926e-07	0.00016363982041796648	0.00032711616449185906	1.634763440738926e-07	1.634763440738926e-07	0.00032711616449185906	0.00016363982041796648	0.00016363982041796648	0.0004905925085657517	0.00032711616449185906	1.634763440738926e-07	0.00016363982041796648	1.634763440738926e-07
3 3	1.393127673324934e-07	1.393127673324934e-07	1.393127673324934e-07	1.393127673324934e-07	0.0001394520800998259	1.393127673324934e-07	0.0001394520800998259	1.393127673324934e-07	1.393127673324934e-07	0.0001394520800998259	0.0001394520800998259	1.393127673324934e-07	1.393127673324934e-07	0.0002787648474323193	0.0002787648474323193	0.0001394520800998259	0.0002787648474323193	1.393127673324934e-07	0.0001394520800998259	1.393127673324934e-07	0.0002787648474323193	0.0001394520800998259	1.393127673324934e-07	1.393127673324934e-07	0.0001394520800998259	0.0018112052880897467	1.393127673324934e-07	0.0001394520800998259	0.0008360159167622929	0.0006967031494297995	0.0005573903820973061	0.0026470818920847072	0.0004180776147648127	0.0025077691247522137	0.004318835100074628	0.0006967031494297995	0.005433337238734575	0.010030658560706859	0.0018112052880897467	0.010309284095371846	0.013931416046016675	0.005154711704069588	0.012677601140024234	0.030788260893248376	0.010169971328039352	0.008219592585384444	0.749224202026917	0.008219592585384444	0.010169971328039352	0.030788260893248376	0.012677601140024234	0.005154711704069588	0.013931416046016675	0.010309284095371846	0.0018112052880897467	0.010030658560706859	0.005433337238734575	0.0006967031494297995	0.004318835100074628	0.0025077691247522137	0.0004180776147648127	0.0026470818920847072	0.0005573903820973061	0.0006967031494297995	0.0008360159167622929	0.0001394520800998259	1.393127673324934e-07	0.0018112052880897467	0.0001394520800998259	1.393127673324934e-07	1.393127673324934e-07	0.0001394520800998259	0.0002787648474323193	1.393127673324934e-07	0.0001394520800998259	1.393127673324934e-07	0.0002787648474323193	0.0001394520800998259	0.0002787648474323193	0.0002787648474323193	1.393127673324934e-07	1.393127673324934e-07	0.0001394520800998259	0.0001394520800998259	1.393127673324934e-07	1.393127673324934e-07	0.0001394520800998259	1.393127673324934e-07	0.0001394520800998259	1.393127673324934e-07	1.393127673324934e-07	1.393127673324934e-07	1.393127673324934e-07
3 4	2.6808983046803386e-07	0.00026835792029850184	2.6808983046803386e-07	2.6808983046803386e-07	0.0008045375812345696	0.00026835792029850184	2.6808983046803386e-07	0.00026835792029850184	2.6808983046803386e-07	2.6808983046803386e-07	2.6808983046803386e-07	0.0005364477507665358	2.6808983046803386e-07	0.00026835792029850184	0.0005364477507665358	0.0005364477507665358	0.00026835792029850184	0.0005364477507665358	2.6808983046803386e-07	0.0005364477507665358	0.0005364477507665358	0.0008045375812345696	0.002144986733574739	0.0010726274117026033	0.0008045375812345696	0.003753525716382942	0.0005364477507665358	0.002144986733574739	0.00026835792029850184	0.0013407172421706372	0.00294925622497884	0.003753525716382942	0.00026835792029850184	0.00294925622497884	0.010455771478083787	0.002144986733574739	0.010991951139019856	0.026273071475697785	0.005898244360127212	0.06085665960607416	0.04637980876080033	0.03940947316863144	0.10348294265049153	0.3431552510889138	0.06648654604590286	0.022519813849145313	0.07452924095994387	0.05576295282718151	0.01340475961323216	0.03404767655927077	0.00991959181714772	0.003217346055446874	0.017694196900720705	0.007506783342935416	0.0013407172421706372	0.0048258850382550764	0.001608807072638671	2.6808983046803386e-07	0.003753525716382942	0.0005364477507665358	2.6808983046803386e-07	0.0008045375812345696	0.0008045375812345696	0.00026835792029850184	0.0026811663945108064	2.6808983046803386e-07	2.6808983046803386e-07	0.0005364477507665358	2.6808983046803386e-07	2.6808983046803386e-07	2.6808983046803386e-07	2.6808983046803386e-07	2.6808983046803386e-07	2.6808983046803386e-07	2.6808983046803386e-07	2.6808983046803386e-07	2.6808983046803386e-07	2.6808983046803386e-07	2.6808983046803386e-07	2.6808983046803386e-07	2.6808983046803386e-07	2.6808983046803386e-07	0.00026835792029850184	2.6808983046803386e-07	2.6808983046803386e-07	2.6808983046803386e-07	2.6808983046803386e-07	2.6808983046803386e-07	0.00026835792029850184	2.6808983046803386e-07	2.6808983046803386e-07	2.6808983046803386e-07	2.6808983046803386e-07
3 5	0.0003557907026075138	0.003911919664201855	0.000889210046846665	0.000889210046846665	0.0024894680795641186	1.7780644807971706e-07	0.0003557907026075138	0.0019560487353249673	1.7780644807971706e-07	0.0005335971506872309	0.00017798425452779677	0.00017798425452779677	0.0005335971506872309	0.008179274418115064	0.0005335971506872309	0.0003557907026075138	0.005334371248839591	0.004445339008441006	0.002845080975723552	0.0035563067680424204	0.0065790163853976106	0.0007114035987669479	0.00480095190460044	0.001244822943006099	0.001067016494926382	0.029338241739601395	0.008179274418115064	0.011024177587390537	0.01333566141242686	0.006756822833477328	0.008712693762354215	0.019736693543296675	0.007468048625796196	0.012980048516267426	0.056898241191957535	0.011024177587390537	0.06863346676521886	0.13868920730862738	0.023292822504891016	0.08765875670974858	0.23754959244095009	0.0366283061108698	0.029338241739601395	0.03324998359735517	0.030049467531920265	0.0069346292815570445	0.03093849977231885	0.003734113216122138	0.009601726002752801	0.00782366152195563	0.0014226293910858162	0.0014226293910858162	0.005867790593078743	0.0005335971506872309	0.0005335971506872309	0.0021338551834046843	1.7780644807971706e-07	0.001244822943006099	0.0014226293910858162	0.00017798425452779677	0.00017798425452779677	0.0005335971506872309	0.0003557907026075138	0.00017798425452779677	1.7780644807971706e-07	0.00017798425452779677	0.0003557907026075138	0.0007114035987669479	0.00017798425452779677	1.7780644807971706e-07	1.7780644807971706e-07	0.00017798425452779677	0.0003557907026075138	0.0003557907026075138	1.7780644807971706e-07	1.7780644807971706e-07	1.7780644807971706e-07	1.7780644807971706e-07	1.7780644807971706e-07	1.7780644807971706e-07	1.7780644807971706e-07	1.7780644807971706e-07	0.00017798425452779677	1.7780644807971706e-07	1.7780644807971706e-07	1.7780644807971706e-07	1.7780644807971706e-07	1.7780644807971706e-07	1.7780644807971706e-07	1.7780644807971706e-07	1.7780644807971706e-07	1.7780644807971706e-07	1.7780644807971706e-07
4 1	1.4005419817360922e-07	0.0001401942523717828	1.4005419817360922e-07	1.4005419817360922e-07	1.4005419817360922e-07	1.4005419817360922e-07	0.000280248450545392	1.4005419817360922e-07	1.4005419817360922e-07	1.4005419817360922e-07	1.4005419817360922e-07	1.4005419817360922e-07	1.4005419817360922e-07	0.0015407362341078748	1.4005419817360922e-07	1.4005419817360922e-07	0.000280248450545392	1.4005419817360922e-07	1.4005419817360922e-07	1.4005419817360922e-07	0.0001401942523717828	0.0001401942523717828	1.4005419817360922e-07	1.4005419817360922e-07	1.4005419817360922e-07	0.000980519441413438	1.4005419817360922e-07	0.0004203026487190012	0.0001401942523717828	0.0001401942523717828	0.0001401942523717828	0.0004203026487190012	0.0007004110450662196	0.000280248450545392	0.00420176599940645	1.4005419817360922e-07	0.0007004110450662196	0.0015407362341078748	0.0001401942523717828	0.0014006820359342656	0.0019608988286287025	0.0004203026487190012	0.001120573639587047	0.0075630667555730705	0.0007004110450662196	0.0018208446304550931	0.02030799878937151	0.0007004110450662196	0.010364150719045256	0.012745072087996611	0.0022410072249759204	0.019467673600329853	0.023109082752843693	0.0057423621793161505	0.022969028554670083	0.12618897260862005	0.01330528888069105	0.04635807964966282	0.15630062521594604	0.026050220914489487	0.06554550479944728	0.1145644741602105	0.05546160253094742	0.09131547726339137	0.05602181932364186	0.025069841527274223	0.003921657603059231	0.04159623691176011	0.005322199584795323	0.001680790432281484	0.006162524773836979	0.0028012240176703575	0.0018208446304550931	0.003081332414017576	0.003781603404885622	0.000280248450545392	0.0022410072249759204	1.4005419817360922e-07	0.000280248450545392	0.0005603568468926103	1.4005419817360922e-07	0.0004203026487190012	0.0005603568468926103	0.000280248450545392	0.0004203026487190012	0.0007004110450662196	1.4005419817360922e-07	0.0012606278377606565	0.000280248450545392	1.4005419817360922e-07	0.0001401942523717828	0.001120573639587047	0.0001401942523717828
4 2	1.5446179101844844e-07	1.5446179101844844e-07	1.5446179101844844e-07	1.5446179101844844e-07	1.5446179101844844e-07	1.5446179101844844e-07	1.5446179101844844e-07	1.5446179101844844e-07	1.5446179101844844e-07	1.5446179101844844e-07	0.0003090780438279153	1.5446179101844844e-07	1.5446179101844844e-07	1.5446179101844844e-07	0.00015461625280946685	1.5446179101844844e-07	1.5446179101844844e-07	1.5446179101844844e-07	1.5446179101844844e-07	1.5446179101844844e-07	1.5446179101844844e-07	1.5446179101844844e-07	1.5446179101844844e-07	1.5446179101844844e-07	1.5446179101844844e-07	0.00015461625280946685	1.5446179101844844e-07	1.5446179101844844e-07	0.000926925207901709	0.00015461625280946685	0.0012358487899386057	0.0013903105809570542	0.00015461625280946685	0.00015461625280946685	0.010040170877990168	0.000926925207901709	0.005251855356418265	0.0006180016258648121	0.0006180016258648121	0.008650014758824131	0.017299875055857245	0.0026260049091046413	0.0015447723719755027	0.009422323713916372	0.0018536959540123995	0.003861699237252229	0.03707098430621864	0.003089390282159987	0.053289472363155725	0.026258658934927254	0.034136210276868126	0.055297475646395554	0.2744787571015739	0.10163601295193009	0.03521744281399726	0.1207892750382177	0.05189931624398969	0.014365101026506724	0.04201376161880899	0.019925725503170868	0.006333087893547404	0.013592792071414481	0.012048174161229996	0.0018536959540123995	0.005251855356418265	0.004325084610307574	0.00046353983484636376	0.004942931774381368	0.000926925207901709	0.00046353983484636376	0.0012358487899386057	0.0010813869989201575	0.00046353983484636376	0.0018536959540123995	0.0007724634168832606	0.0007724634168832606	0.0013903105809570542	0.0006180016258648121	1.5446179101844844e-07	0.0006180016258648121	0.00046353983484636376	0.00046353983484636376	0.0003090780438279153	1.5446179101844844e-07	0.000926925207901709	0.00046353983484636376	1.5446179101844844e-07	1.5446179101844844e-07	0.0006180016258648121	1.5446179101844844e-07	0.000926925207901709	1.5446179101844844e-07	1.5446179101844844e-07
4 3	2.6808983046803386e-07	2.6808983046803386e-07	2.6808983046803386e-07	2.6808983046803386e-07	0.00026835792029850184	2.6808983046803386e-07	2.6808983046803386e-07	2.6808983046803386e-07	2.6808983046803386e-07	2.6808983046803386e-07	0.00026835792029850184	2.6808983046803386e-07	2.6808983046803386e-07	2.6808983046803386e-07	2.6808983046803386e-07	2.6808983046803386e-07	2.6808983046803386e-07	2.6808983046803386e-07	2.6808983046803386e-07	2.6808983046803386e-07	2.6808983046803386e-07	2.6808983046803386e-07	2.6808983046803386e-07	2.6808983046803386e-07	2.6808983046803386e-07	0.0005364477507665358	2.6808983046803386e-07	2.6808983046803386e-07	0.0026811663945108064	0.00026835792029850184	0.0008045375812345696	0.0008045375812345696	2.6808983046803386e-07	0.0005364477507665358	0.003753525716382942	2.6808983046803386e-07	0.001608807072638671	0.0048258850382550764	0.0013407172421706372	0.007506783342935416	0.017694196900720705	0.003217346055446874	0.00991959181714772	0.03404767655927077	0.01340475961323216	0.05576295282718151	0.07452924095994387	0.022519813849145313	0.06648654604590286	0.3431552510889138	0.10348294265049153	0.03940947316863144	0.04637980876080033	0.06085665960607416	0.005898244360127212	0.026273071475697785	0.010991951139019856	0.002144986733574739	0.010455771478083787	0.00294925622497884	0.00026835792029850184	0.003753525716382942	0.00294925622497884	0.0013407172421706372	0.00026835792029850184	0.002144986733574739	0.0005364477507665358	0.003753525716382942	0.0008045375812345696	0.0010726274117026033	0.002144986733574739	0.0008045375812345696	0.0005364477507665358	0.0005364477507665358	2.6808983046803386e-07	0.0005364477507665358	0.00026835792029850184	0.0005364477507665358	0.0005364477507665358	0.00026835792029850184	2.6808983046803386e-07	0.0005364477507665358	2.6808983046803386e-07	2.6808983046803386e-07	2.6808983046803386e-07	0.00026835792029850184	2.6808983046803386e-07	0.00026835792029850184	0.0008045375812345696	2.6808983046803386e-07	2.6808983046803386e-07	0.00026835792029850184	2.6808983046803386e-07
4 4	2.788550101740248e-07	0.0008368438855322485	2.788550101740248e-07	2.788550101740248e-07	0.0011156988957062733	2.788550101740248e-07	2.788550101740248e-07	0.0008368438855322485	2.788550101740248e-07	2.788550101740248e-07	0.0005579888753582237	2.788550101740248e-07	2.788550101740248e-07	2.788550101740248e-07	2.788550101740248e-07	2.788550101740248e-07	2.788550101740248e-07	2.788550101740248e-07	0.00027913386518419885	2.788550101740248e-07	0.0008368438855322485	0.00027913386518419885	0.0005579888753582237	0.00027913386518419885	2.788550101740248e-07	0.003067683966924447	0.00027913386518419885	0.00027913386518419885	0.0011156988957062733	2.788550101740248e-07	0.0008368438855322485	0.0027888289567504225	0.00027913386518419885	0.001673408916054323	0.0058562340686646955	0.0011156988957062733	0.0011156988957062733	0.007808219139882869	0.0008368438855322485	0.004740814027968596	0.01477959439423349	0.0027888289567504225	0.016173869445103614	0.039597690299721704	0.01701043447562569	0.009202494190752994	0.7261387253481709	0.009202494190752994	0.01701043447562569	0.039597690299721704	0.016173869445103614	0.0027888289567504225	0.01477959439423349	0.004740814027968596	0.0008368438855322485	0.007808219139882869	0.0011156988957062733	0.0011156988957062733	0.0058562340686646955	0.001673408916054323	0.00027913386518419885	0.0027888289567504225	0.0008368438855322485	2.788550101740248e-07	0.0011156988957062733	0.00027913386518419885	0.00027913386518419885	0.003067683966924447	2.788550101740248e-07	0.00027913386518419885	0.0005579888753582237	0.00027913386518419885	0.0008368438855322485	2.788550101740248e-07	0.00027913386518419885	2.788550101740248e-07	2.788550101740248e-07	2.788550101740248e-07	2.788550101740248e-07	2.788550101740248e-07	2.788550101740248e-07	2.788550101740248e-07	0.0005579888753582237	2.788550101740248e-07	2.788550101740248e-07	0.0008368438855322485	2.788550101740248e-07	2.788550101740248e-07	0.0011156988957062733	2.788550101740248e-07	2.788550101740248e-07	0.0008368438855322485	2.788550101740248e-07
4 5	2.595991322120208e-07	0.001557854392404337	0.0002598587313442328	2.595991322120208e-07	0.002855850053464441	2.595991322120208e-07	0.0002598587313442328	0.001298255260192316	2.595991322120208e-07	0.0005194578635562536	0.0005194578635562536	0.0007790569957682745	0.0002598587313442328	0.007788233565492836	0.0005194578635562536	2.595991322120208e-07	0.0025962509212524203	0.0023366517890403993	0.0023366517890403993	0.002855850053464441	0.006749837036644753	0.0018174535246163576	0.007788233565492836	0.0005194578635562536	0.0002598587313442328	0.014018612738581336	0.001298255260192316	0.0018174535246163576	0.007269035301068794	0.0010386561279802952	0.0020770526568283784	0.00597103964000869	0.0018174535246163576	0.009865026623189003	0.026479371084758337	0.004673043978948586	0.01765300058954963	0.04179571988526756	0.008567030962128899	0.06619803831319752	0.0646404435199254	0.029075362406878545	0.11370467950799733	0.22896669421013457	0.04750690079393202	0.054775676495868605	0.05036249124826425	0.03686333637323917	0.03997852595978342	0.029334961539090567	0.006490237904432732	0.008826630094340919	0.006749837036644753	0.0038942465823125242	0.0025962509212524203	0.0036346474501005033	0.0005194578635562536	0.001557854392404337	0.002855850053464441	2.595991322120208e-07	0.0023366517890403993	0.002855850053464441	0.0002598587313442328	0.0002598587313442328	0.0002598587313442328	0.0002598587313442328	0.0007790569957682745	0.0023366517890403993	2.595991322120208e-07	2.595991322120208e-07	2.595991322120208e-07	2.595991322120208e-07	0.0010386561279802952	2.595991322120208e-07	2.595991322120208e-07	2.595991322120208e-07	0.0005194578635562536	2.595991322120208e-07	0.0002598587313442328	0.0010386561279802952	2.595991322120208e-07	0.0002598587313442328	0.0002598587313442328	2.595991322120208e-07	2.595991322120208e-07	2.595991322120208e-07	2.595991322120208e-07	0.0002598587313442328	2.595991322120208e-07	2.595991322120208e-07	0.0002598587313442328	2.595991322120208e-07	2.595991322120208e-07
5 1	1.1604841679206664e-07	1.1604841679206664e-07	1.1604841679206664e-07	1.1604841679206664e-07	1.1604841679206664e-07	1.1604841679206664e-07	1.1604841679206664e-07	1.1604841679206664e-07	1.1604841679206664e-07	1.1604841679206664e-07	1.1604841679206664e-07	1.1604841679206664e-07	1.1604841679206664e-07	0.0001161644652088587	1.1604841679206664e-07	1.1604841679206664e-07	1.1604841679206664e-07	1.1604841679206664e-07	1.1604841679206664e-07	1.1604841679206664e-07	1.1604841679206664e-07	1.1604841679206664e-07	0.0001161644652088587	1.1604841679206664e-07	1.1604841679206664e-07	0.00034826129879299197	1.1604841679206664e-07	1.1604841679206664e-07	1.1604841679206664e-07	1.1604841679206664e-07	1.1604841679206664e-07	1.1604841679206664e-07	1.1604841679206664e-07	0.0001161644652088587	0.0001161644652088587	1.1604841679206664e-07	0.00023221288200092534	0.0009285033827533251	1.1604841679206664e-07	0.0001161644652088587	0.0013926970499215916	0.0001161644652088587	0.00023221288200092534	0.0011606002163374585	0.00023221288200092534	0.001276648633129525	0.009167940974990057	0.0001161644652088587	0.0032494717185946576	0.004642052720099457	0.00034826129879299197	0.003945762219347057	0.006730924222356657	0.0023210843842581246	0.005918585304812191	0.029824559163977915	0.001624793883505725	0.017523426984018854	0.1126831287535135	0.015434555481761656	0.030985043331898582	0.1105942572512563	0.042357788177521116	0.036091173670749516	0.08425126663945717	0.019264153235899854	0.007891408390277323	0.28408664035539594	0.01218519981158379	0.005918585304812191	0.026923348744176255	0.011024715643663124	0.007775359973485258	0.019264153235899854	0.01009632830932659	0.008935844141405924	0.01253334506195999	0.002901326468218458	0.0010445517995453918	0.009980279892534524	0.0006964065491691919	0.003133423301802591	0.0020889875506739913	0.004293907469723257	0.0024371328010501913	0.0024371328010501913	0.0004643097155850586	0.0015087454667136583	0.008239553640653523	0.00034826129879299197	0.004061810636139124	0.005570440054435991	0.0005803581323771252
5 2	9.811527426211672e-08	9.811527426211672e-08	9.811527426211672e-08	9.811527426211672e-08	9.811527426211672e-08	9.821338953637882e-05	9.811527426211672e-08	9.811527426211672e-08	9.811527426211672e-08	9.811527426211672e-08	9.811527426211672e-08	9.811527426211672e-08	9.811527426211672e-08	9.821338953637882e-05	9.811527426211672e-08	9.811527426211672e-08	9.821338953637882e-05	9.811527426211672e-08	9.811527426211672e-08	9.811527426211672e-08	9.811527426211672e-08	9.821338953637882e-05	9.811527426211672e-08	9.811527426211672e-08	9.811527426211672e-08	0.00019632866379849554	9.811527426211672e-08	0.00019632866379849554	9.811527426211672e-08	9.821338953637882e-05	9.821338953637882e-05	0.00019632866379849554	9.811527426211672e-08	9.811527426211672e-08	0.0011774814064196627	0.00019632866379849554	0.0006869050351090791	0.002354864697565063	9.811527426211672e-08	0.0008831355836333125	0.0011774814064196627	0.0006869050351090791	0.0005887897608469623	0.002354864697565063	0.0019624036005165962	0.0007850203093711958	0.011087124106893451	0.0011774814064196627	0.00274732579461353	0.007947435330505716	0.003826593811496814	0.009811625541485933	0.018151423853765853	0.020898651533105123	0.015109850351640237	0.1453088192974691	0.029140334571122924	0.041699089676673864	0.18416246790526733	0.05828057102697159	0.02717802908588059	0.06760152208187267	0.060046645963689686	0.008732357524602651	0.03492913575258781	0.023842109760968625	0.007162513136408782	0.07584320511989048	0.0051020923769043314	0.002354864697565063	0.011283354655417684	0.005592668748214915	0.011381469929679802	0.011087124106893451	0.007162513136408782	0.007653089507719367	0.01530608090016447	0.0026492105203514134	0.0008831355836333125	0.014913619803116004	0.00333601744018623	0.0019624036005165962	0.00274732579461353	0.0034341327144483467	0.0004906744865848456	0.0022567494233029462	0.0017661730519923627	0.0005887897608469623	0.005592668748214915	0.0011774814064196627	0.00333601744018623	0.006377590942311849	0.0028454410688756467
5 3	1.77806448079717e-07	1.77806448079717e-07	1.77806448079717e-07	1.77806448079717e-07	1.77806448079717e-07	1.77806448079717e-07	1.77806448079717e-07	1.77806448079717e-07	1.77806448079717e-07	1.77806448079717e-07	0.00017798425452779672	1.77806448079717e-07	1.77806448079717e-07	1.77806448079717e-07	1.77806448079717e-07	1.77806448079717e-07	1.77806448079717e-07	1.77806448079717e-07	1.77806448079717e-07	0.0003557907026075137	0.0003557907026075137	0.00017798425452779672	1.77806448079717e-07	1.77806448079717e-07	0.00017798425452779672	0.0007114035987669477	0.0003557907026075137	0.00017798425452779672	1.77806448079717e-07	0.00017798425452779672	0.0003557907026075137	0.0005335971506872307	0.00017798425452779672	0.00017798425452779672	0.0014226293910858158	0.0012448229430060986	1.77806448079717e-07	0.002133855183404684	0.0005335971506872307	0.0005335971506872307	0.005867790593078741	0.0014226293910858158	0.0014226293910858158	0.007823661521955627	0.009601726002752798	0.0037341132161221365	0.03093849977231884	0.006934629281557043	0.030049467531920254	0.03324998359735516	0.029338241739601388	0.036628306110869785	0.23754959244095	0.08765875670974856	0.02329282250489101	0.13868920730862735	0.06863346676521884	0.011024177587390533	0.056898241191957515	0.012980048516267422	0.007468048625796193	0.019736693543296668	0.008712693762354213	0.006756822833477325	0.013335661412426857	0.011024177587390533	0.008179274418115062	0.029338241739601388	0.0010670164949263816	0.0012448229430060986	0.004800951904600438	0.0007114035987669477	0.006579016385397609	0.0035563067680424196	0.0028450809757235513	0.004445339008441004	0.00533437124883959	0.0003557907026075137	0.0005335971506872307	0.008179274418115062	0.0005335971506872307	0.00017798425452779672	0.00017798425452779672	0.0005335971506872307	1.77806448079717e-07	0.001956048735324967	0.0003557907026075137	1.77806448079717e-07	0.0024894680795641178	0.0008892100468466647	0.0008892100468466647	0.003911919664201853	0.0003557907026075137
5 4	2.595991322120208e-07	2.595991322120208e-07	0.0002598587313442328	2.595991322120208e-07	2.595991322120208e-07	0.0002598587313442328	2.595991322120208e-07	2.595991322120208e-07	2.595991322120208e-07	2.595991322120208e-07	0.0002598587313442328	0.0002598587313442328	2.595991322120208e-07	0.001038656127980295	0.0002598587313442328	2.595991322120208e-07	0.0005194578635562536	2.595991322120208e-07	2.595991322120208e-07	2.595991322120208e-07	0.001038656127980295	2.595991322120208e-07	2.595991322120208e-07	2.595991322120208e-07	2.595991322120208e-07	0.002336651789040399	0.0007790569957682743	0.0002598587313442328	0.0002598587313442328	0.0002598587313442328	0.0002598587313442328	0.0028558500534644404	0.002336651789040399	2.595991322120208e-07	0.0028558500534644404	0.0015578543924043367	0.0005194578635562536	0.003634647450100503	0.00259625092125242	0.003894246582312524	0.006749837036644752	0.008826630094340919	0.006490237904432731	0.029334961539090564	0.03997852595978341	0.036863336373239165	0.050362491248264245	0.0547756764958686	0.047506900793932015	0.22896669421013455	0.11370467950799731	0.02907536240687854	0.06464044351992539	0.06619803831319751	0.008567030962128897	0.04179571988526756	0.017653000589549626	0.004673043978948585	0.026479371084758334	0.009865026623189001	0.0018174535246163574	0.005971039640008689	0.0020770526568283784	0.001038656127980295	0.007269035301068793	0.0018174535246163574	0.0012982552601923157	0.014018612738581335	0.0002598587313442328	0.0005194578635562536	0.007788233565492835	0.0018174535246163574	0.006749837036644752	0.0028558500534644404	0.002336651789040399	0.002336651789040399	0.00259625092125242	2.595991322120208e-07	0.0005194578635562536	0.007788233565492835	0.0002598587313442328	0.0007790569957682743	0.0005194578635562536	0.0005194578635562536	2.595991322120208e-07	0.0012982552601923157	0.0002598587313442328	2.595991322120208e-07	0.0028558500534644404	2.595991322120208e-07	0.0002598587313442328	0.0015578543924043367	2.595991322120208e-07
5 5	0.00012288099337928008	0.0004911556988116879	0.0020870127556854553	1.2275823514413597e-07	0.0030690786368385427	1.2275823514413597e-07	1.2275823514413597e-07	0.0004911556988116879	0.0006139139339558238	0.0007366721690999598	0.00012288099337928008	0.000368397463667552	0.00012288099337928008	0.0031918368719826787	0.00012288099337928008	0.0004911556988116879	0.0011049468745323676	0.0025780456962619987	0.000368397463667552	0.0008594304042440958	0.0007366721690999598	0.000368397463667552	0.0007366721690999598	1.2275823514413597e-07	1.2275823514413597e-07	0.014976627445819731	0.0020870127556854553	0.00024563922852341604	0.002455287461117863	0.0013504633448206396	0.0025780456962619987	0.001964254520541319	0.0018414962853971835	0.002946320401694407	0.017309033913558314	0.0012277051096765037	0.002455287461117863	0.028602791546818822	0.002946320401694407	0.010557330980630837	0.021237297438170665	0.007120100396595029	0.01620420979726109	0.07390058031500499	0.027866242135954008	0.02590211037364783	0.43088152811415237	0.02590211037364783	0.027866242135954008	0.07390058031500499	0.01620420979726109	0.007120100396595029	0.021237297438170665	0.010557330980630837	0.002946320401694407	0.028602791546818822	0.002455287461117863	0.0012277051096765037	0.017309033913558314	0.002946320401694407	0.0018414962853971835	0.001964254520541319	0.0025780456962619987	0.0013504633448206396	0.002455287461117863	0.00024563922852341604	0.0020870127556854553	0.014976627445819731	1.2275823514413597e-07	1.2275823514413597e-07	0.0007366721690999598	0.000368397463667552	0.0007366721690999598	0.0008594304042440958	0.000368397463667552	0.0025780456962619987	0.0011049468745323676	0.0004911556988116879	0.00012288099337928008	0.0031918368719826787	0.00012288099337928008	0.000368397463667552	0.00012288099337928008	0.0007366721690999598	0.0006139139339558238	0.0004911556988116879	1.2275823514413597e-07	1.2275823514413597e-07	0.0030690786368385427	1.2275823514413597e-07	0.0020870127556854553	0.0004911556988116879	0.00012288099337928008
### Output Prob 3rd Right
1 1	0.00031389472808123826	0.00018836194340567808	6.282915873011787e-05	0.00012559555106789798	0.00043942751275679844	6.27663923377801e-08	0.00025112833574345814	0.00025112833574345814	6.27663923377801e-08	0.00043942751275679844	0.00018836194340567808	0.00025112833574345814	0.0006904930821079188	0.0013809233978234999	0.00025112833574345814	0.0011298578284723794	0.0005021939050945786	0.00012559555106789798	0.00031389472808123826	0.0022596528905524213	0.00012559555106789798	0.00018836194340567808	0.0015692225748368401	0.0006277266897701387	0.0011926242208101594	0.008599058516668211	0.00043942751275679844	0.0024479520675657613	0.002636251244579102	0.0007532594744456989	0.0028873168139302223	0.0059001036461436675	0.0023851856752279813	0.000816025866783479	0.011109714210179415	0.0030128495986057823	0.003389447952632463	0.048769549612847476	0.004268177445361385	0.012365042056935017	0.026299181155922197	0.014812931358108442	0.019081046037077488	0.06640690585976368	0.022031066476953153	0.020336373883833088	0.4167689078892522	0.020336373883833088	0.022031066476953153	0.06640690585976368	0.019081046037077488	0.014812931358108442	0.026299181155922197	0.012365042056935017	0.004268177445361385	0.048769549612847476	0.003389447952632463	0.0030128495986057823	0.011109714210179415	0.000816025866783479	0.0023851856752279813	0.0059001036461436675	0.0028873168139302223	0.0007532594744456989	0.002636251244579102	0.0024479520675657613	0.00043942751275679844	0.008599058516668211	0.0011926242208101594	0.0006277266897701387	0.0015692225748368401	0.00018836194340567808	0.00012559555106789798	0.0022596528905524213	0.00031389472808123826	0.00012559555106789798	0.0005021939050945786	0.0011298578284723794	0.00025112833574345814	0.0013809233978234999	0.0006904930821079188	0.00025112833574345814	0.00018836194340567808	0.00043942751275679844	6.27663923377801e-08	0.00025112833574345814	0.00025112833574345814	6.27663923377801e-08	0.00043942751275679844	0.00012559555106789798	6.282915873011787e-05	0.00018836194340567808	0.00031389472808123826
1 2	8.564508693104791e-08	0.0006852463405353143	8.564508693104791e-08	8.573073201797894e-05	0.0003426659928111226	8.564508693104791e-08	8.564508693104791e-08	0.0003426659928111226	8.564508693104791e-08	8.573073201797894e-05	0.00017137581894902684	0.00025702090588007473	0.00025702090588007473	0.0006852463405353143	0.00017137581894902684	0.0007708914274663621	0.001712987383707889	8.564508693104791e-08	0.0005139561666732184	0.00025702090588007473	0.000942181601328458	0.00017137581894902684	0.0008565365143974101	0.0005139561666732184	0.0005139561666732184	0.003511534209259895	0.0004283110797421705	0.0008565365143974101	0.0027407284268804637	0.0024837931660873203	0.0014560521229147452	0.003511534209259895	0.002569438253018368	0.0006852463405353143	0.005310081034811901	0.0027407284268804637	0.002569438253018368	0.01884200476991747	0.00702298277343286	0.0035971792961909427	0.015244911118813459	0.017471683379020705	0.0030833087746046555	0.024580225594297678	0.022182163160228335	0.011048301859192112	0.0686018002768563	0.03836908459019639	0.027149578202229116	0.15159188951304173	0.05027375167361205	0.03271650885274723	0.10551483274413795	0.062007128583165615	0.024665870681228726	0.11425063161110484	0.04042456667654154	0.008307659077398579	0.04153795280664516	0.0115621723807784	0.006080886817191333	0.011476527293847351	0.005310081034811901	0.0029120186007425596	0.006080886817191333	0.004881855600156661	0.0004283110797421705	0.009934915729088488	0.0021412128183631285	0.0005996012536042663	0.002569438253018368	0.0005996012536042663	0.00025702090588007473	0.0038541145569840865	0.0005139561666732184	8.573073201797894e-05	0.001027826688259506	0.00017137581894902684	8.564508693104791e-08	0.001027826688259506	8.564508693104791e-08	8.564508693104791e-08	0.0003426659928111226	0.00017137581894902684	8.564508693104791e-08	8.564508693104791e-08	8.564508693104791e-08	8.573073201797894e-05	0.0005139561666732184	0.00017137581894902684	0.00017137581894902684	0.00025702090588007473	8.573073201797894e-05
1 3	1.2789207136940307e-07	0.00025591203481017553	1.2789207136940307e-07	1.2789207136940307e-07	0.0008953723916571908	1.2789207136940307e-07	1.2789207136940307e-07	0.0012790486057654	0.00012801996344077244	1.2789207136940307e-07	0.00012801996344077244	0.00012801996344077244	0.00025591203481017553	0.0005116961775489816	1.2789207136940307e-07	0.00012801996344077244	0.0011511565343959968	0.00012801996344077244	0.00012801996344077244	0.001023264463026594	0.00012801996344077244	1.2789207136940307e-07	0.00012801996344077244	1.2789207136940307e-07	0.0005116961775489816	0.001023264463026594	0.001023264463026594	1.2789207136940307e-07	0.001406940677134803	0.0011511565343959968	0.0028137534621982363	0.001023264463026594	0.0005116961775489816	0.00025591203481017553	0.0025579693194594305	0.0019185089626124153	0.001406940677134803	0.006522623531910925	0.0024300772480900274	0.0019185089626124153	0.010359385672993018	0.01214987467216466	0.0030695376049370425	0.03389152680496318	0.0095920332447766	0.001406940677134803	0.05844680450788857	0.014579824028183318	0.012021982600795258	0.04130926694438856	0.03939088587384751	0.022637024524455714	0.13019425654612368	0.04821543879833632	0.025322758023213175	0.14809914653784012	0.05000592779750796	0.018032909955157203	0.09093139063571694	0.032356821948530345	0.022764916595825115	0.04028613037343333	0.022764916595825115	0.007801544245604956	0.018544478240634814	0.009464141173407197	0.0008953723916571908	0.017777125812418394	0.003581105890414655	0.0008953723916571908	0.004348458318631073	0.003453213819045252	0.0005116961775489816	0.003836890033153461	0.0011511565343959968	1.2789207136940307e-07	0.001023264463026594	0.0003838041061795786	1.2789207136940307e-07	0.0011511565343959968	0.0006395882489183847	0.00025591203481017553	0.0003838041061795786	0.0003838041061795786	0.00012801996344077244	0.00012801996344077244	0.0006395882489183847	1.2789207136940307e-07	0.0003838041061795786	0.0003838041061795786	0.00025591203481017553	0.0003838041061795786	0.0005116961775489816
1 4	0.00012443913813527512	1.2431482331196317e-07	1.2431482331196317e-07	1.2431482331196317e-07	0.0002487539614472383	1.2431482331196317e-07	1.2431482331196317e-07	1.2431482331196317e-07	1.2431482331196317e-07	1.2431482331196317e-07	0.00012443913813527512	1.2431482331196317e-07	1.2431482331196317e-07	0.00037306878475920147	1.2431482331196317e-07	1.2431482331196317e-07	0.0004973836080711646	0.00012443913813527512	1.2431482331196317e-07	0.00037306878475920147	1.2431482331196317e-07	0.0004973836080711646	0.0002487539614472383	1.2431482331196317e-07	0.00012443913813527512	0.000746013254695091	0.00012443913813527512	0.00012443913813527512	0.0009946429013190173	0.00012443913813527512	0.0016162170178788333	0.0004973836080711646	1.2431482331196317e-07	0.00037306878475920147	0.0019891614878147224	0.00037306878475920147	0.0006216984313831277	0.002610735604374538	0.0017405318411907963	0.0017405318411907963	0.002362105957750612	0.0016162170178788333	0.00149190219456687	0.005345661717237728	0.0034809393675582804	0.0008703280780070541	0.021755218394416867	0.0049727172473018385	0.004351143130742023	0.024365829683968096	0.011561402882835888	0.0049727172473018385	0.02585760756371165	0.029089792969822694	0.009448050886532514	0.25173764152154876	0.03891066401146778	0.016285366168690488	0.10255985354719292	0.03455964519554907	0.03617573789860459	0.07471333312531318	0.05221235010584784	0.02374425556740828	0.05059625740279232	0.027846644736703063	0.008204902653412883	0.043385997650698456	0.007831958183476992	0.0017405318411907963	0.01243160664601963	0.010815513942964108	0.00149190219456687	0.006091550657109507	0.005345661717237728	0.0002487539614472383	0.005097032070613802	0.0019891614878147224	1.2431482331196317e-07	0.0016162170178788333	0.002237791134438649	0.0009946429013190173	0.0021134763111266856	0.0006216984313831277	1.2431482331196317e-07	0.000746013254695091	0.0006216984313831277	1.2431482331196317e-07	0.0013675873712549068	0.0008703280780070541	0.0002487539614472383	0.004599772777365949	0.0019891614878147224
1 5	7.377845201445791e-08	7.385223046647236e-05	7.377845201445791e-08	7.377845201445791e-08	7.377845201445791e-08	7.377845201445791e-08	7.377845201445791e-08	7.377845201445791e-08	7.377845201445791e-08	7.377845201445791e-08	7.377845201445791e-08	7.377845201445791e-08	7.385223046647236e-05	7.377845201445791e-08	7.377845201445791e-08	7.377845201445791e-08	0.0002214091344953882	7.377845201445791e-08	0.00014763068248093027	7.377845201445791e-08	7.385223046647236e-05	7.385223046647236e-05	0.0002214091344953882	7.377845201445791e-08	0.0005165229425532199	0.0014756428187411726	7.377845201445791e-08	7.377845201445791e-08	0.0002214091344953882	0.0002214091344953882	7.385223046647236e-05	0.0002951875865098461	0.00014763068248093027	7.385223046647236e-05	0.0005165229425532199	7.377845201445791e-08	0.0005903013945676778	0.0016969781747845465	0.0002951875865098461	0.0004427444905387619	0.0006640798465821357	0.0002214091344953882	0.0016969781747845465	0.0014018643667267146	0.0005903013945676778	0.0005165229425532199	0.013353973593068898	0.000368966038524304	0.0008116367506110515	0.005607236131550816	0.003984110187232741	0.0025085411469435836	0.0065663560077387694	0.00368899637917491	0.0022872057909002095	0.03342171254100145	0.007820589691984554	0.011214398484649618	0.08691109025148344	0.013353973593068898	0.03283148492488579	0.09355115093278465	0.026855430311714695	0.027740771735888188	0.07178650758851957	0.019698920466312275	0.017780680713936372	0.23646001248478965	0.016600225481705047	0.019625142014297818	0.04625916319151713	0.013722865853141187	0.01254241062090986	0.0259700888875412	0.013944201209184562	0.004648116255362863	0.0245682982992665	0.021026932602572518	0.002729876502986957	0.016674003933719504	0.0028036549550014152	0.004648116255362863	0.006492577555724311	0.002877433407015873	0.0011067505586688832	0.004943230063420696	0.0022872057909002095	7.377845201445791e-08	0.01010772170443275	0.0010329721066544251	0.0016231997227700884	0.009148601828244797	0.0034676610231315365
2 1	8.573073201797894e-05	0.00025702090588007473	0.00017137581894902684	0.00017137581894902684	0.0005139561666732184	8.573073201797894e-05	8.564508693104791e-08	8.564508693104791e-08	8.564508693104791e-08	0.00017137581894902684	0.0003426659928111226	8.564508693104791e-08	8.564508693104791e-08	0.001027826688259506	8.564508693104791e-08	0.00017137581894902684	0.001027826688259506	8.573073201797894e-05	0.0005139561666732184	0.0038541145569840865	0.00025702090588007473	0.0005996012536042663	0.002569438253018368	0.0005996012536042663	0.0021412128183631285	0.009934915729088488	0.0004283110797421705	0.004881855600156661	0.006080886817191333	0.0029120186007425596	0.005310081034811901	0.011476527293847351	0.006080886817191333	0.0115621723807784	0.04153795280664516	0.008307659077398579	0.04042456667654154	0.11425063161110484	0.024665870681228726	0.062007128583165615	0.10551483274413795	0.03271650885274723	0.05027375167361205	0.15159188951304173	0.027149578202229116	0.03836908459019639	0.0686018002768563	0.011048301859192112	0.022182163160228335	0.024580225594297678	0.0030833087746046555	0.017471683379020705	0.015244911118813459	0.0035971792961909427	0.00702298277343286	0.01884200476991747	0.002569438253018368	0.0027407284268804637	0.005310081034811901	0.0006852463405353143	0.002569438253018368	0.003511534209259895	0.0014560521229147452	0.0024837931660873203	0.0027407284268804637	0.0008565365143974101	0.0004283110797421705	0.003511534209259895	0.0005139561666732184	0.0005139561666732184	0.0008565365143974101	0.00017137581894902684	0.000942181601328458	0.00025702090588007473	0.0005139561666732184	8.564508693104791e-08	0.001712987383707889	0.0007708914274663621	0.00017137581894902684	0.0006852463405353143	0.00025702090588007473	0.00025702090588007473	0.00017137581894902684	8.573073201797894e-05	8.564508693104791e-08	0.0003426659928111226	8.564508693104791e-08	8.564508693104791e-08	0.0003426659928111226	8.573073201797894e-05	8.564508693104791e-08	0.0006852463405353143	8.564508693104791e-08
2 2	0.0003495515893501825	8.736605582358974e-08	0.000524283700997362	0.00017481947770300307	0.0002621855335265928	8.736605582358974e-08	8.736605582358974e-08	0.00043691764517377225	0.00017481947770300307	0.000524283700997362	0.00017481947770300307	8.745342187941333e-05	0.00017481947770300307	8.736605582358974e-08	0.00017481947770300307	8.736605582358974e-08	0.0002621855335265928	8.745342187941333e-05	0.00043691764517377225	0.00043691764517377225	0.00017481947770300307	8.736605582358974e-08	0.0012232121475860799	0.0006116497568209517	0.0003495515893501825	0.009959817729945055	0.00017481947770300307	0.000873747924291721	0.0012232121475860799	0.0011358460917624902	0.0009611139801153107	0.005154684659647618	0.0022716048174691566	0.0027084350965871054	0.007600934222708132	0.009872451674121464	0.0050673186038240284	0.05547753281403531	0.01092084434400454	0.01153240673476967	0.025510975666544027	0.01782276275406813	0.014590218688595311	0.045343070338498895	0.017036468251655824	0.01869642331230403	0.4588466125515492	0.01869642331230403	0.017036468251655824	0.045343070338498895	0.014590218688595311	0.01782276275406813	0.025510975666544027	0.01153240673476967	0.01092084434400454	0.05547753281403531	0.0050673186038240284	0.009872451674121464	0.007600934222708132	0.0027084350965871054	0.0022716048174691566	0.005154684659647618	0.0009611139801153107	0.0011358460917624902	0.0012232121475860799	0.000873747924291721	0.00017481947770300307	0.009959817729945055	0.0003495515893501825	0.0006116497568209517	0.0012232121475860799	8.736605582358974e-08	0.00017481947770300307	0.00043691764517377225	0.00043691764517377225	8.745342187941333e-05	0.0002621855335265928	8.736605582358974e-08	0.00017481947770300307	8.736605582358974e-08	0.00017481947770300307	8.745342187941333e-05	0.00017481947770300307	0.000524283700997362	0.00017481947770300307	0.00043691764517377225	8.736605582358974e-08	8.736605582358974e-08	0.0002621855335265928	0.00017481947770300307	0.000524283700997362	8.736605582358974e-08	0.0003495515893501825
2 3	1.0799027612357672e-07	1.0799027612357672e-07	1.0799027612357672e-07	0.000216088542523277	1.0799027612357672e-07	1.0799027612357672e-07	1.0799027612357672e-07	0.0003240788186468537	0.00010809826639970028	0.000216088542523277	0.0004320690947704304	1.0799027612357672e-07	1.0799027612357672e-07	0.00010809826639970028	0.00010809826639970028	0.00010809826639970028	1.0799027612357672e-07	1.0799027612357672e-07	0.000216088542523277	0.0004320690947704304	0.00010809826639970028	1.0799027612357672e-07	0.0003240788186468537	1.0799027612357672e-07	0.00010809826639970028	0.0015119718560061975	0.0004320690947704304	0.0004320690947704304	0.001403981579882621	0.0003240788186468537	0.0011880010276354674	0.003239816273983425	0.001403981579882621	0.001403981579882621	0.003671777378477732	0.005615602348702113	0.0021599135127476576	0.020734241006002855	0.004319719035219192	0.0053996217964549596	0.015550707752071171	0.007019475938308611	0.0074514370428029175	0.03369307414083206	0.009503252289150875	0.026673706192799573	0.08272065950093589	0.043736169820324695	0.0631744195225685	0.18347558712423298	0.04783980031302061	0.06976182636610669	0.08077683453071151	0.048919703074256374	0.02418992984195731	0.08671629971750823	0.010475164774263065	0.011879038363869563	0.026997677021170303	0.007127466214432188	0.008099378699544378	0.012526980020611023	0.004751680139713499	0.0029158454456126946	0.004211728759095615	0.0015119718560061975	0.0010800107515118906	0.007667417595050071	0.000972020475388314	0.000972020475388314	0.0033478065501070017	0.0012959913037590442	0.0007560399231411605	0.002051923236624081	0.0003240788186468537	0.00010809826639970028	0.0005400593708940071	1.0799027612357672e-07	0.000216088542523277	0.0006480496470175839	1.0799027612357672e-07	1.0799027612357672e-07	0.0004320690947704304	0.00010809826639970028	0.00010809826639970028	0.0004320690947704304	0.000216088542523277	0.000216088542523277	1.0799027612357672e-07	1.0799027612357672e-07	1.0799027612357672e-07	0.0006480496470175839	0.00010809826639970028
2 4	1.868777089091892e-07	1.868777089091892e-07	1.868777089091892e-07	1.868777089091892e-07	1.868777089091892e-07	1.868777089091892e-07	1.868777089091892e-07	1.868777089091892e-07	1.868777089091892e-07	1.868777089091892e-07	0.00018706458661809836	1.868777089091892e-07	1.868777089091892e-07	0.00037394229552728753	0.00018706458661809836	0.00018706458661809836	0.00037394229552728753	1.868777089091892e-07	1.868777089091892e-07	0.00018706458661809836	0.00018706458661809836	0.00037394229552728753	0.00037394229552728753	1.868777089091892e-07	1.868777089091892e-07	0.0011214531311640442	1.868777089091892e-07	1.868777089091892e-07	0.00018706458661809836	0.00037394229552728753	0.000934575422254855	0.0018689639668008008	0.0011214531311640442	0.0011214531311640442	0.0024295970935283686	0.00037394229552728753	0.0018689639668008008	0.002803352511346747	0.0011214531311640442	0.004672129600438639	0.010652216285532692	0.0016820862578916117	0.0041114964737110704	0.01850108005971864	0.0018689639668008008	0.007662172942985665	0.05438160017028296	0.00654090668953053	0.02279926736462999	0.039057628039729446	0.0347594407348181	0.0519521899544635	0.19042857225617268	0.046906491813915395	0.05157843453664512	0.16968514656725267	0.03887075033082026	0.02765808779626891	0.0674630397939262	0.019435468604264584	0.018874835477537016	0.015324159008262422	0.012707871083533774	0.005419640436075395	0.012894748792442963	0.003550863346983503	0.0013083308400732333	0.015511036717171613	0.0026164748024375575	0.0016820862578916117	0.002242719384619179	0.0005608200044364768	0.0018689639668008008	0.0024295970935283686	0.00018706458661809836	0.0016820862578916117	0.004672129600438639	0.00018706458661809836	0.00018706458661809836	0.0024295970935283686	0.00018706458661809836	1.868777089091892e-07	0.00037394229552728753	0.00018706458661809836	0.00018706458661809836	0.0005608200044364768	1.868777089091892e-07	1.868777089091892e-07	0.0011214531311640442	0.0005608200044364768	0.00018706458661809836	0.0007476977133456658	0.0011214531311640442
2 5	1.4882961137760706e-07	1.4882961137760706e-07	1.4882961137760706e-07	0.00014897844098898464	1.4882961137760706e-07	1.4882961137760706e-07	1.4882961137760706e-07	1.4882961137760706e-07	1.4882961137760706e-07	1.4882961137760706e-07	1.4882961137760706e-07	1.4882961137760706e-07	1.4882961137760706e-07	1.4882961137760706e-07	1.4882961137760706e-07	1.4882961137760706e-07	1.4882961137760706e-07	1.4882961137760706e-07	1.4882961137760706e-07	0.0002978080523665917	1.4882961137760706e-07	0.00014897844098898464	0.00044663766374419876	1.4882961137760706e-07	1.4882961137760706e-07	0.00044663766374419876	1.4882961137760706e-07	1.4882961137760706e-07	0.0002978080523665917	0.00014897844098898464	0.0002978080523665917	0.0002978080523665917	0.00014897844098898464	0.00014897844098898464	0.001488444943387448	0.0002978080523665917	0.00044663766374419876	0.001934933777520269	0.0008931264978770198	0.0002978080523665917	0.001934933777520269	0.0008931264978770198	0.001934933777520269	0.0038697187254291606	0.0002978080523665917	0.0008931264978770198	0.017115554138036188	0.002827911445785911	0.005953333284715659	0.01205534735119755	0.00639982211884848	0.02455703470691654	0.025301182763804577	0.014287791521861656	0.0363145740057475	0.23217434257867836	0.017115554138036188	0.05432295698243795	0.1314166956760384	0.020985124033853973	0.06503868900162565	0.06578283705851369	0.02664064926620304	0.032296174498552106	0.030361389550643218	0.009971732791911051	0.004465037170939589	0.04569083952253674	0.001637274554765055	0.00639982211884848	0.009227584735023015	0.0007442968864994128	0.007590459009869337	0.008781095900890193	0.004018548336806768	0.002530252223030697	0.007590459009869337	0.006697481341603695	0.0020837633888978763	0.010864710460176693	0.0005954672751218057	0.0020837633888978763	0.004167377948184375	0.001339615332009841	0.0005954672751218057	0.001934933777520269	0.001786104166142662	0.0002978080523665917	0.005655674061960445	0.001786104166142662	0.001934933777520269	0.007739288621246944	0.002827911445785911
3 1	0.0005116961775489817	0.00038380410617957865	0.0002559120348101756	0.00038380410617957865	0.00038380410617957865	1.278920713694031e-07	0.0006395882489183848	0.00012801996344077247	0.00012801996344077247	0.00038380410617957865	0.00038380410617957865	0.0002559120348101756	0.0006395882489183848	0.0011511565343959973	1.278920713694031e-07	0.00038380410617957865	0.0010232644630265941	1.278920713694031e-07	0.0011511565343959973	0.003836890033153462	0.0005116961775489817	0.0034532138190452527	0.004348458318631074	0.000895372391657191	0.003581105890414656	0.0177771258124184	0.000895372391657191	0.009464141173407199	0.018544478240634817	0.007801544245604958	0.02276491659582512	0.04028613037343334	0.02276491659582512	0.03235682194853035	0.09093139063571697	0.018032909955157207	0.050005927797507975	0.14809914653784015	0.025322758023213182	0.048215438798336334	0.1301942565461237	0.022637024524455717	0.039390885873847516	0.041309266944388565	0.012021982600795261	0.014579824028183322	0.058446804507888576	0.0014069406771348033	0.009592033244776602	0.033891526804963185	0.0030695376049370434	0.012149874672164664	0.010359385672993021	0.0019185089626124158	0.002430077248090028	0.006522623531910927	0.0014069406771348033	0.0019185089626124158	0.002557969319459431	0.0002559120348101756	0.0005116961775489817	0.0010232644630265941	0.002813753462198237	0.0011511565343959973	0.0014069406771348033	1.278920713694031e-07	0.0010232644630265941	0.0010232644630265941	0.0005116961775489817	1.278920713694031e-07	0.00012801996344077247	1.278920713694031e-07	0.00012801996344077247	0.0010232644630265941	0.00012801996344077247	0.00012801996344077247	0.0011511565343959973	0.00012801996344077247	1.278920713694031e-07	0.0005116961775489817	0.0002559120348101756	0.00012801996344077247	0.00012801996344077247	1.278920713694031e-07	0.00012801996344077247	0.0012790486057654002	1.278920713694031e-07	1.278920713694031e-07	0.000895372391657191	1.278920713694031e-07	1.278920713694031e-07	0.0002559120348101756	1.278920713694031e-07
3 2	0.00010809826639970028	0.0006480496470175839	1.0799027612357672e-07	1.0799027612357672e-07	1.0799027612357672e-07	0.000216088542523277	0.000216088542523277	0.0004320690947704304	0.00010809826639970028	0.00010809826639970028	0.0004320690947704304	1.0799027612357672e-07	1.0799027612357672e-07	0.0006480496470175839	0.000216088542523277	1.0799027612357672e-07	0.0005400593708940071	0.00010809826639970028	0.0003240788186468537	0.002051923236624081	0.0007560399231411605	0.0012959913037590442	0.0033478065501070017	0.000972020475388314	0.000972020475388314	0.007667417595050071	0.0010800107515118906	0.0015119718560061975	0.004211728759095615	0.0029158454456126946	0.004751680139713499	0.012526980020611023	0.008099378699544378	0.007127466214432188	0.026997677021170303	0.011879038363869563	0.010475164774263065	0.08671629971750823	0.02418992984195731	0.048919703074256374	0.08077683453071151	0.06976182636610669	0.04783980031302061	0.18347558712423298	0.0631744195225685	0.043736169820324695	0.08272065950093589	0.026673706192799573	0.009503252289150875	0.03369307414083206	0.0074514370428029175	0.007019475938308611	0.015550707752071171	0.0053996217964549596	0.004319719035219192	0.020734241006002855	0.0021599135127476576	0.005615602348702113	0.003671777378477732	0.001403981579882621	0.001403981579882621	0.003239816273983425	0.0011880010276354674	0.0003240788186468537	0.001403981579882621	0.0004320690947704304	0.0004320690947704304	0.0015119718560061975	0.00010809826639970028	1.0799027612357672e-07	0.0003240788186468537	1.0799027612357672e-07	0.00010809826639970028	0.0004320690947704304	0.000216088542523277	1.0799027612357672e-07	1.0799027612357672e-07	0.00010809826639970028	0.00010809826639970028	0.00010809826639970028	1.0799027612357672e-07	1.0799027612357672e-07	0.0004320690947704304	0.000216088542523277	0.00010809826639970028	0.0003240788186468537	1.0799027612357672e-07	1.0799027612357672e-07	1.0799027612357672e-07	0.000216088542523277	1.0799027612357672e-07	1.0799027612357672e-07	1.0799027612357672e-07
3 3	0.0002503098225151996	1.2509236507506228e-07	1.2509236507506228e-07	0.0005004945526653241	0.00012521745744013731	0.0002503098225151996	0.00012521745744013731	1.2509236507506228e-07	0.0002503098225151996	1.2509236507506228e-07	0.00012521745744013731	0.00012521745744013731	1.2509236507506228e-07	0.00037540218759026184	0.00012521745744013731	0.00012521745744013731	0.0007506792828154487	1.2509236507506228e-07	0.00037540218759026184	1.2509236507506228e-07	0.00037540218759026184	0.00012521745744013731	0.00037540218759026184	0.00012521745744013731	0.003252526584316694	0.009382052472994746	0.0002503098225151996	0.0005004945526653241	0.0008757716478905109	0.0018765105684910091	0.002752157124016445	0.0026270647589413825	0.0006255869177403863	0.003627803679541881	0.009507144838069808	0.0038779884096920053	0.006504928076268313	0.062171030534671025	0.011758807409420929	0.015886855456897983	0.029772107980229896	0.014635931806147362	0.01726287147272367	0.04791050091611392	0.013259915790321677	0.016262132552123172	0.44182635853748503	0.016262132552123172	0.013259915790321677	0.04791050091611392	0.01726287147272367	0.014635931806147362	0.029772107980229896	0.015886855456897983	0.011758807409420929	0.062171030534671025	0.006504928076268313	0.0038779884096920053	0.009507144838069808	0.003627803679541881	0.0006255869177403863	0.0026270647589413825	0.002752157124016445	0.0018765105684910091	0.0008757716478905109	0.0005004945526653241	0.0002503098225151996	0.009382052472994746	0.003252526584316694	0.00012521745744013731	0.00037540218759026184	0.00012521745744013731	0.00037540218759026184	1.2509236507506228e-07	0.00037540218759026184	1.2509236507506228e-07	0.0007506792828154487	0.00012521745744013731	0.00012521745744013731	0.00037540218759026184	1.2509236507506228e-07	0.00012521745744013731	0.00012521745744013731	1.2509236507506228e-07	0.0002503098225151996	1.2509236507506228e-07	0.00012521745744013731	0.0002503098225151996	0.00012521745744013731	0.0005004945526653241	1.2509236507506228e-07	1.2509236507506228e-07	0.0002503098225151996
3 4	2.415404678107472e-07	2.415404678107472e-07	2.415404678107472e-07	2.415404678107472e-07	2.415404678107472e-07	0.0009664034117107995	2.415404678107472e-07	0.00024178200827855792	2.415404678107472e-07	0.00024178200827855792	2.415404678107472e-07	2.415404678107472e-07	2.415404678107472e-07	2.415404678107472e-07	2.415404678107472e-07	0.00024178200827855792	0.0007248629439000524	2.415404678107472e-07	2.415404678107472e-07	0.0009664034117107995	0.0007248629439000524	2.415404678107472e-07	0.00024178200827855792	2.415404678107472e-07	0.0009664034117107995	0.005797212767925743	0.0009664034117107995	0.0009664034117107995	0.0036233485576290187	0.00048332247608930514	0.0007248629439000524	0.0012079438795215467	0.00048332247608930514	0.0019325652829537882	0.004831050896682754	0.00434796996106126	0.004589510428872007	0.03647285217989064	0.009661860252897699	0.010628022124140686	0.014975750544734137	0.008212617446033216	0.011835724463194423	0.03309128563054018	0.004831050896682754	0.029951259549000464	0.08357324340298633	0.031400502355864945	0.06690695112404478	0.25965624443702107	0.048549875570428	0.07632702936866392	0.05193144211977846	0.02415428832154253	0.018115776626273852	0.044685228085456045	0.00942031978508695	0.01207726493100517	0.027052773935271498	0.004831050896682754	0.00603875323573649	0.010144941188519193	0.002898727154196777	0.0012079438795215467	0.007004915106979479	0.00265718668638603	0.0009664034117107995	0.004589510428872007	2.415404678107472e-07	2.415404678107472e-07	0.0019325652829537882	2.415404678107472e-07	0.0009664034117107995	0.0012079438795215467	0.0007248629439000524	2.415404678107472e-07	0.0007248629439000524	2.415404678107472e-07	2.415404678107472e-07	0.0007248629439000524	0.00024178200827855792	2.415404678107472e-07	0.00048332247608930514	0.0007248629439000524	0.00024178200827855792	0.0009664034117107995	0.00024178200827855792	2.415404678107472e-07	0.00024178200827855792	0.00048332247608930514	0.00048332247608930514	0.00048332247608930514	2.415404678107472e-07
3 5	2.0759408215701874e-07	2.0759408215701874e-07	2.0759408215701874e-07	2.0759408215701874e-07	2.0759408215701874e-07	2.0759408215701874e-07	0.00020780167623917574	2.0759408215701874e-07	2.0759408215701874e-07	2.0759408215701874e-07	2.0759408215701874e-07	2.0759408215701874e-07	2.0759408215701874e-07	0.00020780167623917574	0.00020780167623917574	0.00041539575839619447	2.0759408215701874e-07	0.00041539575839619447	0.00020780167623917574	0.00020780167623917574	2.0759408215701874e-07	2.0759408215701874e-07	0.00020780167623917574	2.0759408215701874e-07	0.0006229898405532132	0.00041539575839619447	0.00020780167623917574	0.00020780167623917574	0.0018685543334953255	0.00041539575839619447	0.0014533661691812881	0.00041539575839619447	2.0759408215701874e-07	0.0012457720870242693	0.003114118826437438	0.0014533661691812881	0.0008305839227102319	0.0033217129085944563	0.0014533661691812881	0.0018685543334953255	0.005812841894478681	0.0016609602513383067	0.005812841894478681	0.007266000469577812	0.0014533661691812881	0.007266000469577812	0.043387370764899076	0.0051900596480076245	0.03632917197156044	0.040481053614700814	0.02740262643880863	0.07099738369178256	0.1812298413171595	0.041311429943328884	0.04234940035411398	0.13618192548908645	0.02615706194586652	0.02117480397409807	0.058541738762361434	0.0060204359766357	0.025326685617238442	0.031554508081949005	0.006435624140949737	0.01079509986624713	0.010172317619776074	0.005397653730164644	0.003944495155065513	0.028025408685279685	0.002283742497809363	0.0026989306621234004	0.015154575591544525	0.0010381780048672505	0.005812841894478681	0.011210288030561169	0.007473594551734831	0.004152089237222531	0.008926753126833963	0.0016609602513383067	0.0020761484156523445	0.007473594551734831	0.0014533661691812881	0.0018685543334953255	0.0018685543334953255	0.0014533661691812881	0.0006229898405532132	0.00041539575839619447	0.00020780167623917574	0.00020780167623917574	0.0045672774015365685	0.0010381780048672505	0.0012457720870242693	0.0045672774015365685	0.0018685543334953255
4 1	0.001989161487814723	0.00459977277736595	0.00024875396144723833	0.0008703280780070542	0.001367587371254907	1.243148233119632e-07	0.0006216984313831279	0.000746013254695091	1.243148233119632e-07	0.0006216984313831279	0.002113476311126686	0.0009946429013190175	0.0022377911344386493	0.0016162170178788333	1.243148233119632e-07	0.001989161487814723	0.005097032070613803	0.00024875396144723833	0.005345661717237729	0.006091550657109508	0.0014919021945668702	0.01081551394296411	0.012431606646019631	0.0017405318411907965	0.007831958183476992	0.04338599765069846	0.008204902653412883	0.027846644736703067	0.050596257402792326	0.023744255567408282	0.05221235010584785	0.07471333312531318	0.0361757378986046	0.03455964519554908	0.10255985354719294	0.01628536616869049	0.03891066401146779	0.25173764152154876	0.009448050886532515	0.029089792969822698	0.025857607563711655	0.004972717247301839	0.01156140288283589	0.024365829683968096	0.004351143130742023	0.004972717247301839	0.02175521839441687	0.0008703280780070542	0.003480939367558281	0.005345661717237729	0.0014919021945668702	0.0016162170178788333	0.002362105957750612	0.0017405318411907965	0.0017405318411907965	0.0026107356043745386	0.0006216984313831279	0.0003730687847592015	0.001989161487814723	0.0003730687847592015	1.243148233119632e-07	0.0004973836080711646	0.0016162170178788333	0.00012443913813527514	0.0009946429013190175	0.00012443913813527514	0.00012443913813527514	0.000746013254695091	0.00012443913813527514	1.243148233119632e-07	0.00024875396144723833	0.0004973836080711646	1.243148233119632e-07	0.0003730687847592015	1.243148233119632e-07	0.00012443913813527514	0.0004973836080711646	1.243148233119632e-07	1.243148233119632e-07	0.0003730687847592015	1.243148233119632e-07	1.243148233119632e-07	0.00012443913813527514	1.243148233119632e-07	1.243148233119632e-07	1.243148233119632e-07	1.243148233119632e-07	1.243148233119632e-07	0.00024875396144723833	1.243148233119632e-07	1.243148233119632e-07	1.243148233119632e-07	0.00012443913813527514
4 2	0.0011214531311640444	0.0007476977133456659	0.00018706458661809839	0.0005608200044364768	0.0011214531311640444	1.8687770890918922e-07	1.8687770890918922e-07	0.0005608200044364768	0.00018706458661809839	0.00018706458661809839	0.0003739422955272876	1.8687770890918922e-07	0.00018706458661809839	0.002429597093528369	0.00018706458661809839	0.00018706458661809839	0.0046721296004386395	0.001682086257891612	0.00018706458661809839	0.002429597093528369	0.0018689639668008013	0.0005608200044364768	0.0022427193846191796	0.001682086257891612	0.002616474802437558	0.015511036717171614	0.0013083308400732335	0.0035508633469835036	0.012894748792442966	0.005419640436075396	0.012707871083533776	0.015324159008262426	0.01887483547753702	0.019435468604264587	0.0674630397939262	0.027658087796268913	0.03887075033082027	0.1696851465672527	0.05157843453664513	0.0469064918139154	0.1904285722561727	0.051952189954463504	0.034759440734818105	0.03905762803972945	0.022799267364629994	0.006540906689530532	0.054381600170282964	0.007662172942985666	0.0018689639668008013	0.018501080059718643	0.004111496473711071	0.001682086257891612	0.010652216285532694	0.0046721296004386395	0.0011214531311640444	0.0028033525113467473	0.0018689639668008013	0.0003739422955272876	0.002429597093528369	0.0011214531311640444	0.0011214531311640444	0.0018689639668008013	0.0009345754222548551	0.0003739422955272876	0.00018706458661809839	1.8687770890918922e-07	1.8687770890918922e-07	0.0011214531311640444	1.8687770890918922e-07	1.8687770890918922e-07	0.0003739422955272876	0.0003739422955272876	0.00018706458661809839	0.00018706458661809839	1.8687770890918922e-07	1.8687770890918922e-07	0.0003739422955272876	0.00018706458661809839	0.00018706458661809839	0.0003739422955272876	1.8687770890918922e-07	1.8687770890918922e-07	0.00018706458661809839	1.8687770890918922e-07	1.8687770890918922e-07	1.8687770890918922e-07	1.8687770890918922e-07	1.8687770890918922e-07	1.8687770890918922e-07	1.8687770890918922e-07	1.8687770890918922e-07	1.8687770890918922e-07	1.8687770890918922e-07
4 3	2.4154046781074725e-07	0.00048332247608930525	0.00048332247608930525	0.00048332247608930525	0.00024178200827855797	2.4154046781074725e-07	0.00024178200827855797	0.0009664034117107997	0.00024178200827855797	0.0007248629439000525	0.00048332247608930525	2.4154046781074725e-07	0.00024178200827855797	0.0007248629439000525	2.4154046781074725e-07	2.4154046781074725e-07	0.0007248629439000525	2.4154046781074725e-07	0.0007248629439000525	0.001207943879521547	0.0009664034117107997	2.4154046781074725e-07	0.0019325652829537887	2.4154046781074725e-07	2.4154046781074725e-07	0.004589510428872008	0.0009664034117107997	0.0026571866863860302	0.00700491510697948	0.001207943879521547	0.0028987271541967776	0.010144941188519194	0.006038753235736492	0.004831050896682755	0.027052773935271505	0.012077264931005173	0.009420319785086954	0.04468522808545605	0.018115776626273856	0.02415428832154254	0.05193144211977847	0.07632702936866394	0.04854987557042801	0.2596562444370211	0.0669069511240448	0.03140050235586495	0.08357324340298636	0.02995125954900047	0.004831050896682755	0.03309128563054019	0.011835724463194426	0.008212617446033217	0.01497575054473414	0.01062802212414069	0.0096618602528977	0.036472852179890644	0.004589510428872008	0.004347969961061261	0.004831050896682755	0.0019325652829537887	0.00048332247608930525	0.001207943879521547	0.0007248629439000525	0.00048332247608930525	0.0036233485576290195	0.0009664034117107997	0.0009664034117107997	0.005797212767925744	0.0009664034117107997	2.4154046781074725e-07	0.00024178200827855797	2.4154046781074725e-07	0.0007248629439000525	0.0009664034117107997	2.4154046781074725e-07	2.4154046781074725e-07	0.0007248629439000525	0.00024178200827855797	2.4154046781074725e-07	2.4154046781074725e-07	2.4154046781074725e-07	2.4154046781074725e-07	2.4154046781074725e-07	0.00024178200827855797	2.4154046781074725e-07	0.00024178200827855797	2.4154046781074725e-07	0.0009664034117107997	2.4154046781074725e-07	2.4154046781074725e-07	2.4154046781074725e-07	2.4154046781074725e-07	2.4154046781074725e-07
4 4	3.0302176332606376e-07	0.0003033247850893898	3.0302176332606376e-07	3.0302176332606376e-07	3.0302176332606376e-07	3.0302176332606376e-07	3.0302176332606376e-07	0.0003033247850893898	3.0302176332606376e-07	3.0302176332606376e-07	0.0009093683117415174	3.0302176332606376e-07	3.0302176332606376e-07	3.0302176332606376e-07	3.0302176332606376e-07	3.0302176332606376e-07	0.0003033247850893898	3.0302176332606376e-07	0.0018184336017197085	0.0006063465484154536	0.0003033247850893898	3.0302176332606376e-07	0.0009093683117415174	0.0003033247850893898	0.0003033247850893898	0.00848491239489311	0.0003033247850893898	0.0003033247850893898	0.004545629471654282	0.0027274988916979	0.0009093683117415174	0.003636564181676091	0.002121455365045772	0.0015154118383936448	0.00848491239489311	0.0009093683117415174	0.003939585945002155	0.020605782927935665	0.004242607708328219	0.01242419531813194	0.020908804691261728	0.009696999448197366	0.016666500004696834	0.04605961104732502	0.012121173554805876	0.011212108264827684	0.6042256990939345	0.011212108264827684	0.012121173554805876	0.04605961104732502	0.016666500004696834	0.009696999448197366	0.020908804691261728	0.01242419531813194	0.004242607708328219	0.020605782927935665	0.003939585945002155	0.0009093683117415174	0.00848491239489311	0.0015154118383936448	0.002121455365045772	0.003636564181676091	0.0009093683117415174	0.0027274988916979	0.004545629471654282	0.0003033247850893898	0.0003033247850893898	0.00848491239489311	0.0003033247850893898	0.0003033247850893898	0.0009093683117415174	3.0302176332606376e-07	0.0003033247850893898	0.0006063465484154536	0.0018184336017197085	3.0302176332606376e-07	0.0003033247850893898	3.0302176332606376e-07	3.0302176332606376e-07	3.0302176332606376e-07	3.0302176332606376e-07	3.0302176332606376e-07	0.0009093683117415174	3.0302176332606376e-07	3.0302176332606376e-07	0.0003033247850893898	3.0302176332606376e-07	3.0302176332606376e-07	3.0302176332606376e-07	3.0302176332606376e-07	3.0302176332606376e-07	0.0003033247850893898	3.0302176332606376e-07
4 5	2.6252968882618507e-07	2.6252968882618507e-07	2.6252968882618507e-07	0.00026279221851501123	2.6252968882618507e-07	2.6252968882618507e-07	2.6252968882618507e-07	0.0010503812849935663	2.6252968882618507e-07	2.6252968882618507e-07	2.6252968882618507e-07	2.6252968882618507e-07	2.6252968882618507e-07	0.0007878515961673814	2.6252968882618507e-07	2.6252968882618507e-07	0.00026279221851501123	2.6252968882618507e-07	0.0007878515961673814	2.6252968882618507e-07	2.6252968882618507e-07	2.6252968882618507e-07	2.6252968882618507e-07	0.00026279221851501123	2.6252968882618507e-07	0.0005253219073411964	0.0007878515961673814	0.0007878515961673814	0.003150618795603047	0.0005253219073411964	0.00026279221851501123	0.0021005000402983067	0.0013129109738197514	0.0021005000402983067	0.002888089106776862	0.0010503812849935663	0.0021005000402983067	0.009188801638605304	0.0015754406626459366	0.004988326617386342	0.013389276659824265	0.0036756781732554173	0.01470192510395519	0.01968998919165271	0.007876153194474378	0.019427459502826525	0.06116968002618995	0.01968998919165271	0.07009568944628024	0.20398583074763463	0.044367779941314106	0.05171861122844729	0.07088327851275879	0.025203112657002594	0.016802162614564672	0.06353244722562562	0.010501450082736228	0.010763979771562415	0.06169473940384232	0.0036756781732554173	0.008401212572126749	0.009188801638605304	0.011814098526867154	0.006038445372691083	0.006826034439169637	0.008401212572126749	0.0015754406626459366	0.03491671114357144	0.0005253219073411964	0.003938207862081602	0.01575204385925993	0.0018379703514721216	0.002888089106776862	0.005513385995038712	0.0018379703514721216	0.003413148484429232	0.004725796928560157	0.0013129109738197514	0.002888089106776862	0.014439395415129005	2.6252968882618507e-07	0.003413148484429232	0.0018379703514721216	0.0018379703514721216	0.0010503812849935663	0.00026279221851501123	0.00026279221851501123	2.6252968882618507e-07	0.008138682883300562	2.6252968882618507e-07	0.0005253219073411964	0.006300975061517267	0.0005253219073411964
5 1	0.003467661023131536	0.009148601828244795	0.0016231997227700882	0.0010329721066544251	0.010107721704432748	7.377845201445791e-08	0.0022872057909002095	0.004943230063420695	0.001106750558668883	0.002877433407015873	0.0064925775557243106	0.004648116255362863	0.002803654955001415	0.0166740039337195	0.0027298765029869568	0.021026932602572514	0.024568298299266496	0.004648116255362863	0.013944201209184558	0.025970088887541196	0.012542410620909859	0.013722865853141185	0.04625916319151712	0.019625142014297815	0.016600225481705044	0.23646001248478962	0.017780680713936372	0.019698920466312275	0.07178650758851955	0.027740771735888185	0.026855430311714692	0.09355115093278464	0.03283148492488578	0.013353973593068896	0.08691109025148343	0.011214398484649616	0.007820589691984552	0.033421712541001444	0.0022872057909002095	0.0036889963791749097	0.006566356007738769	0.002508541146943583	0.003984110187232741	0.005607236131550816	0.0008116367506110514	0.00036896603852430395	0.013353973593068896	0.0005165229425532198	0.0005903013945676777	0.0014018643667267146	0.0016969781747845462	0.00022140913449538818	0.0006640798465821356	0.00044274449053876186	0.00029518758650984604	0.0016969781747845462	0.0005903013945676777	7.377845201445791e-08	0.0005165229425532198	7.385223046647236e-05	0.00014763068248093027	0.00029518758650984604	7.385223046647236e-05	0.00022140913449538818	0.00022140913449538818	7.377845201445791e-08	7.377845201445791e-08	0.0014756428187411724	0.0005165229425532198	7.377845201445791e-08	0.00022140913449538818	7.385223046647236e-05	7.385223046647236e-05	7.377845201445791e-08	0.00014763068248093027	7.377845201445791e-08	0.00022140913449538818	7.377845201445791e-08	7.377845201445791e-08	7.377845201445791e-08	7.385223046647236e-05	7.377845201445791e-08	7.377845201445791e-08	7.377845201445791e-08	7.377845201445791e-08	7.377845201445791e-08	7.377845201445791e-08	7.377845201445791e-08	7.377845201445791e-08	7.377845201445791e-08	7.377845201445791e-08	7.385223046647236e-05	7.377845201445791e-08
5 2	0.002827911445785911	0.007739288621246944	0.001934933777520269	0.001786104166142662	0.005655674061960445	0.0002978080523665917	0.001786104166142662	0.001934933777520269	0.0005954672751218057	0.001339615332009841	0.004167377948184375	0.0020837633888978763	0.0005954672751218057	0.010864710460176693	0.0020837633888978763	0.006697481341603695	0.007590459009869337	0.002530252223030697	0.004018548336806768	0.008781095900890193	0.007590459009869337	0.0007442968864994128	0.009227584735023015	0.00639982211884848	0.001637274554765055	0.04569083952253674	0.004465037170939589	0.009971732791911051	0.030361389550643218	0.032296174498552106	0.02664064926620304	0.06578283705851369	0.06503868900162565	0.020985124033853973	0.1314166956760384	0.05432295698243795	0.017115554138036188	0.23217434257867836	0.0363145740057475	0.014287791521861656	0.025301182763804577	0.02455703470691654	0.00639982211884848	0.01205534735119755	0.005953333284715659	0.002827911445785911	0.017115554138036188	0.0008931264978770198	0.0002978080523665917	0.0038697187254291606	0.001934933777520269	0.0008931264978770198	0.001934933777520269	0.0002978080523665917	0.0008931264978770198	0.001934933777520269	0.00044663766374419876	0.0002978080523665917	0.001488444943387448	0.00014897844098898464	0.00014897844098898464	0.0002978080523665917	0.0002978080523665917	0.00014897844098898464	0.0002978080523665917	1.4882961137760706e-07	1.4882961137760706e-07	0.00044663766374419876	1.4882961137760706e-07	1.4882961137760706e-07	0.00044663766374419876	0.00014897844098898464	1.4882961137760706e-07	0.0002978080523665917	1.4882961137760706e-07	1.4882961137760706e-07	1.4882961137760706e-07	1.4882961137760706e-07	1.4882961137760706e-07	1.4882961137760706e-07	1.4882961137760706e-07	1.4882961137760706e-07	1.4882961137760706e-07	1.4882961137760706e-07	1.4882961137760706e-07	1.4882961137760706e-07	1.4882961137760706e-07	1.4882961137760706e-07	1.4882961137760706e-07	0.00014897844098898464	1.4882961137760706e-07	1.4882961137760706e-07	1.4882961137760706e-07
5 3	0.001868554333495326	0.00456727740153657	0.0012457720870242698	0.001038178004867251	0.00456727740153657	0.00020780167623917582	0.00020780167623917582	0.00041539575839619463	0.0006229898405532134	0.0014533661691812885	0.001868554333495326	0.001868554333495326	0.0014533661691812885	0.007473594551734834	0.002076148415652345	0.0016609602513383073	0.008926753126833966	0.004152089237222533	0.007473594551734834	0.011210288030561172	0.005812841894478683	0.001038178004867251	0.015154575591544532	0.0026989306621234017	0.0022837424978093637	0.0280254086852797	0.003944495155065514	0.005397653730164645	0.010172317619776078	0.010795099866247135	0.00643562414094974	0.03155450808194902	0.025326685617238453	0.006020435976635702	0.058541738762361455	0.021174803974098075	0.02615706194586653	0.1361819254890865	0.042349400354114	0.041311429943328905	0.18122984131715958	0.07099738369178259	0.02740262643880864	0.04048105361470083	0.03632917197156045	0.005190059648007627	0.04338737076489909	0.007266000469577815	0.0014533661691812885	0.007266000469577815	0.005812841894478683	0.0016609602513383073	0.005812841894478683	0.001868554333495326	0.0014533661691812885	0.0033217129085944576	0.0008305839227102322	0.0014533661691812885	0.0031141188264374392	0.0012457720870242698	2.0759408215701882e-07	0.00041539575839619463	0.0014533661691812885	0.00041539575839619463	0.001868554333495326	0.00020780167623917582	0.00020780167623917582	0.00041539575839619463	0.0006229898405532134	2.0759408215701882e-07	0.00020780167623917582	2.0759408215701882e-07	2.0759408215701882e-07	0.00020780167623917582	0.00020780167623917582	0.00041539575839619463	2.0759408215701882e-07	0.00041539575839619463	0.00020780167623917582	0.00020780167623917582	2.0759408215701882e-07	2.0759408215701882e-07	2.0759408215701882e-07	2.0759408215701882e-07	2.0759408215701882e-07	2.0759408215701882e-07	0.00020780167623917582	2.0759408215701882e-07	2.0759408215701882e-07	2.0759408215701882e-07	2.0759408215701882e-07	2.0759408215701882e-07	2.0759408215701882e-07
5 4	0.0005253219073411965	0.006300975061517269	0.0005253219073411965	2.625296888261851e-07	0.008138682883300564	2.625296888261851e-07	0.0002627922185150113	0.0002627922185150113	0.0010503812849935667	0.001837970351472122	0.001837970351472122	0.003413148484429233	2.625296888261851e-07	0.014439395415129008	0.0028880891067768625	0.0013129109738197516	0.0047257969285601584	0.003413148484429233	0.001837970351472122	0.005513385995038714	0.0028880891067768625	0.001837970351472122	0.015752043859259934	0.003938207862081603	0.0005253219073411965	0.03491671114357145	0.0015754406626459368	0.00840121257212675	0.006826034439169639	0.006038445372691084	0.011814098526867156	0.009188801638605306	0.00840121257212675	0.003675678173255418	0.06169473940384233	0.010763979771562416	0.010501450082736232	0.06353244722562564	0.016802162614564676	0.0252031126570026	0.0708832785127588	0.0517186112284473	0.04436777994131411	0.20398583074763468	0.07009568944628025	0.019689989191652713	0.061169680026189964	0.019427459502826528	0.00787615319447438	0.019689989191652713	0.014701925103955193	0.003675678173255418	0.013389276659824268	0.004988326617386343	0.0015754406626459368	0.009188801638605306	0.002100500040298307	0.0010503812849935667	0.0028880891067768625	0.002100500040298307	0.0013129109738197516	0.002100500040298307	0.0002627922185150113	0.0005253219073411965	0.003150618795603048	0.0007878515961673816	0.0007878515961673816	0.0005253219073411965	2.625296888261851e-07	0.0002627922185150113	2.625296888261851e-07	2.625296888261851e-07	2.625296888261851e-07	2.625296888261851e-07	0.0007878515961673816	2.625296888261851e-07	0.0002627922185150113	2.625296888261851e-07	2.625296888261851e-07	0.0007878515961673816	2.625296888261851e-07	2.625296888261851e-07	2.625296888261851e-07	2.625296888261851e-07	2.625296888261851e-07	0.0010503812849935667	2.625296888261851e-07	2.625296888261851e-07	2.625296888261851e-07	0.0002627922185150113	2.625296888261851e-07	2.625296888261851e-07	2.625296888261851e-07
5 5	0.00013670954466161518	0.0009561473748011666	0.00013670954466161518	1.3657297168992527e-07	0.003414460865219821	1.3657297168992527e-07	0.0002732825163515404	0.0008195744031112414	0.00013670954466161518	0.00013670954466161518	0.0005464284597313909	0.0013658662898709424	1.3657297168992527e-07	0.0019121581766306434	0.0004098554880414657	0.0002732825163515404	0.0013658662898709424	0.0004098554880414657	0.0006830014314213161	0.0008195744031112414	0.0004098554880414657	1.3657297168992527e-07	0.0019121581766306434	0.0005464284597313909	0.0008195744031112414	0.020759228269840328	0.00013670954466161518	0.0030047419501500455	0.002321877091700419	0.0006830014314213161	0.009287098647886608	0.004643617610429148	0.0019121581766306434	0.0025950230350802695	0.024583271477158237	0.0015024392615608677	0.0030047419501500455	0.030592482231514947	0.004370471667049298	0.013520860770274291	0.022124957986739583	0.014613444543793694	0.025539282278987715	0.054492752277251866	0.021578666099979882	0.0167986120908325	0.4088996138126079	0.0167986120908325	0.021578666099979882	0.054492752277251866	0.025539282278987715	0.014613444543793694	0.022124957986739583	0.013520860770274291	0.004370471667049298	0.030592482231514947	0.0030047419501500455	0.0015024392615608677	0.024583271477158237	0.0025950230350802695	0.0019121581766306434	0.004643617610429148	0.009287098647886608	0.0006830014314213161	0.002321877091700419	0.0030047419501500455	0.00013670954466161518	0.020759228269840328	0.0008195744031112414	0.0005464284597313909	0.0019121581766306434	1.3657297168992527e-07	0.0004098554880414657	0.0008195744031112414	0.0006830014314213161	0.0004098554880414657	0.0013658662898709424	0.0002732825163515404	0.0004098554880414657	0.0019121581766306434	1.3657297168992527e-07	0.0013658662898709424	0.0005464284597313909	0.00013670954466161518	0.00013670954466161518	0.0008195744031112414	0.0002732825163515404	1.3657297168992527e-07	0.003414460865219821	1.3657297168992527e-07	0.00013670954466161518	0.0009561473748011666	0.00013670954466161518
### Output Prob 3rd Left
1 1	6.282915873011787e-05	0.00018836194340567808	0.00031389472808123826	6.27663923377801e-08	0.00043942751275679844	0.00012559555106789798	6.27663923377801e-08	0.00025112833574345814	0.00025112833574345814	0.00025112833574345814	0.00018836194340567808	0.00043942751275679844	0.00025112833574345814	0.0013809233978234999	0.0006904930821079188	0.00012559555106789798	0.0005021939050945786	0.0011298578284723794	0.00012559555106789798	0.0022596528905524213	0.00031389472808123826	0.0006277266897701387	0.0015692225748368401	0.00018836194340567808	0.00043942751275679844	0.008599058516668211	0.0011926242208101594	0.0007532594744456989	0.002636251244579102	0.0024479520675657613	0.0023851856752279813	0.0059001036461436675	0.0028873168139302223	0.0030128495986057823	0.011109714210179415	0.000816025866783479	0.004268177445361385	0.048769549612847476	0.003389447952632463	0.014812931358108442	0.026299181155922197	0.012365042056935017	0.022031066476953153	0.06640690585976368	0.019081046037077488	0.020336373883833088	0.4167689078892522	0.020336373883833088	0.019081046037077488	0.06640690585976368	0.022031066476953153	0.012365042056935017	0.026299181155922197	0.014812931358108442	0.003389447952632463	0.048769549612847476	0.004268177445361385	0.000816025866783479	0.011109714210179415	0.0030128495986057823	0.0028873168139302223	0.0059001036461436675	0.0023851856752279813	0.0024479520675657613	0.002636251244579102	0.0007532594744456989	0.0011926242208101594	0.008599058516668211	0.00043942751275679844	0.00018836194340567808	0.0015692225748368401	0.0006277266897701387	0.00031389472808123826	0.0022596528905524213	0.00012559555106789798	0.0011298578284723794	0.0005021939050945786	0.00012559555106789798	0.0006904930821079188	0.0013809233978234999	0.00025112833574345814	0.00043942751275679844	0.00018836194340567808	0.00025112833574345814	0.00025112833574345814	0.00025112833574345814	6.27663923377801e-08	0.00012559555106789798	0.00043942751275679844	6.27663923377801e-08	0.00031389472808123826	0.00018836194340567808	6.282915873011787e-05
1 2	0.00017137581894902684	0.00025702090588007473	8.573073201797894e-05	8.573073201797894e-05	0.0005139561666732184	0.00017137581894902684	8.564508693104791e-08	8.564508693104791e-08	8.564508693104791e-08	8.564508693104791e-08	0.0003426659928111226	0.00017137581894902684	8.564508693104791e-08	0.001027826688259506	8.564508693104791e-08	8.573073201797894e-05	0.001027826688259506	0.00017137581894902684	0.00025702090588007473	0.0038541145569840865	0.0005139561666732184	0.0005996012536042663	0.002569438253018368	0.0005996012536042663	0.0004283110797421705	0.009934915729088488	0.0021412128183631285	0.0029120186007425596	0.006080886817191333	0.004881855600156661	0.006080886817191333	0.011476527293847351	0.005310081034811901	0.008307659077398579	0.04153795280664516	0.0115621723807784	0.024665870681228726	0.11425063161110484	0.04042456667654154	0.03271650885274723	0.10551483274413795	0.062007128583165615	0.027149578202229116	0.15159188951304173	0.05027375167361205	0.011048301859192112	0.0686018002768563	0.03836908459019639	0.0030833087746046555	0.024580225594297678	0.022182163160228335	0.0035971792961909427	0.015244911118813459	0.017471683379020705	0.002569438253018368	0.01884200476991747	0.00702298277343286	0.0006852463405353143	0.005310081034811901	0.0027407284268804637	0.0014560521229147452	0.003511534209259895	0.002569438253018368	0.0008565365143974101	0.0027407284268804637	0.0024837931660873203	0.0005139561666732184	0.003511534209259895	0.0004283110797421705	0.00017137581894902684	0.0008565365143974101	0.0005139561666732184	0.0005139561666732184	0.00025702090588007473	0.000942181601328458	0.0007708914274663621	0.001712987383707889	8.564508693104791e-08	0.00025702090588007473	0.0006852463405353143	0.00017137581894902684	8.573073201797894e-05	0.00017137581894902684	0.00025702090588007473	8.564508693104791e-08	0.0003426659928111226	8.564508693104791e-08	8.573073201797894e-05	0.0003426659928111226	8.564508693104791e-08	8.564508693104791e-08	0.0006852463405353143	8.564508693104791e-08
1 3	0.0002559120348101756	0.00038380410617957865	0.0005116961775489817	1.278920713694031e-07	0.00038380410617957865	0.00038380410617957865	0.00012801996344077247	0.00012801996344077247	0.0006395882489183848	0.0002559120348101756	0.00038380410617957865	0.00038380410617957865	1.278920713694031e-07	0.0011511565343959973	0.0006395882489183848	1.278920713694031e-07	0.0010232644630265941	0.00038380410617957865	0.0005116961775489817	0.003836890033153462	0.0011511565343959973	0.000895372391657191	0.004348458318631074	0.0034532138190452527	0.000895372391657191	0.0177771258124184	0.003581105890414656	0.007801544245604958	0.018544478240634817	0.009464141173407199	0.02276491659582512	0.04028613037343334	0.02276491659582512	0.018032909955157207	0.09093139063571697	0.03235682194853035	0.025322758023213182	0.14809914653784015	0.050005927797507975	0.022637024524455717	0.1301942565461237	0.048215438798336334	0.012021982600795261	0.041309266944388565	0.039390885873847516	0.0014069406771348033	0.058446804507888576	0.014579824028183322	0.0030695376049370434	0.033891526804963185	0.009592033244776602	0.0019185089626124158	0.010359385672993021	0.012149874672164664	0.0014069406771348033	0.006522623531910927	0.002430077248090028	0.0002559120348101756	0.002557969319459431	0.0019185089626124158	0.002813753462198237	0.0010232644630265941	0.0005116961775489817	1.278920713694031e-07	0.0014069406771348033	0.0011511565343959973	0.0005116961775489817	0.0010232644630265941	0.0010232644630265941	1.278920713694031e-07	0.00012801996344077247	1.278920713694031e-07	0.00012801996344077247	0.0010232644630265941	0.00012801996344077247	0.00012801996344077247	0.0011511565343959973	0.00012801996344077247	0.0002559120348101756	0.0005116961775489817	1.278920713694031e-07	1.278920713694031e-07	0.00012801996344077247	0.00012801996344077247	1.278920713694031e-07	0.0012790486057654002	0.00012801996344077247	1.278920713694031e-07	0.000895372391657191	1.278920713694031e-07	1.278920713694031e-07	0.0002559120348101756	1.278920713694031e-07
1 4	0.00024875396144723833	0.00459977277736595	0.001989161487814723	1.243148233119632e-07	0.001367587371254907	0.0008703280780070542	1.243148233119632e-07	0.000746013254695091	0.0006216984313831279	0.0009946429013190175	0.002113476311126686	0.0006216984313831279	1.243148233119632e-07	0.0016162170178788333	0.0022377911344386493	0.00024875396144723833	0.005097032070613803	0.001989161487814723	0.0014919021945668702	0.006091550657109508	0.005345661717237729	0.0017405318411907965	0.012431606646019631	0.01081551394296411	0.008204902653412883	0.04338599765069846	0.007831958183476992	0.023744255567408282	0.050596257402792326	0.027846644736703067	0.0361757378986046	0.07471333312531318	0.05221235010584785	0.01628536616869049	0.10255985354719294	0.03455964519554908	0.009448050886532515	0.25173764152154876	0.03891066401146779	0.004972717247301839	0.025857607563711655	0.029089792969822698	0.004351143130742023	0.024365829683968096	0.01156140288283589	0.0008703280780070542	0.02175521839441687	0.004972717247301839	0.0014919021945668702	0.005345661717237729	0.003480939367558281	0.0017405318411907965	0.002362105957750612	0.0016162170178788333	0.0006216984313831279	0.0026107356043745386	0.0017405318411907965	0.0003730687847592015	0.001989161487814723	0.0003730687847592015	0.0016162170178788333	0.0004973836080711646	1.243148233119632e-07	0.00012443913813527514	0.0009946429013190175	0.00012443913813527514	0.00012443913813527514	0.000746013254695091	0.00012443913813527514	0.0004973836080711646	0.00024875396144723833	1.243148233119632e-07	1.243148233119632e-07	0.0003730687847592015	1.243148233119632e-07	1.243148233119632e-07	0.0004973836080711646	0.00012443913813527514	1.243148233119632e-07	0.0003730687847592015	1.243148233119632e-07	1.243148233119632e-07	0.00012443913813527514	1.243148233119632e-07	1.243148233119632e-07	1.243148233119632e-07	1.243148233119632e-07	1.243148233119632e-07	0.00024875396144723833	1.243148233119632e-07	0.00012443913813527514	1.243148233119632e-07	1.243148233119632e-07
1 5	0.0016231997227700884	0.009148601828244797	0.0034676610231315365	7.377845201445791e-08	0.01010772170443275	0.0010329721066544251	0.0011067505586688832	0.004943230063420696	0.0022872057909002095	0.004648116255362863	0.006492577555724311	0.002877433407015873	0.002729876502986957	0.016674003933719504	0.0028036549550014152	0.004648116255362863	0.0245682982992665	0.021026932602572518	0.01254241062090986	0.0259700888875412	0.013944201209184562	0.019625142014297818	0.04625916319151713	0.013722865853141187	0.017780680713936372	0.23646001248478965	0.016600225481705047	0.027740771735888188	0.07178650758851957	0.019698920466312275	0.03283148492488579	0.09355115093278465	0.026855430311714695	0.011214398484649618	0.08691109025148344	0.013353973593068898	0.0022872057909002095	0.03342171254100145	0.007820589691984554	0.0025085411469435836	0.0065663560077387694	0.00368899637917491	0.0008116367506110515	0.005607236131550816	0.003984110187232741	0.0005165229425532199	0.013353973593068898	0.000368966038524304	0.0016969781747845465	0.0014018643667267146	0.0005903013945676778	0.0004427444905387619	0.0006640798465821357	0.0002214091344953882	0.0005903013945676778	0.0016969781747845465	0.0002951875865098461	7.385223046647236e-05	0.0005165229425532199	7.377845201445791e-08	7.385223046647236e-05	0.0002951875865098461	0.00014763068248093027	7.377845201445791e-08	0.0002214091344953882	0.0002214091344953882	0.0005165229425532199	0.0014756428187411726	7.377845201445791e-08	7.385223046647236e-05	0.0002214091344953882	7.377845201445791e-08	0.00014763068248093027	7.377845201445791e-08	7.385223046647236e-05	7.377845201445791e-08	0.0002214091344953882	7.377845201445791e-08	7.385223046647236e-05	7.377845201445791e-08	7.377845201445791e-08	7.377845201445791e-08	7.377845201445791e-08	7.377845201445791e-08	7.377845201445791e-08	7.377845201445791e-08	7.377845201445791e-08	7.377845201445791e-08	7.377845201445791e-08	7.377845201445791e-08	7.377845201445791e-08	7.385223046647236e-05	7.377845201445791e-08
2 1	8.564508693104791e-08	0.0006852463405353143	8.564508693104791e-08	8.564508693104791e-08	0.0003426659928111226	8.573073201797894e-05	8.564508693104791e-08	0.0003426659928111226	8.564508693104791e-08	0.00025702090588007473	0.00017137581894902684	8.573073201797894e-05	0.00017137581894902684	0.0006852463405353143	0.00025702090588007473	8.564508693104791e-08	0.001712987383707889	0.0007708914274663621	0.000942181601328458	0.00025702090588007473	0.0005139561666732184	0.0005139561666732184	0.0008565365143974101	0.00017137581894902684	0.0004283110797421705	0.003511534209259895	0.0005139561666732184	0.0024837931660873203	0.0027407284268804637	0.0008565365143974101	0.002569438253018368	0.003511534209259895	0.0014560521229147452	0.0027407284268804637	0.005310081034811901	0.0006852463405353143	0.00702298277343286	0.01884200476991747	0.002569438253018368	0.017471683379020705	0.015244911118813459	0.0035971792961909427	0.022182163160228335	0.024580225594297678	0.0030833087746046555	0.03836908459019639	0.0686018002768563	0.011048301859192112	0.05027375167361205	0.15159188951304173	0.027149578202229116	0.062007128583165615	0.10551483274413795	0.03271650885274723	0.04042456667654154	0.11425063161110484	0.024665870681228726	0.0115621723807784	0.04153795280664516	0.008307659077398579	0.005310081034811901	0.011476527293847351	0.006080886817191333	0.004881855600156661	0.006080886817191333	0.0029120186007425596	0.0021412128183631285	0.009934915729088488	0.0004283110797421705	0.0005996012536042663	0.002569438253018368	0.0005996012536042663	0.0005139561666732184	0.0038541145569840865	0.00025702090588007473	0.00017137581894902684	0.001027826688259506	8.573073201797894e-05	8.564508693104791e-08	0.001027826688259506	8.564508693104791e-08	0.00017137581894902684	0.0003426659928111226	8.564508693104791e-08	8.564508693104791e-08	8.564508693104791e-08	8.564508693104791e-08	0.00017137581894902684	0.0005139561666732184	8.573073201797894e-05	8.573073201797894e-05	0.00025702090588007473	0.00017137581894902684
2 2	0.000524283700997362	8.736605582358974e-08	0.0003495515893501825	8.736605582358974e-08	0.0002621855335265928	0.00017481947770300307	0.00017481947770300307	0.00043691764517377225	8.736605582358974e-08	8.745342187941333e-05	0.00017481947770300307	0.000524283700997362	0.00017481947770300307	8.736605582358974e-08	0.00017481947770300307	8.745342187941333e-05	0.0002621855335265928	8.736605582358974e-08	0.00017481947770300307	0.00043691764517377225	0.00043691764517377225	0.0006116497568209517	0.0012232121475860799	8.736605582358974e-08	0.00017481947770300307	0.009959817729945055	0.0003495515893501825	0.0011358460917624902	0.0012232121475860799	0.000873747924291721	0.0022716048174691566	0.005154684659647618	0.0009611139801153107	0.009872451674121464	0.007600934222708132	0.0027084350965871054	0.01092084434400454	0.05547753281403531	0.0050673186038240284	0.01782276275406813	0.025510975666544027	0.01153240673476967	0.017036468251655824	0.045343070338498895	0.014590218688595311	0.01869642331230403	0.4588466125515492	0.01869642331230403	0.014590218688595311	0.045343070338498895	0.017036468251655824	0.01153240673476967	0.025510975666544027	0.01782276275406813	0.0050673186038240284	0.05547753281403531	0.01092084434400454	0.0027084350965871054	0.007600934222708132	0.009872451674121464	0.0009611139801153107	0.005154684659647618	0.0022716048174691566	0.000873747924291721	0.0012232121475860799	0.0011358460917624902	0.0003495515893501825	0.009959817729945055	0.00017481947770300307	8.736605582358974e-08	0.0012232121475860799	0.0006116497568209517	0.00043691764517377225	0.00043691764517377225	0.00017481947770300307	8.736605582358974e-08	0.0002621855335265928	8.745342187941333e-05	0.00017481947770300307	8.736605582358974e-08	0.00017481947770300307	0.000524283700997362	0.00017481947770300307	8.745342187941333e-05	8.736605582358974e-08	0.00043691764517377225	0.00017481947770300307	0.00017481947770300307	0.0002621855335265928	8.736605582358974e-08	0.0003495515893501825	8.736605582358974e-08	0.000524283700997362
2 3	1.0799027612357672e-07	0.0006480496470175839	0.00010809826639970028	0.000216088542523277	1.0799027612357672e-07	1.0799027612357672e-07	0.00010809826639970028	0.0004320690947704304	0.000216088542523277	1.0799027612357672e-07	0.0004320690947704304	0.00010809826639970028	0.000216088542523277	0.0006480496470175839	1.0799027612357672e-07	0.00010809826639970028	0.0005400593708940071	1.0799027612357672e-07	0.0007560399231411605	0.002051923236624081	0.0003240788186468537	0.000972020475388314	0.0033478065501070017	0.0012959913037590442	0.0010800107515118906	0.007667417595050071	0.000972020475388314	0.0029158454456126946	0.004211728759095615	0.0015119718560061975	0.008099378699544378	0.012526980020611023	0.004751680139713499	0.011879038363869563	0.026997677021170303	0.007127466214432188	0.02418992984195731	0.08671629971750823	0.010475164774263065	0.06976182636610669	0.08077683453071151	0.048919703074256374	0.0631744195225685	0.18347558712423298	0.04783980031302061	0.026673706192799573	0.08272065950093589	0.043736169820324695	0.0074514370428029175	0.03369307414083206	0.009503252289150875	0.0053996217964549596	0.015550707752071171	0.007019475938308611	0.0021599135127476576	0.020734241006002855	0.004319719035219192	0.001403981579882621	0.003671777378477732	0.005615602348702113	0.0011880010276354674	0.003239816273983425	0.001403981579882621	0.0004320690947704304	0.001403981579882621	0.0003240788186468537	0.00010809826639970028	0.0015119718560061975	0.0004320690947704304	1.0799027612357672e-07	0.0003240788186468537	1.0799027612357672e-07	0.000216088542523277	0.0004320690947704304	0.00010809826639970028	0.00010809826639970028	1.0799027612357672e-07	1.0799027612357672e-07	1.0799027612357672e-07	0.00010809826639970028	0.00010809826639970028	0.000216088542523277	0.0004320690947704304	1.0799027612357672e-07	1.0799027612357672e-07	0.0003240788186468537	0.00010809826639970028	0.000216088542523277	1.0799027612357672e-07	1.0799027612357672e-07	1.0799027612357672e-07	1.0799027612357672e-07	1.0799027612357672e-07
2 4	0.0001870645866180984	0.000747697713345666	0.0011214531311640446	1.8687770890918924e-07	0.0011214531311640446	0.0005608200044364769	0.0001870645866180984	0.0005608200044364769	1.8687770890918924e-07	1.8687770890918924e-07	0.00037394229552728764	0.0001870645866180984	0.0001870645866180984	0.0024295970935283694	0.0001870645866180984	0.0016820862578916123	0.0046721296004386395	0.0001870645866180984	0.0018689639668008015	0.0024295970935283694	0.0001870645866180984	0.0016820862578916123	0.00224271938461918	0.0005608200044364769	0.0013083308400732338	0.015511036717171618	0.0026164748024375584	0.005419640436075397	0.012894748792442968	0.0035508633469835045	0.018874835477537023	0.015324159008262428	0.012707871083533778	0.027658087796268917	0.06746303979392622	0.01943546860426459	0.05157843453664514	0.16968514656725273	0.03887075033082027	0.05195218995446352	0.19042857225617274	0.04690649181391541	0.022799267364629998	0.03905762803972946	0.03475944073481811	0.007662172942985668	0.05438160017028298	0.0065409066895305325	0.004111496473711072	0.018501080059718646	0.0018689639668008015	0.0046721296004386395	0.010652216285532696	0.0016820862578916123	0.0018689639668008015	0.0028033525113467478	0.0011214531311640446	0.0011214531311640446	0.0024295970935283694	0.00037394229552728764	0.0009345754222548553	0.0018689639668008015	0.0011214531311640446	1.8687770890918924e-07	0.0001870645866180984	0.00037394229552728764	1.8687770890918924e-07	0.0011214531311640446	1.8687770890918924e-07	0.00037394229552728764	0.00037394229552728764	1.8687770890918924e-07	1.8687770890918924e-07	0.0001870645866180984	0.0001870645866180984	0.0001870645866180984	0.00037394229552728764	1.8687770890918924e-07	1.8687770890918924e-07	0.00037394229552728764	0.0001870645866180984	1.8687770890918924e-07	0.0001870645866180984	1.8687770890918924e-07	1.8687770890918924e-07	1.8687770890918924e-07	1.8687770890918924e-07	1.8687770890918924e-07	1.8687770890918924e-07	1.8687770890918924e-07	1.8687770890918924e-07	1.8687770890918924e-07	1.8687770890918924e-07
2 5	0.001934933777520269	0.007739288621246944	0.002827911445785911	0.0002978080523665917	0.005655674061960445	0.001786104166142662	0.0005954672751218057	0.001934933777520269	0.001786104166142662	0.0020837633888978763	0.004167377948184375	0.001339615332009841	0.0020837633888978763	0.010864710460176693	0.0005954672751218057	0.002530252223030697	0.007590459009869337	0.006697481341603695	0.007590459009869337	0.008781095900890193	0.004018548336806768	0.00639982211884848	0.009227584735023015	0.0007442968864994128	0.004465037170939589	0.04569083952253674	0.001637274554765055	0.032296174498552106	0.030361389550643218	0.009971732791911051	0.06503868900162565	0.06578283705851369	0.02664064926620304	0.05432295698243795	0.1314166956760384	0.020985124033853973	0.0363145740057475	0.23217434257867836	0.017115554138036188	0.02455703470691654	0.025301182763804577	0.014287791521861656	0.005953333284715659	0.01205534735119755	0.00639982211884848	0.0008931264978770198	0.017115554138036188	0.002827911445785911	0.001934933777520269	0.0038697187254291606	0.0002978080523665917	0.0002978080523665917	0.001934933777520269	0.0008931264978770198	0.00044663766374419876	0.001934933777520269	0.0008931264978770198	0.00014897844098898464	0.001488444943387448	0.0002978080523665917	0.0002978080523665917	0.0002978080523665917	0.00014897844098898464	1.4882961137760706e-07	0.0002978080523665917	0.00014897844098898464	1.4882961137760706e-07	0.00044663766374419876	1.4882961137760706e-07	0.00014897844098898464	0.00044663766374419876	1.4882961137760706e-07	1.4882961137760706e-07	0.0002978080523665917	1.4882961137760706e-07	1.4882961137760706e-07	1.4882961137760706e-07	1.4882961137760706e-07	1.4882961137760706e-07	1.4882961137760706e-07	1.4882961137760706e-07	1.4882961137760706e-07	1.4882961137760706e-07	1.4882961137760706e-07	1.4882961137760706e-07	1.4882961137760706e-07	1.4882961137760706e-07	0.00014897844098898464	1.4882961137760706e-07	1.4882961137760706e-07	1.4882961137760706e-07	1.4882961137760706e-07	1.4882961137760706e-07
3 1	1.2789207136940307e-07	0.00025591203481017553	1.2789207136940307e-07	1.2789207136940307e-07	0.0008953723916571908	1.2789207136940307e-07	0.00012801996344077244	0.0012790486057654	1.2789207136940307e-07	0.00012801996344077244	0.00012801996344077244	1.2789207136940307e-07	1.2789207136940307e-07	0.0005116961775489816	0.00025591203481017553	0.00012801996344077244	0.0011511565343959968	0.00012801996344077244	0.00012801996344077244	0.001023264463026594	0.00012801996344077244	1.2789207136940307e-07	0.00012801996344077244	1.2789207136940307e-07	0.001023264463026594	0.001023264463026594	0.0005116961775489816	0.0011511565343959968	0.001406940677134803	1.2789207136940307e-07	0.0005116961775489816	0.001023264463026594	0.0028137534621982363	0.0019185089626124153	0.0025579693194594305	0.00025591203481017553	0.0024300772480900274	0.006522623531910925	0.001406940677134803	0.01214987467216466	0.010359385672993018	0.0019185089626124153	0.0095920332447766	0.03389152680496318	0.0030695376049370425	0.014579824028183318	0.05844680450788857	0.001406940677134803	0.03939088587384751	0.04130926694438856	0.012021982600795258	0.04821543879833632	0.13019425654612368	0.022637024524455714	0.05000592779750796	0.14809914653784012	0.025322758023213175	0.032356821948530345	0.09093139063571694	0.018032909955157203	0.022764916595825115	0.04028613037343333	0.022764916595825115	0.009464141173407197	0.018544478240634814	0.007801544245604956	0.003581105890414655	0.017777125812418394	0.0008953723916571908	0.003453213819045252	0.004348458318631073	0.0008953723916571908	0.0011511565343959968	0.003836890033153461	0.0005116961775489816	0.0003838041061795786	0.001023264463026594	1.2789207136940307e-07	0.0006395882489183847	0.0011511565343959968	1.2789207136940307e-07	0.0003838041061795786	0.0003838041061795786	0.00025591203481017553	0.0006395882489183847	0.00012801996344077244	0.00012801996344077244	0.0003838041061795786	0.0003838041061795786	1.2789207136940307e-07	0.0005116961775489816	0.0003838041061795786	0.00025591203481017553
3 2	1.0799027612357672e-07	1.0799027612357672e-07	1.0799027612357672e-07	1.0799027612357672e-07	1.0799027612357672e-07	0.000216088542523277	0.00010809826639970028	0.0003240788186468537	1.0799027612357672e-07	1.0799027612357672e-07	0.0004320690947704304	0.000216088542523277	0.00010809826639970028	0.00010809826639970028	1.0799027612357672e-07	1.0799027612357672e-07	1.0799027612357672e-07	0.00010809826639970028	0.00010809826639970028	0.0004320690947704304	0.000216088542523277	1.0799027612357672e-07	0.0003240788186468537	1.0799027612357672e-07	0.0004320690947704304	0.0015119718560061975	0.00010809826639970028	0.0003240788186468537	0.001403981579882621	0.0004320690947704304	0.001403981579882621	0.003239816273983425	0.0011880010276354674	0.005615602348702113	0.003671777378477732	0.001403981579882621	0.004319719035219192	0.020734241006002855	0.0021599135127476576	0.007019475938308611	0.015550707752071171	0.0053996217964549596	0.009503252289150875	0.03369307414083206	0.0074514370428029175	0.043736169820324695	0.08272065950093589	0.026673706192799573	0.04783980031302061	0.18347558712423298	0.0631744195225685	0.048919703074256374	0.08077683453071151	0.06976182636610669	0.010475164774263065	0.08671629971750823	0.02418992984195731	0.007127466214432188	0.026997677021170303	0.011879038363869563	0.004751680139713499	0.012526980020611023	0.008099378699544378	0.0015119718560061975	0.004211728759095615	0.0029158454456126946	0.000972020475388314	0.007667417595050071	0.0010800107515118906	0.0012959913037590442	0.0033478065501070017	0.000972020475388314	0.0003240788186468537	0.002051923236624081	0.0007560399231411605	1.0799027612357672e-07	0.0005400593708940071	0.00010809826639970028	1.0799027612357672e-07	0.0006480496470175839	0.000216088542523277	0.00010809826639970028	0.0004320690947704304	1.0799027612357672e-07	0.000216088542523277	0.0004320690947704304	0.00010809826639970028	1.0799027612357672e-07	1.0799027612357672e-07	0.000216088542523277	0.00010809826639970028	0.0006480496470175839	1.0799027612357672e-07
3 3	1.2509236507506228e-07	1.2509236507506228e-07	0.0002503098225151996	0.0002503098225151996	0.00012521745744013731	0.0005004945526653241	0.0002503098225151996	1.2509236507506228e-07	0.00012521745744013731	0.00012521745744013731	0.00012521745744013731	1.2509236507506228e-07	0.00012521745744013731	0.00037540218759026184	1.2509236507506228e-07	1.2509236507506228e-07	0.0007506792828154487	0.00012521745744013731	0.00037540218759026184	1.2509236507506228e-07	0.00037540218759026184	0.00012521745744013731	0.00037540218759026184	0.00012521745744013731	0.0002503098225151996	0.009382052472994746	0.003252526584316694	0.0018765105684910091	0.0008757716478905109	0.0005004945526653241	0.0006255869177403863	0.0026270647589413825	0.002752157124016445	0.0038779884096920053	0.009507144838069808	0.003627803679541881	0.011758807409420929	0.062171030534671025	0.006504928076268313	0.014635931806147362	0.029772107980229896	0.015886855456897983	0.013259915790321677	0.04791050091611392	0.01726287147272367	0.016262132552123172	0.44182635853748503	0.016262132552123172	0.01726287147272367	0.04791050091611392	0.013259915790321677	0.015886855456897983	0.029772107980229896	0.014635931806147362	0.006504928076268313	0.062171030534671025	0.011758807409420929	0.003627803679541881	0.009507144838069808	0.0038779884096920053	0.002752157124016445	0.0026270647589413825	0.0006255869177403863	0.0005004945526653241	0.0008757716478905109	0.0018765105684910091	0.003252526584316694	0.009382052472994746	0.0002503098225151996	0.00012521745744013731	0.00037540218759026184	0.00012521745744013731	0.00037540218759026184	1.2509236507506228e-07	0.00037540218759026184	0.00012521745744013731	0.0007506792828154487	1.2509236507506228e-07	1.2509236507506228e-07	0.00037540218759026184	0.00012521745744013731	1.2509236507506228e-07	0.00012521745744013731	0.00012521745744013731	0.00012521745744013731	1.2509236507506228e-07	0.0002503098225151996	0.0005004945526653241	0.00012521745744013731	0.0002503098225151996	0.0002503098225151996	1.2509236507506228e-07	1.2509236507506228e-07
3 4	0.00048332247608930525	0.00048332247608930525	2.4154046781074725e-07	2.4154046781074725e-07	0.00024178200827855797	0.00048332247608930525	0.00024178200827855797	0.0009664034117107997	0.00024178200827855797	2.4154046781074725e-07	0.00048332247608930525	0.0007248629439000525	2.4154046781074725e-07	0.0007248629439000525	0.00024178200827855797	2.4154046781074725e-07	0.0007248629439000525	2.4154046781074725e-07	0.0009664034117107997	0.001207943879521547	0.0007248629439000525	2.4154046781074725e-07	0.0019325652829537887	2.4154046781074725e-07	0.0009664034117107997	0.004589510428872008	2.4154046781074725e-07	0.001207943879521547	0.00700491510697948	0.0026571866863860302	0.006038753235736492	0.010144941188519194	0.0028987271541967776	0.012077264931005173	0.027052773935271505	0.004831050896682755	0.018115776626273856	0.04468522808545605	0.009420319785086954	0.07632702936866394	0.05193144211977847	0.02415428832154254	0.0669069511240448	0.2596562444370211	0.04854987557042801	0.02995125954900047	0.08357324340298636	0.03140050235586495	0.011835724463194426	0.03309128563054019	0.004831050896682755	0.01062802212414069	0.01497575054473414	0.008212617446033217	0.004589510428872008	0.036472852179890644	0.0096618602528977	0.0019325652829537887	0.004831050896682755	0.004347969961061261	0.0007248629439000525	0.001207943879521547	0.00048332247608930525	0.0009664034117107997	0.0036233485576290195	0.00048332247608930525	0.0009664034117107997	0.005797212767925744	0.0009664034117107997	2.4154046781074725e-07	0.00024178200827855797	2.4154046781074725e-07	2.4154046781074725e-07	0.0009664034117107997	0.0007248629439000525	0.00024178200827855797	0.0007248629439000525	2.4154046781074725e-07	2.4154046781074725e-07	2.4154046781074725e-07	2.4154046781074725e-07	0.00024178200827855797	2.4154046781074725e-07	2.4154046781074725e-07	2.4154046781074725e-07	0.00024178200827855797	2.4154046781074725e-07	2.4154046781074725e-07	2.4154046781074725e-07	0.0009664034117107997	2.4154046781074725e-07	2.4154046781074725e-07	2.4154046781074725e-07
3 5	0.0012457720870242695	0.004567277401536569	0.0018685543334953259	0.00020780167623917577	0.004567277401536569	0.0010381780048672508	0.0006229898405532133	0.0004153957583961945	0.00020780167623917577	0.0018685543334953259	0.0018685543334953259	0.0014533661691812883	0.0020761484156523445	0.007473594551734832	0.0014533661691812883	0.004152089237222532	0.008926753126833964	0.001660960251338307	0.005812841894478682	0.01121028803056117	0.007473594551734832	0.002698930662123401	0.015154575591544529	0.0010381780048672508	0.0039444951550655135	0.028025408685279692	0.0022837424978093632	0.010795099866247132	0.010172317619776076	0.0053976537301646445	0.02532668561723845	0.03155450808194901	0.006435624140949739	0.021174803974098072	0.05854173876236145	0.006020435976635701	0.04234940035411399	0.13618192548908647	0.026157061945866523	0.07099738369178257	0.18122984131715955	0.04131142994332889	0.036329171971560444	0.04048105361470082	0.027402626438808635	0.007266000469577813	0.04338737076489908	0.005190059648007626	0.005812841894478682	0.007266000469577813	0.0014533661691812883	0.0018685543334953259	0.005812841894478682	0.001660960251338307	0.000830583922710232	0.0033217129085944567	0.0014533661691812883	0.0012457720870242695	0.0031141188264374384	0.0014533661691812883	0.0014533661691812883	0.0004153957583961945	2.0759408215701876e-07	0.00020780167623917577	0.0018685543334953259	0.0004153957583961945	0.0006229898405532133	0.0004153957583961945	0.00020780167623917577	2.0759408215701876e-07	0.00020780167623917577	2.0759408215701876e-07	0.00020780167623917577	0.00020780167623917577	2.0759408215701876e-07	0.0004153957583961945	2.0759408215701876e-07	0.0004153957583961945	2.0759408215701876e-07	0.00020780167623917577	0.00020780167623917577	2.0759408215701876e-07	2.0759408215701876e-07	2.0759408215701876e-07	0.00020780167623917577	2.0759408215701876e-07	2.0759408215701876e-07	2.0759408215701876e-07	2.0759408215701876e-07	2.0759408215701876e-07	2.0759408215701876e-07	2.0759408215701876e-07	2.0759408215701876e-07
4 1	1.2431482331196317e-07	1.2431482331196317e-07	0.00012443913813527512	1.2431482331196317e-07	0.0002487539614472383	1.2431482331196317e-07	1.2431482331196317e-07	1.2431482331196317e-07	1.2431482331196317e-07	1.2431482331196317e-07	0.00012443913813527512	1.2431482331196317e-07	1.2431482331196317e-07	0.00037306878475920147	1.2431482331196317e-07	0.00012443913813527512	0.0004973836080711646	1.2431482331196317e-07	1.2431482331196317e-07	0.00037306878475920147	1.2431482331196317e-07	1.2431482331196317e-07	0.0002487539614472383	0.0004973836080711646	0.00012443913813527512	0.000746013254695091	0.00012443913813527512	0.00012443913813527512	0.0009946429013190173	0.00012443913813527512	1.2431482331196317e-07	0.0004973836080711646	0.0016162170178788333	0.00037306878475920147	0.0019891614878147224	0.00037306878475920147	0.0017405318411907963	0.002610735604374538	0.0006216984313831277	0.0016162170178788333	0.002362105957750612	0.0017405318411907963	0.0034809393675582804	0.005345661717237728	0.00149190219456687	0.0049727172473018385	0.021755218394416867	0.0008703280780070541	0.011561402882835888	0.024365829683968096	0.004351143130742023	0.029089792969822694	0.02585760756371165	0.0049727172473018385	0.03891066401146778	0.25173764152154876	0.009448050886532514	0.03455964519554907	0.10255985354719292	0.016285366168690488	0.05221235010584784	0.07471333312531318	0.03617573789860459	0.027846644736703063	0.05059625740279232	0.02374425556740828	0.007831958183476992	0.043385997650698456	0.008204902653412883	0.010815513942964108	0.01243160664601963	0.0017405318411907963	0.005345661717237728	0.006091550657109507	0.00149190219456687	0.0019891614878147224	0.005097032070613802	0.0002487539614472383	0.002237791134438649	0.0016162170178788333	1.2431482331196317e-07	0.0006216984313831277	0.0021134763111266856	0.0009946429013190173	0.0006216984313831277	0.000746013254695091	1.2431482331196317e-07	0.0008703280780070541	0.0013675873712549068	1.2431482331196317e-07	0.0019891614878147224	0.004599772777365949	0.0002487539614472383
4 2	1.868777089091892e-07	1.868777089091892e-07	1.868777089091892e-07	1.868777089091892e-07	1.868777089091892e-07	1.868777089091892e-07	1.868777089091892e-07	1.868777089091892e-07	1.868777089091892e-07	1.868777089091892e-07	0.00018706458661809836	1.868777089091892e-07	0.00018706458661809836	0.00037394229552728753	1.868777089091892e-07	1.868777089091892e-07	0.00037394229552728753	0.00018706458661809836	0.00018706458661809836	0.00018706458661809836	1.868777089091892e-07	1.868777089091892e-07	0.00037394229552728753	0.00037394229552728753	1.868777089091892e-07	0.0011214531311640442	1.868777089091892e-07	0.00037394229552728753	0.00018706458661809836	1.868777089091892e-07	0.0011214531311640442	0.0018689639668008008	0.000934575422254855	0.00037394229552728753	0.0024295970935283686	0.0011214531311640442	0.0011214531311640442	0.002803352511346747	0.0018689639668008008	0.0016820862578916117	0.010652216285532692	0.004672129600438639	0.0018689639668008008	0.01850108005971864	0.0041114964737110704	0.00654090668953053	0.05438160017028296	0.007662172942985665	0.0347594407348181	0.039057628039729446	0.02279926736462999	0.046906491813915395	0.19042857225617268	0.0519521899544635	0.03887075033082026	0.16968514656725267	0.05157843453664512	0.019435468604264584	0.0674630397939262	0.02765808779626891	0.012707871083533774	0.015324159008262422	0.018874835477537016	0.003550863346983503	0.012894748792442963	0.005419640436075395	0.0026164748024375575	0.015511036717171613	0.0013083308400732333	0.0005608200044364768	0.002242719384619179	0.0016820862578916117	0.00018706458661809836	0.0024295970935283686	0.0018689639668008008	0.00018706458661809836	0.004672129600438639	0.0016820862578916117	0.00018706458661809836	0.0024295970935283686	0.00018706458661809836	0.00018706458661809836	0.00037394229552728753	1.868777089091892e-07	1.868777089091892e-07	0.0005608200044364768	0.00018706458661809836	0.0005608200044364768	0.0011214531311640442	1.868777089091892e-07	0.0011214531311640442	0.0007476977133456658	0.00018706458661809836
4 3	2.415404678107472e-07	2.415404678107472e-07	2.415404678107472e-07	0.0009664034117107995	2.415404678107472e-07	2.415404678107472e-07	2.415404678107472e-07	0.00024178200827855792	2.415404678107472e-07	2.415404678107472e-07	2.415404678107472e-07	0.00024178200827855792	2.415404678107472e-07	2.415404678107472e-07	2.415404678107472e-07	2.415404678107472e-07	0.0007248629439000524	0.00024178200827855792	0.0007248629439000524	0.0009664034117107995	2.415404678107472e-07	2.415404678107472e-07	0.00024178200827855792	2.415404678107472e-07	0.0009664034117107995	0.005797212767925743	0.0009664034117107995	0.00048332247608930514	0.0036233485576290187	0.0009664034117107995	0.00048332247608930514	0.0012079438795215467	0.0007248629439000524	0.00434796996106126	0.004831050896682754	0.0019325652829537882	0.009661860252897699	0.03647285217989064	0.004589510428872007	0.008212617446033216	0.014975750544734137	0.010628022124140686	0.004831050896682754	0.03309128563054018	0.011835724463194423	0.031400502355864945	0.08357324340298633	0.029951259549000464	0.048549875570428	0.25965624443702107	0.06690695112404478	0.02415428832154253	0.05193144211977846	0.07632702936866392	0.00942031978508695	0.044685228085456045	0.018115776626273852	0.004831050896682754	0.027052773935271498	0.01207726493100517	0.002898727154196777	0.010144941188519193	0.00603875323573649	0.00265718668638603	0.007004915106979479	0.0012079438795215467	2.415404678107472e-07	0.004589510428872007	0.0009664034117107995	2.415404678107472e-07	0.0019325652829537882	2.415404678107472e-07	0.0007248629439000524	0.0012079438795215467	0.0009664034117107995	2.415404678107472e-07	0.0007248629439000524	2.415404678107472e-07	0.00024178200827855792	0.0007248629439000524	2.415404678107472e-07	0.0007248629439000524	0.00048332247608930514	2.415404678107472e-07	0.00024178200827855792	0.0009664034117107995	0.00024178200827855792	0.00048332247608930514	0.00024178200827855792	2.415404678107472e-07	2.415404678107472e-07	0.00048332247608930514	0.00048332247608930514
4 4	3.0302176332606376e-07	0.0003033247850893898	3.0302176332606376e-07	3.0302176332606376e-07	3.0302176332606376e-07	3.0302176332606376e-07	3.0302176332606376e-07	0.0003033247850893898	3.0302176332606376e-07	3.0302176332606376e-07	0.0009093683117415174	3.0302176332606376e-07	3.0302176332606376e-07	3.0302176332606376e-07	3.0302176332606376e-07	3.0302176332606376e-07	0.0003033247850893898	3.0302176332606376e-07	0.0003033247850893898	0.0006063465484154536	0.0018184336017197085	0.0003033247850893898	0.0009093683117415174	3.0302176332606376e-07	0.0003033247850893898	0.00848491239489311	0.0003033247850893898	0.0027274988916979	0.004545629471654282	0.0003033247850893898	0.002121455365045772	0.003636564181676091	0.0009093683117415174	0.0009093683117415174	0.00848491239489311	0.0015154118383936448	0.004242607708328219	0.020605782927935665	0.003939585945002155	0.009696999448197366	0.020908804691261728	0.01242419531813194	0.012121173554805876	0.04605961104732502	0.016666500004696834	0.011212108264827684	0.6042256990939345	0.011212108264827684	0.016666500004696834	0.04605961104732502	0.012121173554805876	0.01242419531813194	0.020908804691261728	0.009696999448197366	0.003939585945002155	0.020605782927935665	0.004242607708328219	0.0015154118383936448	0.00848491239489311	0.0009093683117415174	0.0009093683117415174	0.003636564181676091	0.002121455365045772	0.0003033247850893898	0.004545629471654282	0.0027274988916979	0.0003033247850893898	0.00848491239489311	0.0003033247850893898	3.0302176332606376e-07	0.0009093683117415174	0.0003033247850893898	0.0018184336017197085	0.0006063465484154536	0.0003033247850893898	3.0302176332606376e-07	0.0003033247850893898	3.0302176332606376e-07	3.0302176332606376e-07	3.0302176332606376e-07	3.0302176332606376e-07	3.0302176332606376e-07	0.0009093683117415174	3.0302176332606376e-07	3.0302176332606376e-07	0.0003033247850893898	3.0302176332606376e-07	3.0302176332606376e-07	3.0302176332606376e-07	3.0302176332606376e-07	3.0302176332606376e-07	0.0003033247850893898	3.0302176332606376e-07
4 5	0.0005253219073411965	0.006300975061517269	0.0005253219073411965	2.625296888261851e-07	0.008138682883300564	2.625296888261851e-07	0.0010503812849935667	0.0002627922185150113	0.0002627922185150113	0.003413148484429233	0.001837970351472122	0.001837970351472122	0.0028880891067768625	0.014439395415129008	2.625296888261851e-07	0.003413148484429233	0.0047257969285601584	0.0013129109738197516	0.0028880891067768625	0.005513385995038714	0.001837970351472122	0.003938207862081603	0.015752043859259934	0.001837970351472122	0.0015754406626459368	0.03491671114357145	0.0005253219073411965	0.006038445372691084	0.006826034439169639	0.00840121257212675	0.00840121257212675	0.009188801638605306	0.011814098526867156	0.010763979771562416	0.06169473940384233	0.003675678173255418	0.016802162614564676	0.06353244722562564	0.010501450082736232	0.0517186112284473	0.0708832785127588	0.0252031126570026	0.07009568944628025	0.20398583074763468	0.04436777994131411	0.019427459502826528	0.061169680026189964	0.019689989191652713	0.014701925103955193	0.019689989191652713	0.00787615319447438	0.004988326617386343	0.013389276659824268	0.003675678173255418	0.002100500040298307	0.009188801638605306	0.0015754406626459368	0.002100500040298307	0.0028880891067768625	0.0010503812849935667	0.0002627922185150113	0.002100500040298307	0.0013129109738197516	0.0007878515961673816	0.003150618795603048	0.0005253219073411965	2.625296888261851e-07	0.0005253219073411965	0.0007878515961673816	2.625296888261851e-07	2.625296888261851e-07	0.0002627922185150113	0.0007878515961673816	2.625296888261851e-07	2.625296888261851e-07	2.625296888261851e-07	0.0002627922185150113	2.625296888261851e-07	2.625296888261851e-07	0.0007878515961673816	2.625296888261851e-07	2.625296888261851e-07	2.625296888261851e-07	2.625296888261851e-07	2.625296888261851e-07	0.0010503812849935667	2.625296888261851e-07	0.0002627922185150113	2.625296888261851e-07	2.625296888261851e-07	2.625296888261851e-07	2.625296888261851e-07	2.625296888261851e-07
5 1	7.377845201445791e-08	7.385223046647236e-05	7.377845201445791e-08	7.377845201445791e-08	7.377845201445791e-08	7.377845201445791e-08	7.377845201445791e-08	7.377845201445791e-08	7.377845201445791e-08	7.377845201445791e-08	7.377845201445791e-08	7.377845201445791e-08	7.377845201445791e-08	7.377845201445791e-08	7.385223046647236e-05	7.377845201445791e-08	0.0002214091344953882	7.377845201445791e-08	7.385223046647236e-05	7.377845201445791e-08	0.00014763068248093027	7.377845201445791e-08	0.0002214091344953882	7.385223046647236e-05	7.377845201445791e-08	0.0014756428187411726	0.0005165229425532199	0.0002214091344953882	0.0002214091344953882	7.377845201445791e-08	0.00014763068248093027	0.0002951875865098461	7.385223046647236e-05	7.377845201445791e-08	0.0005165229425532199	7.385223046647236e-05	0.0002951875865098461	0.0016969781747845465	0.0005903013945676778	0.0002214091344953882	0.0006640798465821357	0.0004427444905387619	0.0005903013945676778	0.0014018643667267146	0.0016969781747845465	0.000368966038524304	0.013353973593068898	0.0005165229425532199	0.003984110187232741	0.005607236131550816	0.0008116367506110515	0.00368899637917491	0.0065663560077387694	0.0025085411469435836	0.007820589691984554	0.03342171254100145	0.0022872057909002095	0.013353973593068898	0.08691109025148344	0.011214398484649618	0.026855430311714695	0.09355115093278465	0.03283148492488579	0.019698920466312275	0.07178650758851957	0.027740771735888188	0.016600225481705047	0.23646001248478965	0.017780680713936372	0.013722865853141187	0.04625916319151713	0.019625142014297818	0.013944201209184562	0.0259700888875412	0.01254241062090986	0.021026932602572518	0.0245682982992665	0.004648116255362863	0.0028036549550014152	0.016674003933719504	0.002729876502986957	0.002877433407015873	0.006492577555724311	0.004648116255362863	0.0022872057909002095	0.004943230063420696	0.0011067505586688832	0.0010329721066544251	0.01010772170443275	7.377845201445791e-08	0.0034676610231315365	0.009148601828244797	0.0016231997227700884
5 2	1.4882961137760706e-07	1.4882961137760706e-07	1.4882961137760706e-07	1.4882961137760706e-07	1.4882961137760706e-07	0.00014897844098898464	1.4882961137760706e-07	1.4882961137760706e-07	1.4882961137760706e-07	1.4882961137760706e-07	1.4882961137760706e-07	1.4882961137760706e-07	1.4882961137760706e-07	1.4882961137760706e-07	1.4882961137760706e-07	1.4882961137760706e-07	1.4882961137760706e-07	1.4882961137760706e-07	1.4882961137760706e-07	0.0002978080523665917	1.4882961137760706e-07	1.4882961137760706e-07	0.00044663766374419876	0.00014897844098898464	1.4882961137760706e-07	0.00044663766374419876	1.4882961137760706e-07	0.00014897844098898464	0.0002978080523665917	1.4882961137760706e-07	0.00014897844098898464	0.0002978080523665917	0.0002978080523665917	0.0002978080523665917	0.001488444943387448	0.00014897844098898464	0.0008931264978770198	0.001934933777520269	0.00044663766374419876	0.0008931264978770198	0.001934933777520269	0.0002978080523665917	0.0002978080523665917	0.0038697187254291606	0.001934933777520269	0.002827911445785911	0.017115554138036188	0.0008931264978770198	0.00639982211884848	0.01205534735119755	0.005953333284715659	0.014287791521861656	0.025301182763804577	0.02455703470691654	0.017115554138036188	0.23217434257867836	0.0363145740057475	0.020985124033853973	0.1314166956760384	0.05432295698243795	0.02664064926620304	0.06578283705851369	0.06503868900162565	0.009971732791911051	0.030361389550643218	0.032296174498552106	0.001637274554765055	0.04569083952253674	0.004465037170939589	0.0007442968864994128	0.009227584735023015	0.00639982211884848	0.004018548336806768	0.008781095900890193	0.007590459009869337	0.006697481341603695	0.007590459009869337	0.002530252223030697	0.0005954672751218057	0.010864710460176693	0.0020837633888978763	0.001339615332009841	0.004167377948184375	0.0020837633888978763	0.001786104166142662	0.001934933777520269	0.0005954672751218057	0.001786104166142662	0.005655674061960445	0.0002978080523665917	0.002827911445785911	0.007739288621246944	0.001934933777520269
5 3	2.0759408215701874e-07	2.0759408215701874e-07	2.0759408215701874e-07	2.0759408215701874e-07	2.0759408215701874e-07	2.0759408215701874e-07	2.0759408215701874e-07	2.0759408215701874e-07	0.00020780167623917574	2.0759408215701874e-07	2.0759408215701874e-07	2.0759408215701874e-07	0.00020780167623917574	0.00020780167623917574	2.0759408215701874e-07	0.00041539575839619447	2.0759408215701874e-07	0.00041539575839619447	2.0759408215701874e-07	0.00020780167623917574	0.00020780167623917574	2.0759408215701874e-07	0.00020780167623917574	2.0759408215701874e-07	0.00020780167623917574	0.00041539575839619447	0.0006229898405532132	0.00041539575839619447	0.0018685543334953255	0.00020780167623917574	2.0759408215701874e-07	0.00041539575839619447	0.0014533661691812881	0.0014533661691812881	0.003114118826437438	0.0012457720870242693	0.0014533661691812881	0.0033217129085944563	0.0008305839227102319	0.0016609602513383067	0.005812841894478681	0.0018685543334953255	0.0014533661691812881	0.007266000469577812	0.005812841894478681	0.0051900596480076245	0.043387370764899076	0.007266000469577812	0.02740262643880863	0.040481053614700814	0.03632917197156044	0.041311429943328884	0.1812298413171595	0.07099738369178256	0.02615706194586652	0.13618192548908645	0.04234940035411398	0.0060204359766357	0.058541738762361434	0.02117480397409807	0.006435624140949737	0.031554508081949005	0.025326685617238442	0.005397653730164644	0.010172317619776074	0.01079509986624713	0.002283742497809363	0.028025408685279685	0.003944495155065513	0.0010381780048672505	0.015154575591544525	0.0026989306621234004	0.007473594551734831	0.011210288030561169	0.005812841894478681	0.0016609602513383067	0.008926753126833963	0.004152089237222531	0.0014533661691812881	0.007473594551734831	0.0020761484156523445	0.0014533661691812881	0.0018685543334953255	0.0018685543334953255	0.00020780167623917574	0.00041539575839619447	0.0006229898405532132	0.0010381780048672505	0.0045672774015365685	0.00020780167623917574	0.0018685543334953255	0.0045672774015365685	0.0012457720870242693
5 4	2.625296888261851e-07	2.625296888261851e-07	2.625296888261851e-07	2.625296888261851e-07	2.625296888261851e-07	0.0002627922185150113	2.625296888261851e-07	0.0010503812849935665	2.625296888261851e-07	2.625296888261851e-07	2.625296888261851e-07	2.625296888261851e-07	2.625296888261851e-07	0.0007878515961673815	2.625296888261851e-07	2.625296888261851e-07	0.0002627922185150113	2.625296888261851e-07	2.625296888261851e-07	2.625296888261851e-07	0.0007878515961673815	0.0002627922185150113	2.625296888261851e-07	2.625296888261851e-07	0.0007878515961673815	0.0005253219073411964	2.625296888261851e-07	0.0005253219073411964	0.0031506187956030474	0.0007878515961673815	0.0013129109738197516	0.0021005000402983067	0.0002627922185150113	0.0010503812849935665	0.0028880891067768625	0.0021005000402983067	0.0015754406626459366	0.009188801638605304	0.0021005000402983067	0.0036756781732554178	0.013389276659824267	0.004988326617386343	0.00787615319447438	0.01968998919165271	0.014701925103955191	0.01968998919165271	0.06116968002618996	0.019427459502826525	0.04436777994131411	0.20398583074763466	0.07009568944628024	0.025203112657002598	0.0708832785127588	0.051718611228447293	0.01050145008273623	0.06353244722562562	0.016802162614564676	0.0036756781732554178	0.061694739403842326	0.010763979771562415	0.011814098526867156	0.009188801638605304	0.008401212572126749	0.008401212572126749	0.006826034439169638	0.006038445372691083	0.0005253219073411964	0.03491671114357145	0.0015754406626459366	0.0018379703514721218	0.01575204385925993	0.003938207862081602	0.0018379703514721218	0.005513385995038713	0.0028880891067768625	0.0013129109738197516	0.004725796928560158	0.0034131484844292324	2.625296888261851e-07	0.014439395415129007	0.0028880891067768625	0.0018379703514721218	0.0018379703514721218	0.0034131484844292324	0.0002627922185150113	0.0002627922185150113	0.0010503812849935665	2.625296888261851e-07	0.008138682883300564	2.625296888261851e-07	0.0005253219073411964	0.006300975061517268	0.0005253219073411964
5 5	0.00013670954466161515	0.0009561473748011665	0.00013670954466161515	1.3657297168992524e-07	0.0034144608652198205	1.3657297168992524e-07	0.00013670954466161515	0.0008195744031112413	0.00027328251635154037	0.0013658662898709422	0.0005464284597313908	0.00013670954466161515	0.0004098554880414656	0.0019121581766306432	1.3657297168992524e-07	0.0004098554880414656	0.0013658662898709422	0.00027328251635154037	0.0004098554880414656	0.0008195744031112413	0.000683001431421316	0.0005464284597313908	0.0019121581766306432	1.3657297168992524e-07	0.00013670954466161515	0.020759228269840328	0.0008195744031112413	0.000683001431421316	0.0023218770917004185	0.003004741950150045	0.0019121581766306432	0.004643617610429147	0.009287098647886606	0.0015024392615608675	0.024583271477158233	0.002595023035080269	0.004370471667049298	0.030592482231514943	0.003004741950150045	0.014613444543793692	0.02212495798673958	0.01352086077027429	0.02157866609997988	0.05449275227725186	0.02553928227898771	0.016798612090832495	0.40889961381260786	0.016798612090832495	0.02553928227898771	0.05449275227725186	0.02157866609997988	0.01352086077027429	0.02212495798673958	0.014613444543793692	0.003004741950150045	0.030592482231514943	0.004370471667049298	0.002595023035080269	0.024583271477158233	0.0015024392615608675	0.009287098647886606	0.004643617610429147	0.0019121581766306432	0.003004741950150045	0.0023218770917004185	0.000683001431421316	0.0008195744031112413	0.020759228269840328	0.00013670954466161515	1.3657297168992524e-07	0.0019121581766306432	0.0005464284597313908	0.000683001431421316	0.0008195744031112413	0.0004098554880414656	0.00027328251635154037	0.0013658662898709422	0.0004098554880414656	1.3657297168992524e-07	0.0019121581766306432	0.0004098554880414656	0.00013670954466161515	0.0005464284597313908	0.0013658662898709422	0.00027328251635154037	0.0008195744031112413	0.00013670954466161515	1.3657297168992524e-07	0.0034144608652198205	1.3657297168992524e-07	0.00013670954466161515	0.0009561473748011665	0.00013670954466161515
